-- phpMyAdmin SQL Dump
-- version 5.2.1
-- https://www.phpmyadmin.net/
--
-- 主機： 127.0.0.1
-- 產生時間： 2024-07-05 04:39:43
-- 伺服器版本： 10.4.32-MariaDB
-- PHP 版本： 8.2.12

SET SQL_MODE = "NO_AUTO_VALUE_ON_ZERO";
START TRANSACTION;
SET time_zone = "+00:00";


/*!40101 SET @OLD_CHARACTER_SET_CLIENT=@@CHARACTER_SET_CLIENT */;
/*!40101 SET @OLD_CHARACTER_SET_RESULTS=@@CHARACTER_SET_RESULTS */;
/*!40101 SET @OLD_COLLATION_CONNECTION=@@COLLATION_CONNECTION */;
/*!40101 SET NAMES utf8mb4 */;

--
-- 資料庫： `nutripolls`
--

-- --------------------------------------------------------

--
-- 資料表結構 `class`
--

CREATE TABLE `class` (
  `class__i_d` int(5) NOT NULL,
  `class_name` varchar(255) NOT NULL,
  `class_description` text DEFAULT NULL,
  `c_price` int(10) NOT NULL,
  `c_discount_price` int(5) DEFAULT NULL,
  `f__speaker__i_d` int(5) NOT NULL,
  `current_person` int(5) NOT NULL,
  `class_person_limit` int(5) NOT NULL,
  `start_date` date NOT NULL,
  `end_date` date NOT NULL,
  `class_date` datetime NOT NULL,
  `class_end_date` datetime NOT NULL,
  `class_category__i_d` int(10) NOT NULL,
  `valid` tinyint(1) NOT NULL
) ENGINE=InnoDB DEFAULT CHARSET=utf8 COLLATE=utf8_general_ci;

--
-- 傾印資料表的資料 `class`
--

INSERT INTO `class` (`class__i_d`, `class_name`, `class_description`, `c_price`, `c_discount_price`, `f__speaker__i_d`, `current_person`, `class_person_limit`, `start_date`, `end_date`, `class_date`, `class_end_date`, `class_category__i_d`, `valid`) VALUES
(1, '營養師手作年菜上桌', ' 年菜雖然大多都是以「原型食材」來料理，但為了增加色香味往往會加入過多料理油或高油高鹽的食材，其實只要能夠辨識出菜色中的「地雷」並替換成有相近口感口味的食材，就能夠大幅降低身體負擔，大口享受美味之餘也不用感到罪惡。營養師Sabbi每逢過年也會為自己的家人煮一桌好料，就來跟營養師一起學習營養搭配的原則，在美味與營養之間取得平衡！松露菜飯 (實作)清燉獅子頭 (示範)爽脆鮮蝦鬆 (部分實作)這次老師特別挑選了大家都很熟悉的經典年菜菜色，要帶大家一一挑出料理中的地雷，並替換成更富含纖維、更低脂或是含有更多營養素的食材，例如做出低油版菜飯的松露菜飯、以秘製的比例做出多汁又不油膩的獅子頭、以及清爽美味的蝦鬆等。這些改良的食譜不但可以降低年菜餐桌的負擔，更可以從中學到營養師製作料理的邏輯，做為自己往後挑選餐食或備餐時的依據！本課程含有可能的過敏原食材，若您有忌口或過敏食材請評估自身狀況再進行報名，或聯繫我們以了解本堂課程會使用的食材。課程中恕不提供更換食材。', 1600, 1200, 26, 9, 15, '2024-05-12', '2024-05-30', '2024-06-07 02:00:00', '2024-06-07 04:00:00', 1, 1),
(2, '大吉大利手作湯圓', '過年後的第一個月圓就是元宵節，象徵著春天的到來。元宵節除了看花燈、猜燈謎，另一個必做的就是吃象徵月圓的湯圓！今年就來窩廚房與孩子一起學習製作手工湯圓，元宵時煮來享用親手包裹的可愛湯圓吧！造型花生湯圓(實作)＊小提醒：1.親子課程報名一位 =一大人＋一兒童2.兒童為4-12歲3.課程限報名學員進場（一大人＋一兒童）4.學員名稱請填寫兒童姓名5. 每組可帶9顆造型湯圓回家湯圓是台灣人都很熟悉的食物，但製作過程就不是人人都曉得。中式甜點較西式簡單，材料及器具也更容易取得，非常適合與孩子一起學習，日後可以也在家自己做。', 1600, 1400, 4, 9, 15, '2024-05-12', '2024-05-30', '2024-06-07 02:00:00', '2024-06-07 04:00:00', 1, 1),
(3, '草莓季！生巧克力草莓塔', '當季酸香的草莓是許多人又愛又怕的水果，獨特的香氣及鮮紅的外表讓人難以抗拒，但同時也有讓人眉頭緊皺的酸味。將草莓與甜甜的食材一起品嘗，甜味平衡了草莓的酸味而留下香氣，與甜味融合的草莓甜點就成了大家都喜愛的心頭好！巧克力塔皮(部分實作)莓果生巧克力(實作)XX老師這次要帶大家一起利用當季的草莓製作生巧克力塔，莓果的酸與巧克力的油脂甜味非常搭配，是很經典的口味組合。課程中會示範酥脆甜點塔皮的做法，以及變化做成巧克力塔皮的方法；做為內餡的生巧克力也不能馬虎，對於甜點的溫度相當要求的XX老師會帶大家認識怎麼在製作中控制巧克力的溫度，發揮巧克力完整的香氣，並且讓口感更加滑順。＊蛋糕為圓形6吋大小，窩廚房將提供外帶提盒。＊蛋糕上裝飾依季節及講師現場示範為主。＊課程實際教學時長可能依現場學習狀況調整。本課程含有可能的過敏原食材，若您有忌口或過敏食材請評估自身狀況再進行報名，或聯繫我們以了解本堂課程會使用的食材。課程中恕不提供更換食材。', 1600, 1499, 6, 9, 15, '2024-05-12', '2024-05-30', '2024-06-07 06:00:00', '2024-06-07 11:00:00', 6, 1),
(4, '暖心和洋食—裙襬蛋包飯', '柔軟滑嫩的蛋包飯是很多人的療癒美食首選！原型來自法國的歐姆蛋，到日本被改良成包著米飯的蛋包飯， 如今已經有許多變化的形式，搭配的醬料也有非常多種，共同點都是需是小心控制火侯，讓煎蛋成形又不過於熟硬，維持軟嫩的迷人口感。裙襬蛋包飯(實作)紅酒味噌牛肉醬(示範)想要做出完美口感的蛋包飯，火侯的控制是關鍵，一個失神就會不小心煎的太硬，或是蛋皮還沒熟就塑形造成失敗，這次就來跟著XX師傅一起學習不會失敗的秘訣吧！搭配蛋包飯的醬汁從咖哩、番茄醬到紅酒燉肉都有，這次XX師傅改良了日本傳統的土手煮，以味噌為基底，再加入紅酒增加風味層次，做出獨門紅酒味噌牛肉醬。只要抓住食材調味比例，以時間慢慢燉煮入味，就能端出一鍋濃郁醬汁及軟嫩牛肉，搭上金黃蛋包飯，最美味的和洋食堂就在你家！本課程含有可能的過敏原食材，若您有忌口或過敏食材請評估自身狀況再進行報名，或聯繫我們以了解本堂課程會使用的食材。課程中恕不提供更換食材。', 960, 860, 11, 9, 15, '2024-05-12', '2024-05-30', '2024-06-07 02:00:00', '2024-06-07 04:00:00', 2, 1),
(5, '開運元宵手工菜', '元宵節是傳統春節的最後一天，家家戶戶點上燈籠，希望來年一切順利。與許多傳統節日一樣，元宵節也有吃特定食物以象徵好運的習俗，各地吃的食物不盡相同，共同的是對福氣滿滿的期望。餃子、麵條及湯圓都是被寄予吉祥寓意的象徵性食物：餃子外型狀似元寶代表著財源廣進、長長的麵條代表喜慶綿綿不斷，而湯圓則是圓滾滾的象徵著團圓。趁著節慶與李璐老師一起學習這些食材的美味料理，元宵時與家人朋友一起享用討個吉利吧！韭黃蝦仁手工餃 (實作)歷史悠久的餃子內餡千變萬化，可以包進許多象徵福氣的食材討吉利，也可以依照個人口味調配。李璐老師這次要教大家最方便準備的韭黃蝦仁內餡，除了容易上手外，也會傳授絕不失敗的黃金比例及家傳包餃的手法，輕鬆包出各種不同形狀的餃子。雪菜肉絲煨麵 (示範)煨麵是以高湯煮製麵條的手法，使麵條吸飽鮮美的湯汁。李璐老師考量到一般人家中不會常備高湯，要教大家快速熬出雪白濃湯的方法！另外將麵放進高湯中煨煮時，很容易將麵條煮到軟爛失去口感，其實只需要一些小技巧就能煮出口感Ｑ彈的煨麵，輕鬆就能完成美味的煨麵！甜酒釀湯圓 (示範)米與酒麴經過發酵後成為酒釀，富含澱粉本身的甜味與發酵過後的多種層次，與湯圓加在一起清香爽口。李璐老師在家也會做簡單的發酵，酒釀便是其中之一，這次不只會帶來與學員們分享，還會傳授大家在家自製酒釀的小秘訣！本課程含有可能的過敏原食材，若您有忌口或過敏食材請評估自身狀況再進行報名，或聯繫我們以了解本堂課程會使用的食材。課程中恕不提供更換食材。', 2200, 2100, 16, 9, 15, '2024-05-12', '2024-05-30', '2024-06-05 02:00:00', '2024-06-05 04:00:00', 1, 1),
(6, 'T.G.I.F. 韓食小酒館', '辛苦了一整周，週五晚上最適合來上一些邪惡美食搭配啤酒！擅長將複雜的料理簡單化的咚咚老師，這次要教大家用最輕鬆簡便的方式複製韓式酒館中的經典放縱料理！洋釀炸雞 (實作)邪惡部隊鍋(示範)韓國炸雞酥脆的外皮加上濃稠的甜辣醬汁讓人欲罷不能，但是在家使用了大量的油油炸過後，剩下的油只能丟掉，對於一次只做幾人份的家庭來說相當不划算。咚咚老師要教大家不用油炸也能做出酥脆炸雞的做法，搭配秘製韓國洋釀醬汁比例，在家輕鬆就能享用「半半炸雞」！在韓式料理中獨具風格的部隊鍋，最標誌性的就是橘紅色的湯頭配上韓國泡麵及半融化的起司，讓人看了口水直流！將老師的特調湯底比例記下來，煮出一鍋辛香濃郁的鍋物其實一點都不難，在家煮還能盡情加入自己喜歡的火鍋料，澎湃的一鍋也相當聚餐時適合端出來款待家人朋友！本課程含有可能的過敏原食材，若您有忌口或過敏食材請評估自身狀況再進行報名，或聯繫我們以了解本堂課程會使用的食材。課程中恕不提供更換食材。', 960, 890, 10, 9, 15, '2024-05-02', '2024-05-25', '2024-06-05 02:00:00', '2024-06-05 04:00:00', 4, 1),
(7, '春遊野餐趣', '春天又是帶孩子出門放電的好季節，無論是春遊、賞花還是野餐，必不可少的就是帶一籃好吃的餐點！這次布魯媽媽要帶孩子們一起製作適合帶出門郊遊的餐點，今年野餐就帶著孩子一起料理，為出遊增添難忘的回憶吧！飯糰總匯三明治 (實作)?啦咖哩炸雞 (實作)花椰菜菌菇濃湯 (示範)＊小提醒：1.親子課程報名一位 =一大人＋一兒童2.兒童為4-12歲3.課程限報名學員進場（一大人＋一兒童）4.學員名稱請填寫兒童姓名野餐最適合準備好拿的餐點。布魯媽媽這次設計了大人小孩都會喜歡的飯糰總匯三明治，以米飯跟海苔取代吐司，包裹著蔬菜、火腿及起司，切面顏色討喜，讓人食慾大開！第二道是酥脆的咖哩炸雞，學習布魯媽媽不外傳的粉漿調製比例，無論是哪種口味或肉類，只要裹上特調粉漿就能做出?啦?啦的炸物。最後是布魯媽媽最擅長的一鍋到底湯品，善用食材原來的甜味炒出香味，再偷偷加入多種蔬菜，讓孩子在不知不覺中吃下大量的纖維素，用最簡單美味的方式讓孩子補充營養！本課程含有可能的過敏原食材，若您有忌口或過敏食材請評估自身狀況再進行報名，或聯繫我們以了解本堂課程會使用的食材。課程中恕不提供更換食材。', 1600, 1550, 17, 9, 15, '2024-05-02', '2024-05-25', '2024-06-05 02:00:00', '2024-06-05 04:00:00', 1, 1),
(8, '質感餐桌基礎手機攝影—春遊繽紛野餐盒', '春季是百花盛放的季節，舒適的天氣也相當適合出遊，帶上一盒手作的餐點，搭配大自然的美景，怎麼拍都好看！花毬壽司(實作)加碼享用—清爽沙拉春日野餐情境布置基礎手機攝影本課程含有可能的過敏原食材，若您有忌口或過敏食材請評估自身狀況再進行報名，或聯繫我們以了解本堂課程會使用的食材。課程中恕不提供更換食材。本業是食物造型師的Pepe老師相當熟悉食材的特性及組合，能夠用身邊好取得的食材料理出一桌好菜，也擅長將辛苦料理的成果調整妝點，變成餐桌上最美的主角！老師這次要以春日野餐作為主題，不僅要教大家輕鬆就能料理出美味餐點的訣竅，還有擺盤技巧、餐桌布置及手機攝影的大原則，掌握了這些基礎原則與邏輯，只要使用手機就能隨時拍出專業感的美照，出去野餐質感滿滿！', 3200, 3000, 6, 9, 15, '2024-05-02', '2024-05-25', '2024-06-04 02:00:00', '2024-06-04 04:00:00', 1, 1),
(9, '營養師的減脂餐桌—地中海饗宴', '春節期間與家人相聚，免不了大餐及小零食一口接一口，許多人過節後都擔心體重上升，想要開始控制飲食。營養師XX這次就要帶大家一起學習地中海飲食法，控制飲食不代表一定只能吃水煮餐，地中海飲食就是很好的例子，能在享受美味的同時吃進健康均衡！馬賽魚湯(示範)軟絲鑲飯(實作)加碼享用—無酒精柑橘雞尾酒XX營養師會教學怎麼依循地中海飲食的原則選用富含營養的食材，並搭配料理的小訣竅，烹飪出食材本身滿滿的鮮甜滋味，將食材利用得淋漓盡致。以被譽為世界三大湯頭之一的馬賽魚湯及吸滿鮮味的軟絲鑲飯做為演示，兩道菜都使用了天然低脂的食材，並搭配好油一起料理，不僅能攝取多種不同的營養素，也有助於降低身體負擔！掌握了地中海飲食的大原則，在自己日常生活的飲食中也能運用自如，養成良好的飲食習慣。本課程含有可能的過敏原食材，若您有忌口或過敏食材請評估自身狀況再進行報名，或聯繫我們以了解本堂課程會使用的食材。課程中恕不提供更換食材。', 1600, 1500, 17, 9, 15, '2024-05-02', '2024-05-25', '2024-06-03 02:00:00', '2024-06-03 04:00:00', 5, 1),
(10, '璐姊的招牌牛肉麵', '名字幾乎和牛肉麵劃上等號的璐姊，這次要把在「台北國際牛肉麵節」連年獲獎、打敗名店，讓評審為之著迷的招牌牛肉麵重現窩廚房啦！錯過真的太可惜！趕快手刀報名去～招牌紅燒牛肉麵（示範）可說是台灣國麵的「牛肉麵」，口味百家爭鳴，揪～竟～是怎樣的秘方湯頭和口味能讓評審一吃傾心？在競爭激烈的比賽中脫穎而出？快來窩廚房通通學回家！私房手炒酸菜（實作） 學員可帶一罐酸菜回家吃牛肉麵怎能沒有酸菜配呢？越是簡單越見真功夫，要炒出連名店都佩服的滋味，可得請璐姊出馬來指點，私房炒工、獨門調味，簡簡單單收服每張挑剔的嘴。快滷開胃豆包（示範）不只牛肉麵厲害，在眷村長大的璐姊，傳承了來自五湖四海的眷村媽媽手藝，做家常菜的功夫更是了得！快滷豆包、輕鬆上桌好開胃，和酸菜、牛肉麵很速配之外，當下酒菜也挺對味～', 1100, 1000, 11, 9, 15, '2024-04-25', '2024-05-24', '2024-06-03 02:00:00', '2024-06-03 04:00:00', 2, 1),
(11, '糖霜肉桂捲', '酥脆的外皮結合黑糖和肉桂的完美組合，外！酥！內！軟！每一口都是香氣大爆發！淋上惡之必要的糖霜，愛吃肉桂捲的你千萬別錯過，再也不用排隊等待，家裡就是肉桂捲天堂！註：本課程每位學員製作四顆肉桂捲', 1100, 999, 1, 2, 15, '2024-04-25', '2024-05-24', '2024-06-13 02:00:00', '2024-06-13 04:00:00', 3, 1),
(12, '新手基礎廚藝課程', '無論是對料理有興趣或是想為家人做一餐健康餐食亦或是想增進廚藝功力的每一個您，Vivian老師30年的廚藝資歷，能滿足每一位學生不同的做菜需求，以淺顯易懂的教學方式，讓您實際操作，從基礎家常菜教學中學會，『煎、滷、炒、炸、煨』中式家常菜的基本功夫，以最健康、少調味做出絕品美味家常菜！', 3500, 2999, 18, 2, 15, '2024-04-25', '2024-05-24', '2024-06-18 04:00:00', '2024-06-18 11:00:00', 1, 1),
(13, '台灣傳統輕食體驗', '經典米食：蘿蔔糕蘿蔔糕是台灣人早餐、點心喜歡吃的庶民美食，米製糕點是蘊藏的祝福的食物，在過年吃蘿蔔糕寓意步步高升、好運暢旺一整年；如何調製出又軟又Q的蘿蔔米漿，有撇步告訴您…。美味羹湯：肉羹湯肉羹湯是台灣傳統羹類料理具代表性的其中一種，我們從製作肉羹開始用台灣五種基本調味料，讓您學會調製如夜市般好吃的肉羹湯底，手工製作不藏私一次學會台灣在地美味料理。人氣甜品：豆花甜點豆花，我們將教您如何用黃金比例讓豆漿凝固成綿密、柔滑、爽口的古早味甜品。', 1900, 1899, 26, 2, 15, '2024-04-25', '2024-05-24', '2024-06-18 02:00:00', '2024-06-18 11:00:00', 1, 1),
(14, '台灣傳統甜點體驗', '經典甜點：鳳凰酥鳳凰酥是台灣最受歡迎的伴手禮之一，我們特別研發以手炒金鑽土鳳梨及新鮮鹹蛋黃為餡料，融入頂級乳製品的餅皮，鳳梨餡的自然酸甜與鹹蛋黃的鹹香，一口咬下散發濃郁的奶香味、酥酥軟軟風味絕佳，百吃不膩！古早味糕點：桂圓蛋糕桂圓糕是台灣民間的滋補點心，桂圓或稱福圓，有活血保暖的效果，亦是台灣古早味代表點心之一。銘茶品茗：高山烏龍茶台灣多高山，高山雲霧繚繞、平均日照短，茶葉含豐富兒茶素，我們精選1000公尺以上高山烏龍茶與您品茗，烏龍茶清新甘甜、香氣十足，搭配鳳凰酥、桂圓糕甜而不膩，是午後最悠閒、最愜意的時刻。', 1800, 1599, 10, 2, 15, '2024-04-25', '2024-05-24', '2024-05-30 02:00:00', '2024-05-30 04:00:00', 6, 1),
(15, '南洋之味', '時令主題課程  南洋之味椰香鮮蝦叻沙米粉泰式魚餅炸冬粉沙拉西瓜檸檬香茅凍飲     ＊本課程使用蝦、香菜學習重點 - 使用各式辛香料自製叻沙醬，搭配鮮蝦做出濃郁南洋風味米粉湯。將魚肉用紅咖哩醬、香菜等調味做成魚餅，搭配加了蔬菜丁的酸甜沾醬。學習油炸技巧及油溫判斷。製作檸檬香茅凍，搭配冰涼的西瓜冰沙變化出消暑聖品。', 2300, 2000, 11, 10, 15, '2024-04-25', '2024-05-24', '2024-05-30 02:00:00', '2024-05-30 06:00:00', 4, 1),
(16, '味旅春日時光', '時令主題課程  味旅春日時光烤牛肉披薩炸魚薯條黑橄欖芝麻葉沙拉檸檬可樂學習重點 - 學習烤牛肉的烹調技巧。手工披薩餅皮，並自製披薩醬汁。學習油炸技巧及油溫判斷的方式。製作清爽的檸檬果凍搭配可樂，增加飲品飲用的豐富度。', 2300, 2000, 11, 10, 20, '2024-04-25', '2024-05-24', '2024-05-30 02:00:00', '2024-05-30 06:00:00', 3, 1),
(17, '宴客台菜料理體驗', '烏魚子又稱為『烏金』，是上天賜給台灣美麗海域的寶物。要怎麼料理最美味呢？香氣迷人的三杯雞是哪三杯？五味中卷又是哪五味？如果你對在地台菜的豐富滋味感到好奇，你一定要來參加「經典台菜料理體驗」。這是 CookInn Taiwan 最道地風味的課程。您將會親手烹飪三道經典菜餚：烏魚子炒飯、三杯雞、五味中卷，加上現場手沖的木桶豆花。過程中，廚藝老師會與您分享各種烹飪技巧，怎麼用家中爐火炒出乾爽又香氣十足的炒飯、怎麼以簡單的醬料做出各種台菜的味型、海鮮要怎麼選購和完美烹調？這堂課讓您瞭解台灣料理的美味精髓和食材故事！', 2500, 2300, 23, 10, 15, '2024-04-25', '2024-05-24', '2024-05-27 02:00:00', '2024-05-27 09:00:00', 1, 1),
(18, '傳統台式早餐體驗', '豐富多元又營養的台式早餐，充份展現台灣人重視早晨的態度，是造訪台灣不可錯過的美食。在2個小時的課程中，帶您從現磨黃豆開始、熬煮風味十足的鮮豆漿，並調製經典的鹹豆漿。接著跟著老師的指導一層一層做出彈牙香Q的蔥油餅，再調製完美粉漿、煎出回味無窮的古早味蛋餅！這四道佳餚一次學回家，做給家人吃幸福又健康。', 2200, 2100, 18, 13, 20, '2024-04-25', '2024-05-24', '2024-05-27 05:00:00', '2024-05-27 11:00:00', 1, 1),
(19, '夜市小吃手作體驗', '夜幕低垂，霓虹燈映亮街頭，台灣的夜市散發獨特的魔力，滿足人們的目光和味蕾。這堂課中，我們將教您烹煮3款最具特色的夜市小吃 – 鹽酥雞、蚵仔煎、炸地瓜球！在CookInn料理講師的指導下，您將一步步探索鮮嫩雞肉的醃漬秘方，親手製作彩色多變的地瓜球，解構蚵仔煎的粉漿和醬汁，並學習如何炸出香酥可口的鹽酥雞、和外脆內軟的炸地瓜球。不管您是料理行家或新手，這堂豐富的課程將帶給您知識與味覺的饗宴。將台灣的夜市小吃技巧學起來，帶回家中廚房跟親朋好友分享！', 2500, 2499, 14, 13, 15, '2024-04-25', '2024-05-24', '2024-05-27 02:00:00', '2024-05-27 04:00:00', 1, 1),
(20, '西式料理', '1.西班牙墨魚鍋飯：同時具備大海與碳烤的風味，是墨魚飯的一大特色，充滿鹹、鮮、香的滋味搭配花枝鬆軟的口感，是西班牙招牌料理。 2.烤大蔥與烤鮮蔬配羅美斯科醬：碳烤是西班牙的特色，將大蔥等蔬菜碳烤後搭配由紅椒與堅果製作的「羅美斯科醬」，是加泰羅尼亞的傳統吃法，堅果的香氣與烤甜椒的焦香甜味讓這個醬成為百搭醬之一。 3.馬鈴薯青醬鮮蝦：煎過後的馬鈴薯帶出奶油香配上鮮甜玉米醬，上面放一支完美的白蝦淋上少許的青醬，既簡單、美味又有視覺感。4.煙燻香辣雞翅配蒜味蛋黃醬：煙燻風味一直是西班牙菜常有的風味，將它融入在雞翅裡頭是受歡迎的下酒菜，搭配Tapas小菜必備的蒜味蛋黃醬，不管搭配海鮮、雞肉、馬鈴薯都是完美的加分，滑順不膩同時帶出迷人的烤蒜香。', 2200, 2200, 6, 13, 15, '2024-04-30', '2024-05-23', '2024-05-26 01:00:00', '2024-05-26 04:00:00', 3, 1),
(21, '鄉村義大利', '燻鮭起士抹茶寬麵香煎豬排佐蕃茄洋蔥醬甜椒濃湯焦糖布丁  學習重點 - 學習使用杜蘭小麥粉和抹茶粉，自製義大利寬麵。學習處理豬排的技巧。了解以水浴法製作布丁的方式，同時學習煮焦糖的技巧。', 2500, 2450, 21, 13, 15, '2024-04-30', '2024-05-23', '2024-06-01 02:00:00', '2024-06-01 04:00:00', 3, 1),
(22, '咖啡廳風輕食', '自製燻鮭起司鹹派 紅蘿蔔芥末籽沙拉咖哩野菜湯咖啡凍聖代學習重點 - 學習製作鹹派麵團與免模具的塑形技巧。自製茅屋起士與運用。起士會放在鹹派中；乳清會用來煮湯。吉利丁的使用方式與變化。將咖啡凍、玉米片、冰淇淋等搭配組合，做出層次豐富的甜點。', 2400, 1900, 14, 13, 15, '2024-04-30', '2024-05-23', '2024-06-10 02:00:00', '2024-06-10 04:00:00', 4, 1),
(23, '日式魚料理-午魚一夜干', '1從最基礎的殺魚示範與分組實作2了解魚的各部位與如何去腥及切剖3日式醃漬用料與認識4醃漬魚與製作一夜干的正確步驟5蜜汁腰果完美醬汁比例6小魚乾及腰果煮製時的時間掌握與熟成7保存與接單必學秘技8蟹肉奶油可樂餅的製作與技巧9柳葉魚佃煮醬汁製作', 2200, 2100, 17, 8, 10, '2024-04-30', '2024-05-23', '2024-06-10 02:00:00', '2024-06-10 04:00:00', 4, 1);

-- --------------------------------------------------------

--
-- 資料表結構 `class_categories`
--

CREATE TABLE `class_categories` (
  `class_cate__i_d` int(5) NOT NULL,
  `class_cate_name` varchar(255) NOT NULL,
  `c_description` text NOT NULL,
  `valid` tinyint(2) NOT NULL DEFAULT 1
) ENGINE=InnoDB DEFAULT CHARSET=utf8 COLLATE=utf8_general_ci;

--
-- 傾印資料表的資料 `class_categories`
--

INSERT INTO `class_categories` (`class_cate__i_d`, `class_cate_name`, `c_description`, `valid`) VALUES
(1, '台式料理', '台式料理是以豐富的口味和多元的食材組合而聞名。特色菜餚包括滷肉飯、小吃攤美食、臭豆腐等，突顯了台灣獨特的烹飪風格和美食文化。', 1),
(2, '中式料理', '中式料理是中國傳統烹飪的代表，涵蓋了廣泛的風味和食材。包括川菜、粵菜、湘菜等，以其獨特的調味和烹飪技巧而聞名。', 1),
(3, '西式料理', '西式料理是源自歐洲，包括法國、義大利、英國等國的傳統美食。以牛排、披薩、漢堡等為代表，強調乳製品、肉類和烘焙技巧。', 1),
(4, '異國料理', '異國料理是指的是非中、西式的國際美食，包括印度咖哩、墨西哥塔科、壽司等，突顯了各國獨特的烹飪風格和傳統。', 1),
(5, '健康養生/素食', '健康養生/素食料理是注重食材的新鮮和天然，以蔬菜、水果、堅果等為主，強調平衡的飲食和養生效果。', 1),
(6, '烘焙/點心', '烘焙/點心料理是涵蓋了各種點麵、蛋糕、甜點等，強調烘焙技藝和創意，是甜點愛好者的理想選擇。', 1);

-- --------------------------------------------------------

--
-- 資料表結構 `class_image`
--

CREATE TABLE `class_image` (
  `image__i_d` int(5) NOT NULL,
  `f__class__i_d` int(5) NOT NULL,
  `image__u_r_l` varchar(255) NOT NULL,
  `description` text DEFAULT NULL,
  `sort_order` int(5) NOT NULL,
  `upload_date` datetime DEFAULT NULL
) ENGINE=InnoDB DEFAULT CHARSET=utf8 COLLATE=utf8_general_ci;

--
-- 傾印資料表的資料 `class_image`
--

INSERT INTO `class_image` (`image__i_d`, `f__class__i_d`, `image__u_r_l`, `description`, `sort_order`, `upload_date`) VALUES
(1, 1, '23_UzfVAtzihk.jpg', '年菜雖然大多都是以「原型食材」來料理，但為了增加色香味往往會加入過多料理油或高油高鹽的食材，其實只要能夠辨識出菜色中的「地雷」並替換成有相近口感口味的食材，就能夠大幅降低身體負擔，大口享受美味之餘也不用感到罪惡。營養師Sabbi每逢過年也會為自己的家人煮一桌好料，就來跟營養師一起學習營養搭配的原則，在美味與營養之間取得平衡！\n\n松露菜飯 (實作)\n清燉獅子頭 (示範)\n爽脆鮮蝦鬆 (部分實作)', 0, '1901-01-01 04:00:00'),
(2, 1, '40_sWicKSxrqJ.jpg', '這次老師特別挑選了大家都很熟悉的經典年菜菜色，要帶大家一一挑出料理中的地雷，並替換成更富含纖維、更低脂或是含有更多營養素的食材，例如做出低油版菜飯的松露菜飯、以秘製的比例做出多汁又不油膩的獅子頭、以及清爽美味的蝦鬆等。這些改良的食譜不但可以降低年菜餐桌的負擔，更可以從中學到營養師製作料理的邏輯，做為自己往後挑選餐食或備餐時的依據！\n\n本課程含有可能的過敏原食材，若您有忌口或過敏食材請評估自身狀況再進行報名，或聯繫我們以了解本堂課程會使用的食材。課程中恕不提供更換食材。', 1, '1901-01-01 04:00:00'),
(3, 2, '46_sDbPBNzEOf.jpg', '過年後的第一個月圓就是元宵節，象徵著春天的到來。元宵節除了看花燈、猜燈謎，另一個必做的就是吃象徵月圓的湯圓！今年就來窩廚房與孩子一起學習製作手工湯圓，元宵時煮來享用親手包裹的可愛湯圓吧！\n\n造型花生湯圓(實作)\n＊小提醒：\n1.親子課程報名一位 =一大人＋一兒童\n2.兒童為4-12歲\n3.課程限報名學員進場（一大人＋一兒童）\n4.學員名稱請填寫兒童姓名\n5. 每組可帶9顆造型湯圓回家\n\n湯圓是台灣人都很熟悉的食物，但製作過程就不是人人都曉得。中式甜點較西式簡單，材料及器具也更容易取得，非常適合與孩子一起學習，日後可以也在家自己做。', 0, '1901-01-01 04:00:00'),
(4, 3, '9_roqXEUjvyu.jpg', '當季酸香的草莓是許多人又愛又怕的水果，獨特的香氣及鮮紅的外表讓人難以抗拒，但同時也有讓人眉頭緊皺的酸味。將草莓與甜甜的食材一起品嘗，甜味平衡了草莓的酸味而留下香氣，與甜味融合的草莓甜點就成了大家都喜愛的心頭好！\n\n巧克力塔皮(部分實作)\n莓果生巧克力(實作)', 0, '1901-01-01 04:00:00'),
(5, 3, '10_BEdJhSEVXZ.jpg', 'XX老師這次要帶大家一起利用當季的草莓製作生巧克力塔，莓果的酸與巧克力的油脂甜味非常搭配，是很經典的口味組合。課程中會示範酥脆甜點塔皮的做法，以及變化做成巧克力塔皮的方法；做為內餡的生巧克力也不能馬虎，對於甜點的溫度相當要求的XX老師會帶大家認識怎麼在製作中控制巧克力的溫度，發揮巧克力完整的香氣，並且讓口感更加滑順。\n\n＊蛋糕為圓形6吋大小，窩廚房將提供外帶提盒。\n＊蛋糕上裝飾依季節及講師現場示範為主。\n＊課程實際教學時長可能依現場學習狀況調整。\n\n本課程含有可能的過敏原食材，若您有忌口或過敏食材請評估自身狀況再進行報名，或聯繫我們以了解本堂課程會使用的食材。課程中恕不提供更換食材。', 1, '1901-01-01 04:00:00'),
(6, 4, '55_RXrFCpOsEV.jpg', '柔軟滑嫩的蛋包飯是很多人的療癒美食首選！原型來自法國的歐姆蛋，到日本被改良成包著米飯的蛋包飯， 如今已經有許多變化的形式，搭配的醬料也有非常多種，共同點都是需是小心控制火侯，讓煎蛋成形又不過於熟硬，維持軟嫩的迷人口感。\n\n裙襬蛋包飯(實作)\n紅酒味噌牛肉醬(示範)\n\n想要做出完美口感的蛋包飯，火侯的控制是關鍵，一個失神就會不小心煎的太硬，或是蛋皮還沒熟就塑形造成失敗，這次就來跟著XX師傅一起學習不會失敗的秘訣吧！\n\n搭配蛋包飯的醬汁從咖哩、番茄醬到紅酒燉肉都有，這次XX師傅改良了日本傳統的土手煮，以味噌為基底，再加入紅酒增加風味層次，做出獨門紅酒味噌牛肉醬。只要抓住食材調味比例，以時間慢慢燉煮入味，就能端出一鍋濃郁醬汁及軟嫩牛肉，搭上金黃蛋包飯，最美味的和洋食堂就在你家！\n\n本課程含有可能的過敏原食材，若您有忌口或過敏食材請評估自身狀況再進行報名，或聯繫我們以了解本堂課程會使用的食材。課程中恕不提供更換食材。', 0, '1901-01-01 04:00:00'),
(7, 5, '3_UiGLnSOEVm.jpg', '元宵節是傳統春節的最後一天，家家戶戶點上燈籠，希望來年一切順利。與許多傳統節日一樣，元宵節也有吃特定食物以象徵好運的習俗，各地吃的食物不盡相同，共同的是對福氣滿滿的期望。\n\n餃子、麵條及湯圓都是被寄予吉祥寓意的象徵性食物：餃子外型狀似元寶代表著財源廣進、長長的麵條代表喜慶綿綿不斷，而湯圓則是圓滾滾的象徵著團圓。趁著節慶與李璐老師一起學習這些食材的美味料理，元宵時與家人朋友一起享用討個吉利吧！', 0, '1901-01-01 04:00:00'),
(8, 5, '41_oZwWNcTwkU.jpg', '韭黃蝦仁手工餃 (實作)\n歷史悠久的餃子內餡千變萬化，可以包進許多象徵福氣的食材討吉利，也可以依照個人口味調配。李璐老師這次要教大家最方便準備的韭黃蝦仁內餡，除了容易上手外，也會傳授絕不失敗的黃金比例及家傳包餃的手法，輕鬆包出各種不同形狀的餃子。\n\n雪菜肉絲煨麵 (示範)\n煨麵是以高湯煮製麵條的手法，使麵條吸飽鮮美的湯汁。李璐老師考量到一般人家中不會常備高湯，要教大家快速熬出雪白濃湯的方法！另外將麵放進高湯中煨煮時，很容易將麵條煮到軟爛失去口感，其實只需要一些小技巧就能煮出口感Ｑ彈的煨麵，輕鬆就能完成美味的煨麵！\n\n甜酒釀湯圓 (示範)\n米與酒麴經過發酵後成為酒釀，富含澱粉本身的甜味與發酵過後的多種層次，與湯圓加在一起清香爽口。李璐老師在家也會做簡單的發酵，酒釀便是其中之一，這次不只會帶來與學員們分享，還會傳授大家在家自製酒釀的小秘訣！', 1, '1901-01-01 04:00:00'),
(9, 5, '47_oChEGBQVxG.jpg', '本課程含有可能的過敏原食材，若您有忌口或過敏食材請評估自身狀況再進行報名，或聯繫我們以了解本堂課程會使用的食材。課程中恕不提供更換食材。', 2, '1901-01-01 04:00:00'),
(10, 6, '61_RFIYNnNKxB.jpg', '辛苦了一整周，週五晚上最適合來上一些邪惡美食搭配啤酒！擅長將複雜的料理簡單化的咚咚老師，這次要教大家用最輕鬆簡便的方式複製韓式酒館中的經典放縱料理！\n\n洋釀炸雞 (實作)\n邪惡部隊鍋(示範)\n\n韓國炸雞酥脆的外皮加上濃稠的甜辣醬汁讓人欲罷不能，但是在家使用了大量的油油炸過後，剩下的油只能丟掉，對於一次只做幾人份的家庭來說相當不划算。咚咚老師要教大家不用油炸也能做出酥脆炸雞的做法，搭配秘製韓國洋釀醬汁比例，在家輕鬆就能享用「半半炸雞」！\n\n在韓式料理中獨具風格的部隊鍋，最標誌性的就是橘紅色的湯頭配上韓國泡麵及半融化的起司，讓人看了口水直流！將老師的特調湯底比例記下來，煮出一鍋辛香濃郁的鍋物其實一點都不難，在家煮還能盡情加入自己喜歡的火鍋料，澎湃的一鍋也相當聚餐時適合端出來款待家人朋友！\n\n本課程含有可能的過敏原食材，若您有忌口或過敏食材請評估自身狀況再進行報名，或聯繫我們以了解本堂課程會使用的食材。課程中恕不提供更換食材。', 0, '1901-01-01 04:00:00'),
(11, 7, '19_cWnpsZwsHy.jpg', '春天又是帶孩子出門放電的好季節，無論是春遊、賞花還是野餐，必不可少的就是帶一籃好吃的餐點！這次布魯媽媽要帶孩子們一起製作適合帶出門郊遊的餐點，今年野餐就帶著孩子一起料理，為出遊增添難忘的回憶吧！\n\n飯糰總匯三明治 (實作)\n卡啦咖哩炸雞 (實作)\n花椰菜菌菇濃湯 (示範)', 0, '1901-01-01 04:00:00'),
(12, 7, '51_PiWrBAFNOr.jpg', '＊小提醒：\n1.親子課程報名一位 =一大人＋一兒童\n2.兒童為4-12歲\n3.課程限報名學員進場（一大人＋一兒童）\n4.學員名稱請填寫兒童姓名\n\n野餐最適合準備好拿的餐點。布魯媽媽這次設計了大人小孩都會喜歡的飯糰總匯三明治，以米飯跟海苔取代吐司，包裹著蔬菜、火腿及起司，切面顏色討喜，讓人食慾大開！第二道是酥脆的咖哩炸雞，學習布魯媽媽不外傳的粉漿調製比例，無論是哪種口味或肉類，只要裹上特調粉漿就能做出?啦?啦的炸物。最後是布魯媽媽最擅長的一鍋到底湯品，善用食材原來的甜味炒出香味，再偷偷加入多種蔬菜，讓孩子在不知不覺中吃下大量的纖維素，用最簡單美味的方式讓孩子補充營養！\n\n本課程含有可能的過敏原食材，若您有忌口或過敏食材請評估自身狀況再進行報名，或聯繫我們以了解本堂課程會使用的食材。課程中恕不提供更換食材。', 1, '1901-01-01 04:00:00'),
(13, 8, '24_WBHwjjnqUG.jpg', '春季是百花盛放的季節，舒適的天氣也相當適合出遊，帶上一盒手作的餐點，搭配大自然的美景，怎麼拍都好看！\n\n花毬壽司(實作)\n加碼享用—清爽沙拉\n春日野餐情境布置\n基礎手機攝影', 0, '1901-01-01 04:00:00'),
(14, 8, '39_ALVDjJgTHT.jpg', '本課程含有可能的過敏原食材，若您有忌口或過敏食材請評估自身狀況再進行報名，或聯繫我們以了解本堂課程會使用的食材。課程中恕不提供更換食材。\n\n本業是食物造型師的Pepe老師相當熟悉食材的特性及組合，能夠用身邊好取得的食材料理出一桌好菜，也擅長將辛苦料理的成果調整妝點，變成餐桌上最美的主角！老師這次要以春日野餐作為主題，不僅要教大家輕鬆就能料理出美味餐點的訣竅，還有擺盤技巧、餐桌布置及手機攝影的大原則，掌握了這些基礎原則與邏輯，只要使用手機就能隨時拍出專業感的美照，出去野餐質感滿滿！', 1, '1901-01-01 04:00:00'),
(15, 9, '45_bDYwagqIcx.jpg', '春節期間與家人相聚，免不了大餐及小零食一口接一口，許多人過節後都擔心體重上升，想要開始控制飲食。營養師XX這次就要帶大家一起學習地中海飲食法，控制飲食不代表一定只能吃水煮餐，地中海飲食就是很好的例子，能在享受美味的同時吃進健康均衡！\n\n馬賽魚湯(示範)\n軟絲鑲飯(實作)\n加碼享用—無酒精柑橘雞尾酒\n\nXX營養師會教學怎麼依循地中海飲食的原則選用富含營養的食材，並搭配料理的小訣竅，烹飪出食材本身滿滿的鮮甜滋味，將食材利用得淋漓盡致。以被譽為世界三大湯頭之一的馬賽魚湯及吸滿鮮味的軟絲鑲飯做為演示，兩道菜都使用了天然低脂的食材，並搭配好油一起料理，不僅能攝取多種不同的營養素，也有助於降低身體負擔！掌握了地中海飲食的大原則，在自己日常生活的飲食中也能運用自如，養成良好的飲食習慣。\n\n本課程含有可能的過敏原食材，若您有忌口或過敏食材請評估自身狀況再進行報名，或聯繫我們以了解本堂課程會使用的食材。課程中恕不提供更換食材。', 0, '1901-01-01 04:00:00'),
(16, 10, '6_DIxuwCvHSu.jpg', '名字幾乎和牛肉麵劃上等號的璐姊，這次要把在「台北國際牛肉麵節」連年獲獎、打敗名店，讓評審為之著迷的招牌牛肉麵重現窩廚房啦！錯過真的太可惜！趕快手刀報名去～\n\n招牌紅燒牛肉麵（示範）\n可說是台灣國麵的「牛肉麵」，口味百家爭鳴，揪～竟～是怎樣的秘方湯頭和口味能讓評審一吃傾心？在競爭激烈的比賽中脫穎而出？快來窩廚房通通學回家！\n\n私房手炒酸菜（實作） 學員可帶一罐酸菜回家\n吃牛肉麵怎能沒有酸菜配呢？越是簡單越見真功夫，要炒出連名店都佩服的滋味，可得請璐姊出馬來指點，私房炒工、獨門調味，簡簡單單收服每張挑剔的嘴。\n\n快滷開胃豆包（示範）\n不只牛肉麵厲害，在眷村長大的璐姊，傳承了來自五湖四海的眷村媽媽手藝，做家常菜的功夫更是了得！快滷豆包、輕鬆上桌好開胃，和酸菜、牛肉麵很速配之外，當下酒菜也挺對味～', 0, '1901-01-01 04:00:00'),
(17, 11, '60_ejKvWKOqCS.jpg', '酥脆的外皮結合黑糖和肉桂的完美組合，外！酥！內！軟！每一口都是香氣大爆發！\n\n淋上惡之必要的糖霜，愛吃肉桂捲的你千萬別錯過，再也不用排隊等待，家裡就是肉桂捲天堂！\n\n註：本課程每位學員製作四顆肉桂捲', 0, '1901-01-01 04:00:00'),
(18, 12, '31_MvXugZTQsM.jpg', '無論是對料理有興趣或是想為家人做一餐健康餐食亦或是想增進廚藝功力的每一個您，', 0, '1901-01-01 04:00:00'),
(19, 12, '38_yMIGaLGAfJ.jpg', 'Vivian老師30年的廚藝資歷，能滿足每一位學生不同的做菜需求，', 1, '1901-01-01 04:00:00'),
(20, 12, '48_JjvVNuJeDO.jpg', '以淺顯易懂的教學方式，讓您實際操作，', 2, '1901-01-01 04:00:00'),
(21, 12, '52_HJYDRDKjgI.jpg', '從基礎家常菜教學中學會，『煎、滷、炒、炸、煨』中式家常菜的基本功夫，', 3, '1901-01-01 04:00:00'),
(22, 12, '59_jKIRAJtFaF.jpg', '以最健康、少調味做出絕品美味家常菜！', 4, '1901-01-01 04:00:00'),
(23, 13, '8_sxVeYmWVRr.jpg', '經典米食：蘿蔔糕\n蘿蔔糕是台灣人早餐、點心喜歡吃的庶民美食，米製糕點是蘊藏的祝福的食物，\n在過年吃蘿蔔糕寓意步步高升、好運暢旺一整年；如何調製出又軟又Q的蘿蔔米漿，有撇步告訴您…。\n\n美味羹湯：肉羹湯\n肉羹湯是台灣傳統羹類料理具代表性的其中一種，我們從製作肉羹開始用台灣五種基本調味料，\n讓您學會調製如夜市般好吃的肉羹湯底，手工製作不藏私一次學會台灣在地美味料理。\n\n人氣甜品：豆花\n甜點豆花，我們將教您如何用黃金比例讓豆漿凝固成綿密、柔滑、爽口的古早味甜品。', 0, '1901-01-01 04:00:00'),
(24, 14, '7_pnfoDoWrUa.jpg', '經典甜點：鳳凰酥\n鳳凰酥是台灣最受歡迎的伴手禮之一，我們特別研發以手炒金鑽土鳳梨及新鮮鹹蛋黃為餡料，\n融入頂級乳製品的餅皮，鳳梨餡的自然酸甜與鹹蛋黃的鹹香，\n一口咬下散發濃郁的奶香味、酥酥軟軟風味絕佳，百吃不膩！', 0, '1901-01-01 04:00:00'),
(25, 14, '34_gqsIgxxBPI.jpg', '古早味糕點：桂圓蛋糕\n桂圓糕是台灣民間的滋補點心，桂圓或稱福圓，有活血保暖的效果，\n亦是台灣古早味代表點心之一。', 1, '1901-01-01 04:00:00'),
(26, 14, '57_xjNpAnhjZd.jpg', '銘茶品茗：高山烏龍茶\n台灣多高山，高山雲霧繚繞、平均日照短，茶葉含豐富兒茶素，\n我們精選1000公尺以上高山烏龍茶與您品茗，\n烏龍茶清新甘甜、香氣十足，搭配鳳凰酥、桂圓糕甜而不膩，是午後最悠閒、最愜意的時刻。', 2, '1901-01-01 04:00:00'),
(27, 15, '25_JcehImBtVc.jpg', '時令主題課程  南洋之味', 0, '1901-01-01 04:00:00'),
(28, 15, '26_OTACbPlQhS.jpg', '椰香鮮蝦叻沙米粉\n泰式魚餅\n炸冬粉沙拉\n西瓜檸檬香茅凍飲', 1, '1901-01-01 04:00:00'),
(29, 15, '27_czPppuRNwG.jpg', '＊本課程使用蝦、香菜', 2, '1901-01-01 04:00:00'),
(30, 15, '28_ZDUUCQhBPr.jpg', '學習重點 - \n使用各式辛香料自製叻沙醬，搭配鮮蝦做出濃郁南洋風味米粉湯。\n將魚肉用紅咖哩醬、香菜等調味做成魚餅，搭配加了蔬菜丁的酸甜沾醬。\n學習油炸技巧及油溫判斷。', 3, '1901-01-01 04:00:00'),
(31, 15, '29_prvIcgwtLA.jpg', '製作檸檬香茅凍，搭配冰涼的西瓜冰沙變化出消暑聖品。', 4, '1901-01-01 04:00:00'),
(32, 16, '14_FGQwpShTnl.jpg', '時令主題課程  味旅春日時光', 0, '1901-01-01 04:00:00'),
(33, 16, '15_eknfSHvyJb.jpg', '烤牛肉披薩\n炸魚薯條\n黑橄欖芝麻葉沙拉\n檸檬可樂', 1, '1901-01-01 04:00:00'),
(34, 16, '16_PYeLHMFNXL.jpg', '學習重點 - ', 2, '1901-01-01 04:00:00'),
(35, 16, '17_uyRMnkRbKX.jpg', '學習烤牛肉的烹調技巧。\n手工披薩餅皮，並自製披薩醬汁。\n學習油炸技巧及油溫判斷的方式。', 3, '1901-01-01 04:00:00'),
(36, 16, '18_dEFOiQneTC.jpg', '製作清爽的檸檬果凍搭配可樂，增加飲品飲用的豐富度。', 4, '1901-01-01 04:00:00'),
(37, 17, '5_AeoBzxAfxY.jpg', '烏魚子又稱為『烏金』，是上天賜給台灣美麗海域的寶物。', 0, '1901-01-01 04:00:00'),
(38, 17, '2_gZclRbCtRu.jpg', '要怎麼料理最美味呢？香氣迷人的三杯雞是哪三杯？五味中卷又是哪五味？如果你對在地台菜的豐富滋味感到好奇，你一定要來參加「經典台菜料理體驗」。', 1, '1901-01-01 04:00:00'),
(39, 17, '1_MVMlYcSvoU.jpg', '這是 CookInn Taiwan 最道地風味的課程。您將會親手烹飪三道經典菜餚：烏魚子炒飯、三杯雞、五味中卷，加上現場手沖的木桶豆花。過程中，廚藝老師會與您分享各種烹飪技巧，怎麼用家中爐火炒出乾爽又香氣十足的炒飯、怎麼以簡單的醬料做出各種台菜的味型、海鮮要怎麼選購和完美烹調？', 2, '1901-01-01 04:00:00'),
(40, 17, '35_OtYOEDTVRZ.jpg', '這堂課讓您瞭解台灣料理的美味精髓和食材故事！', 3, '1901-01-01 04:00:00'),
(41, 18, '53_wEbWCKdaIZ.jpg', '豐富多元又營養的台式早餐，充份展現台灣人重視早晨的態度，是造訪台灣不可錯過的美食。', 0, '1901-01-01 04:00:00'),
(42, 18, '58_FCFBClKvvJ.jpg', '在2個小時的課程中，帶您從現磨黃豆開始、熬煮風味十足的鮮豆漿，並調製經典的鹹豆漿。', 1, '1901-01-01 04:00:00'),
(43, 18, '44_ALhnAzsgFu.jpg', '接著跟著老師的指導一層一層做出彈牙香Q的蔥油餅，再調製完美粉漿、煎出回味無窮的古早味蛋餅！這四道佳餚一次學回家，做給家人吃幸福又健康。', 2, '1901-01-01 04:00:00'),
(44, 19, '43_gZLWhfBHRW.jpg', '夜幕低垂，霓虹燈映亮街頭，台灣的夜市散發獨特的魔力，滿足人們的目光和味蕾。這堂課中，我們將教您烹煮3款最具特色的夜市小吃 – 鹽酥雞、蚵仔煎、炸地瓜球！', 0, '1901-01-01 04:00:00'),
(45, 19, '64_WCkRoLrxkz.jpg', '在CookInn料理講師的指導下，您將一步步探索鮮嫩雞肉的醃漬秘方，親手製作彩色多變的地瓜球，解構蚵仔煎的粉漿和醬汁，並學習如何炸出香酥可口的鹽酥雞、和外脆內軟的炸地瓜球。', 1, '1901-01-01 04:00:00'),
(46, 19, '11_cThkXwbwoa.jpg', '不管您是料理行家或新手，這堂豐富的課程將帶給您知識與味覺的饗宴。將台灣的夜市小吃技巧學起來，帶回家中廚房跟親朋好友分享！', 2, '1901-01-01 04:00:00'),
(47, 20, '54_DjVHwsYTNO.jpg', '1.西班牙墨魚鍋飯：\n同時具備大海與碳烤的風味，是墨魚飯的一大特色，充滿鹹、鮮、香的滋味搭配花枝鬆軟的口感，是西班牙招牌料理。', 0, '1901-01-01 04:00:00'),
(48, 20, '37_aGKEJWYhQv.jpg', '2.烤大蔥與烤鮮蔬配羅美斯科醬：\n碳烤是西班牙的特色，將大蔥等蔬菜碳烤後搭配由紅椒與堅果製作的「羅美斯科醬」，是加泰羅尼亞的傳統吃法，堅果的香氣與烤甜椒的焦香甜味讓這個醬成為百搭醬之一。', 1, '1901-01-01 04:00:00'),
(49, 20, '36_UbZORDuqmu.jpg', '3.馬鈴薯青醬鮮蝦：\n煎過後的馬鈴薯帶出奶油香配上鮮甜玉米醬，上面放一支完美的白蝦淋上少許的青醬，既簡單、美味又有視覺感。', 2, '1901-01-01 04:00:00'),
(50, 20, '13_uGVzBWQQUt.jpg', '4.煙燻香辣雞翅配蒜味蛋黃醬：\n煙燻風味一直是西班牙菜常有的風味，將它融入在雞翅裡頭是受歡迎的下酒菜，搭配Tapas小菜必備的蒜味蛋黃醬，不管搭配海鮮、雞肉、馬鈴薯都是完美的加分，滑順不膩同時帶出迷人的烤蒜香。', 3, '1901-01-01 04:00:00'),
(51, 21, '50_wjTuSZJJnV.jpg', '燻鮭起士抹茶寬麵\n香煎豬排佐蕃茄洋蔥醬\n甜椒濃湯\n焦糖布丁', 0, '1901-01-01 04:00:00'),
(52, 21, '49_guEpaqVfzA.jpg', '學習重點 - ', 1, '1901-01-01 04:00:00'),
(53, 21, '42_ISGutaNZOF.jpg', '學習使用杜蘭小麥粉和抹茶粉，自製義大利寬麵。', 2, '1901-01-01 04:00:00'),
(54, 21, '33_fxuwIYthBB.jpg', '學習處理豬排的技巧。', 3, '1901-01-01 04:00:00'),
(55, 21, '62_UUOIczwSnb.jpg', '了解以水浴法製作布丁的方式，同時學習煮焦糖的技巧。', 4, '1901-01-01 04:00:00'),
(56, 22, '21_XVVEtRQOeS.jpg', '自製燻鮭起司鹹派 \n紅蘿蔔芥末籽沙拉\n咖哩野菜湯\n咖啡凍聖代', 0, '1901-01-01 04:00:00'),
(57, 22, '20_WAdtpihmwN.jpg', '學習重點 - ', 1, '1901-01-01 04:00:00'),
(58, 22, '32_erpiMNocRA.jpg', '學習製作鹹派麵團與免模具的塑形技巧。', 2, '1901-01-01 04:00:00'),
(59, 22, '12_EOyGVgsTwy.jpg', '自製茅屋起士與運用。起士會放在鹹派中；乳清會用來煮湯。', 3, '1901-01-01 04:00:00'),
(60, 22, '22_MQiEJFRdeB.jpg', '吉利丁的使用方式與變化。將咖啡凍、玉米片、冰淇淋等搭配組合，做出層次豐富的甜點。', 4, '1901-01-01 04:00:00'),
(61, 23, '63_tAwXYrWypc.jpg', '1從最基礎的殺魚示範與分組實作\n2了解魚的各部位與如何去腥及切剖', 0, '1901-01-01 04:00:00'),
(62, 23, '30_TuKmVBybie.jpg', '3日式醃漬用料與認識\n4醃漬魚與製作一夜干的正確步驟', 1, '1901-01-01 04:00:00'),
(63, 23, '56_amciDRldew.jpg', '5蜜汁腰果完美醬汁比例\n6小魚乾及腰果煮製時的時間掌握與熟成', 2, '1901-01-01 04:00:00'),
(64, 23, '4_YRrEeOxGIF.jpg', '7保存與接單必學秘技\n8蟹肉奶油可樂餅的製作與技巧\n9柳葉魚佃煮醬汁製作', 3, '1901-01-01 04:00:00');

-- --------------------------------------------------------

--
-- 資料表結構 `coupons`
--

CREATE TABLE `coupons` (
  `coupon__i_d` int(11) NOT NULL,
  `member__i_d` int(11) NOT NULL,
  `c_name` varchar(20) NOT NULL,
  `c_code` varchar(255) NOT NULL,
  `discount_amount` decimal(7,2) DEFAULT NULL,
  `discount_type` enum('百分比','金額') NOT NULL,
  `coupon_description` text DEFAULT NULL,
  `valid_start_date` date NOT NULL,
  `valid_end_date` date NOT NULL,
  `coupon_image` varchar(50) DEFAULT NULL,
  `minimum_spend` int(10) UNSIGNED NOT NULL,
  `valid` tinyint(1) NOT NULL,
  `c_status` enum('已失效','可使用','已使用','已發送') NOT NULL
) ENGINE=InnoDB DEFAULT CHARSET=utf8 COLLATE=utf8_general_ci;

--
-- 傾印資料表的資料 `coupons`
--

INSERT INTO `coupons` (`coupon__i_d`, `member__i_d`, `c_name`, `c_code`, `discount_amount`, `discount_type`, `coupon_description`, `valid_start_date`, `valid_end_date`, `coupon_image`, `minimum_spend`, `valid`, `c_status`) VALUES
(1, 83, '天然選擇', 'FFUUUED1', 0.80, '百分比', '', '2024-02-05', '2024-02-20', '10%off.png', 3000, 1, '已失效'),
(2, 55, '天然好滋味', 'ISN2SHT4', 500.00, '金額', '滿5000折500年中清倉促銷', '2023-07-26', '2023-08-09', '-500.png', 5000, 1, '已失效'),
(3, 92, '天然饗宴', 'I0BF62RI', 500.00, '金額', '', '2024-02-02', '2024-03-02', '-500.png', 5000, 1, '已失效'),
(4, 17, '天然饗宴', 'DNS6XUJH', 500.00, '金額', '', '2022-04-30', '2022-05-28', '-500.png', 899, 1, '已失效'),
(5, 40, '天然選擇', 'YA1ZU4VD', 300.00, '金額', '', '2024-01-21', '2024-01-31', '-300.png', 3000, 1, '已失效'),
(6, 13, '清新一夏', '9GXFBIJ9', 0.90, '百分比', '', '2022-08-04', '2022-08-25', '10%off.png', 300, 1, '已失效'),
(7, 64, '綠色生活', 'D89PRB5S', 200.00, '金額', '', '2022-07-04', '2022-07-18', '-200.png', 0, 1, '已失效'),
(8, 29, '健康好心情', '0F6YE9EM', 0.90, '百分比', '', '2024-01-08', '2024-01-15', '10%off.png', 0, 1, '已失效'),
(9, 82, '健康生活家', '56BXBBK5', 300.00, '金額', '', '2023-04-04', '2023-04-25', '-300.png', 0, 1, '已失效'),
(10, 7, '蔬果滿分', '9BX98DWA', 0.85, '百分比', '85折優惠', '2024-05-01', '2024-05-30', '15off.png', 1999, 1, '可使用'),
(11, 22, '健康生活家', 'K3J9B7Z2', 200.00, '金額', '滿2000折200元', '2025-07-01', '2025-08-15', '-200.png', 2000, 1, '可使用'),
(12, 88, '清新一夏', 'F39BKP5W', 0.85, '百分比', '夏日特惠85折', '2025-09-10', '2025-09-30', '15off.png', 0, 1, '可使用'),
(13, 45, '天然好滋味', 'S29BX92F', 0.70, '百分比', '全館7折優惠', '2024-09-01', '2024-09-20', '30%off.png', 0, 1, '可使用'),
(14, 33, '綠色生活', 'FD89HB7N', 300.00, '金額', '', '2024-10-15', '2025-01-05', '-300.png', 0, 1, '可使用'),
(15, 66, '健康好心情', 'M0FLWQ3H', 0.75, '百分比', '75折優惠', '2025-02-20', '2025-03-10', '25%off.png', 0, 1, '已使用'),
(16, 77, '天然饗宴', 'LS92B9KJ', 500.00, '金額', '', '2024-07-15', '2024-08-10', '-500.png', 0, 1, '已使用'),
(17, 116, '蔬果滿分', 'R5KW74XC', 0.85, '百分比', '85折優惠', '2024-05-01', '2024-05-30', '15off.png', 1999, 1, '可使用'),
(18, 10, '天然選擇', '2MN8A93P', 300.00, '金額', '滿3000折300元', '2025-04-15', '2025-05-05', '-300.png', 3000, 1, '可使用'),
(19, 77, '健康生活家', '3F0MB67J', 0.80, '百分比', '', '2025-03-20', '2025-04-10', '20%off.png', 0, 1, '可使用'),
(20, 46, '綠色生活', 'PW59CK23', 200.00, '金額', '滿1000折200元', '2025-06-01', '2025-06-20', '-200.png', 1000, 1, '可使用'),
(21, 33, '清新一夏', 'B3NP0R9H', 500.00, '金額', '', '2025-07-10', '2025-07-30', '-500.png', 0, 1, '可使用'),
(22, 92, '天然饗宴', 'JN4N3MX2', 0.90, '百分比', '', '2024-11-15', '2024-12-05', '10%off.png', 0, 1, '可使用'),
(23, 15, '蔬果滿分', '59GB0ZCX', 0.85, '百分比', '85折優惠', '2024-05-01', '2024-05-30', '15off.png', 1999, 1, '可使用'),
(24, 74, '天然選擇', 'U0M5C3B9', 500.00, '金額', '滿2000折500元', '2025-08-01', '2025-08-20', '-500.png', 2000, 1, '可使用'),
(25, 29, '綠色生活', '8MF56ZNB', 0.85, '百分比', '85折優惠', '2025-09-01', '2025-09-15', '15off.png', 0, 1, '已使用'),
(26, 85, '天然好滋味', 'L9VMCJ27', 200.00, '金額', '滿1000折200元', '2024-10-20', '2024-11-05', '-200.png', 1000, 1, '已使用'),
(27, 42, '健康好心情', '52FWNC3P', 300.00, '金額', '', '2024-12-05', '2025-01-10', '-300.png', 0, 1, '可使用'),
(28, 61, '清新一夏', 'J25MXE3R', 0.70, '百分比', '7折優惠', '2024-12-20', '2025-01-10', '30%off.png', 0, 1, '可使用'),
(29, 11, '蔬果滿分', '5V29X5QP', 0.85, '百分比', '85折優惠', '2024-05-01', '2024-05-30', '15off.png', 1999, 1, '可使用'),
(30, 88, '天然選擇', 'HJ5N7MF8', 0.80, '百分比', '', '2024-09-05', '2024-09-25', '10%off.png', 0, 1, '可使用'),
(31, 33, '天然好滋味', 'G08U5B3K', 0.90, '百分比', '', '2024-11-10', '2024-12-01', '10%off.png', 0, 1, '已使用'),
(32, 76, '天然選擇', '1MN98F3J', 500.00, '金額', '滿3000折500元', '2025-01-10', '2025-01-30', '-500.png', 3000, 1, '已使用'),
(33, 22, '天然饗宴', '7DH35F9B', 0.75, '百分比', '75折優惠', '2024-11-05', '2024-12-20', '25%off.png', 0, 1, '可使用'),
(34, 56, '綠色生活', 'I4E5N6KJ', 200.00, '金額', '', '2024-12-15', '2025-01-05', '-200.png', 0, 1, '已使用'),
(35, 90, '清新一夏', 'A4P5B6D9', 0.85, '百分比', '85折優惠', '2025-08-20', '2025-09-10', '15off.png', 0, 1, '可使用'),
(36, 27, '健康生活家', 'C5F0M8NB', 0.90, '百分比', '9折優惠', '2025-06-15', '2025-07-05', '10%off.png', 0, 1, '已使用'),
(37, 81, '天然好滋味', '2K58VB43', 500.00, '金額', '滿2000折500元', '2024-12-10', '2025-01-01', '-500.png', 2000, 1, '可使用'),
(38, 43, '綠色生活', 'MB1R4J7W', 0.80, '百分比', '', '2025-02-05', '2025-02-25', '20%off.png', 0, 1, '可使用'),
(39, 62, '天然選擇', 'U24FJ5MP', 300.00, '金額', '', '2025-03-10', '2025-04-05', '-300.png', 0, 1, '可使用'),
(40, 99, '天然饗宴', 'P6N8J4B7', 0.70, '百分比', '7折優惠', '2025-04-20', '2025-05-10', '30%off.png', 0, 1, '可使用'),
(41, 55, '健康好朋友', 'YUA85974', 200.00, '金額', '二月過年檔期小優惠', '2024-02-01', '2024-02-10', NULL, 2000, 1, '已失效'),
(42, 71, '天然', 'YUA85974', 200.00, '金額', '測試測試123456', '2024-02-01', '2024-02-08', NULL, 2000, 1, '已失效'),
(43, 41, '冬天吃飽飽', 'YUA85974', 250.00, '金額', '寒流臨時檔期小優惠', '2024-02-03', '2024-03-01', NULL, 2500, 1, '已失效'),
(44, 92, '哈囉你好', 'SWOP5098', 0.85, '百分比', '測試測試123456', '2024-02-01', '2024-02-10', NULL, 5000, 1, '已失效'),
(45, 88, '春天要來了', 'YUA85974', 200.00, '金額', '', '2024-02-01', '2024-02-29', NULL, 2000, 1, '已失效'),
(46, 61, '春天要來了', 'YUA85974', 200.00, '金額', '二月過年檔期小優惠', '2024-02-02', '2024-02-29', NULL, 2000, 1, '已失效'),
(47, 99, '', 'YUA85974', 200.00, '金額', '', '2024-02-29', '2024-02-01', NULL, 1000, 1, '已失效'),
(48, 78, '123', 'YUA85974', 0.75, '百分比', '', '2024-02-23', '2024-02-02', NULL, 1000, 1, '已失效'),
(49, 76, '天然選擇', 'TUOP5098', 0.80, '百分比', '', '2024-02-01', '2024-02-02', NULL, 2000, 1, '已失效'),
(50, 98, '天然', 'SWOp5098', 200.00, '金額', '', '2024-02-01', '2024-02-02', NULL, 2000, 1, '已失效'),
(51, 47, '12345', 'TUOP5098', 0.85, '百分比', '', '2024-02-02', '2024-02-14', NULL, 3000, 1, '已失效'),
(52, 33, '天然', 'GTG552MM', 0.60, '金額', '', '2024-02-01', '2024-02-02', NULL, 1000, 1, '已失效'),
(53, 24, '11111111', 'PBLKX6B1', 0.50, '百分比', '', '2024-02-02', '2024-02-10', NULL, 3000, 1, '已失效'),
(54, 76, '', '5UF4U1GG', 0.50, '百分比', '', '2024-02-02', '2024-02-20', NULL, 1000, 1, '已失效'),
(55, 14, '123', 'O6AHB2IF', 300.00, '金額', '', '2024-02-05', '2024-02-28', NULL, 3000, 1, '已失效'),
(56, 68, '龍年發大財', 'ZWBV4A1W', 0.85, '百分比', '二月過年檔期小優惠', '2024-02-26', '2024-03-06', NULL, 2500, 1, '已失效'),
(57, 76, '秋天特惠', 'ABCD1234', 0.90, '百分比', '秋季限定特惠', '2024-05-10', '2024-09-15', '10%off.png', 2000, 1, '可使用'),
(58, 24, '夏日優惠', 'EFGH5678', 0.85, '百分比', '夏季消暑折扣', '2024-07-01', '2024-08-31', NULL, 3000, 1, '已使用'),
(59, 88, '清爽一夏', 'IJKL9012', 300.00, '金額', '滿2000減200', '2024-05-15', '2024-08-31', '-300.png', 2999, 1, '可使用'),
(60, 55, '冬日暖心', 'MNOP3456', 0.70, '百分比', '冬季限定優惠', '2024-10-20', '2024-12-31', NULL, 1500, 1, '已使用'),
(61, 12, '新年好運', 'QRST7890', 300.00, '金額', '新年快樂滿3000送300', '2024-11-01', '2025-01-01', NULL, 3000, 1, '可使用'),
(62, 68, '健康生活', 'UVWX1234', 0.90, '百分比', '保健品優惠', '2024-09-01', '2024-11-30', NULL, 2500, 1, '可使用'),
(63, 33, '綠色環保', 'YZAB5678', 150.00, '金額', '節能環保減150', '2024-08-15', '2024-10-31', NULL, 1000, 1, '已使用'),
(64, 41, '夏日優惠', 'CDEF9012', 0.80, '百分比', '夏季限定折扣', '2024-07-01', '2024-09-30', NULL, 2000, 1, '可使用'),
(65, 92, '冬季促銷', 'GHIJ3456', 200.00, '金額', '冬季限定折扣', '2024-12-01', '2025-02-28', NULL, 2500, 1, '已使用'),
(66, 47, '慶祝六一', 'KLMN7890', 0.60, '百分比', '兒童節優惠', '2024-06-01', '2024-06-30', NULL, 1000, 1, '可使用'),
(67, 61, '春日特賣', 'OPQR1234', 100.00, '金額', '春季限定特價', '2024-04-01', '2024-06-30', NULL, 1500, 1, '已使用'),
(68, 76, '健康生活', 'STUV5678', 0.85, '百分比', '保健品折扣', '2024-10-01', '2024-12-31', NULL, 2000, 1, '已使用'),
(69, 14, '夏日瘋狂', 'WXYZ9012', 250.00, '金額', '夏日狂歡滿2000送250', '2024-07-01', '2024-08-31', NULL, 2000, 1, '可使用'),
(70, 88, '冬季大銷售', 'ABCD3456', 0.75, '百分比', '冬季狂歡折扣', '2024-11-15', '2024-12-31', NULL, 3000, 1, '已使用'),
(71, 24, '新年快樂', 'EFGH7890', 200.00, '金額', '滿2000減200', '2024-12-01', '2025-02-28', NULL, 2000, 1, '已使用'),
(72, 55, '秋季促銷', 'IJKL1234', 0.70, '百分比', '秋季限定折扣', '2024-09-15', '2024-11-30', NULL, 2500, 1, '已使用'),
(73, 12, '健康生活', 'MNOP5678', 300.00, '金額', '滿3000減300', '2024-07-01', '2024-09-30', NULL, 3000, 1, '可使用'),
(74, 68, '冬日暖心', 'QRST9012', 0.80, '百分比', '冬季限定折扣', '2024-12-01', '2025-02-28', NULL, 2500, 1, '可使用'),
(75, 33, '夏日優惠', 'UVWX1234', 200.00, '金額', '滿2000減200', '2024-07-01', '2024-09-30', NULL, 2000, 1, '可使用'),
(76, 41, '夏季特賣', 'YZAB5678', 0.90, '百分比', '夏季限定折扣', '2024-08-01', '2024-09-30', NULL, 1500, 1, '已使用'),
(77, 29, '清新生活', 'ABCDE001', 0.75, '百分比', '夏季限定折扣', '2024-07-01', '2024-09-30', NULL, 1500, 1, '可使用'),
(78, 92, '健康生活', 'FGHIJ002', 200.00, '金額', '滿2000減200', '2024-08-01', '2024-09-30', NULL, 2000, 1, '可使用'),
(79, 55, '秋季促銷', 'KLMNO003', 0.70, '百分比', '秋季限定折扣', '2024-09-15', '2024-11-30', NULL, 2500, 1, '已使用'),
(80, 12, '健康生活', 'PQRST004', 300.00, '金額', '滿3000減300', '2024-07-01', '2024-09-30', NULL, 3000, 1, '可使用'),
(81, 68, '冬日暖心', 'UVWXY005', 0.80, '百分比', '冬季限定折扣', '2024-12-01', '2025-02-28', NULL, 2500, 1, '可使用'),
(82, 33, '夏日優惠', 'ZABCD006', 200.00, '金額', '滿2000減200', '2024-07-01', '2024-09-30', NULL, 2000, 1, '可使用'),
(83, 41, '夏季特賣', 'EFGHI007', 0.90, '百分比', '夏季限定折扣', '2024-08-01', '2024-09-30', NULL, 1500, 1, '已使用'),
(84, 76, '健康生活', 'JKLMNOP8', 200.00, '金額', '滿2000減200', '2024-12-01', '2025-02-28', NULL, 2000, 1, '已使用'),
(85, 24, '新年快樂', 'QRS9012', 0.85, '百分比', '滿2000減200', '2024-12-01', '2025-02-28', NULL, 2000, 1, '已使用'),
(86, 55, '秋季促銷', 'TUVW3456', 0.70, '百分比', '秋季限定折扣', '2024-09-15', '2024-11-30', NULL, 2500, 1, '已使用'),
(87, 12, '健康生活', 'XYZA7890', 300.00, '金額', '滿3000減300', '2024-07-01', '2024-09-30', NULL, 3000, 1, '可使用'),
(88, 68, '冬日暖心', 'BCDE1234', 0.80, '百分比', '冬季限定折扣', '2024-12-01', '2025-02-28', NULL, 2500, 1, '可使用'),
(89, 33, '夏日優惠', 'FGHI5678', 200.00, '金額', '滿2000減200', '2024-07-01', '2024-09-30', NULL, 2000, 1, '可使用'),
(90, 41, '夏季特賣', 'JKLM9012', 0.90, '百分比', '夏季限定折扣', '2024-08-01', '2024-09-30', NULL, 1500, 1, '已使用'),
(91, 76, '健康生活', 'OPQR3456', 200.00, '金額', '滿2000減200', '2024-12-01', '2025-02-28', NULL, 2000, 1, '已使用'),
(92, 24, '新年快樂', 'STUV7890', 0.85, '百分比', '滿2000減200', '2024-12-01', '2025-02-28', NULL, 2000, 1, '已使用'),
(93, 55, '秋季促銷', 'WXYZ3456', 0.70, '百分比', '秋季限定折扣', '2024-09-15', '2024-11-30', NULL, 2500, 1, '已使用'),
(94, 12, '健康生活', 'ABCD7890', 300.00, '金額', '滿3000減300', '2024-07-01', '2024-09-30', NULL, 3000, 1, '可使用'),
(95, 68, '冬日暖心', 'EFGH1234', 0.80, '百分比', '冬季限定折扣', '2024-12-01', '2025-02-28', NULL, 2500, 1, '可使用'),
(96, 33, '夏日優惠', 'IJKL5678', 200.00, '金額', '滿2000減200', '2024-07-01', '2024-09-30', NULL, 2000, 1, '可使用'),
(97, 41, '夏季特賣', 'MNOP9012', 0.90, '百分比', '夏季限定折扣', '2024-08-01', '2024-09-30', NULL, 1500, 1, '已使用'),
(98, 1, '氣死了好氣喔', '', 100.00, '金額', '阿好氣喔', '2024-05-22', '2031-05-15', NULL, 500, 1, '可使用'),
(100, 1, 'LV3會員福利', '', 100.00, '金額', 'LV3才能領', '2024-05-22', '2024-05-30', NULL, 50, 1, '已發送'),
(101, 1, 'LV1會員福利', '', 0.95, '百分比', 'LV1才能領', '2024-05-03', '2024-05-17', '5off.png', 1000, 1, '已發送'),
(102, 1, 'LV1會員福利', '', 0.95, '百分比', 'LV1才能領', '2024-05-01', '2024-05-29', '5off.png', 1000, 1, '已發送'),
(103, 1, 'LV1會員福利', '', 0.95, '百分比', 'LV1才能領', '2024-05-01', '2024-05-31', '5off.png', 1000, 1, '已發送'),
(104, 116, 'LV1會員福利', '', 0.95, '百分比', 'LV1才能領', '2024-05-01', '2024-05-31', '5off.png', 1000, 1, '可使用'),
(105, 116, '清爽一夏', 'IJKL9012', 300.00, '金額', '滿2999減300', '2024-05-15', '2024-08-31', '-300.png', 2999, 1, '可使用'),
(106, 116, '秋天特惠', 'ABCD1234', 0.90, '百分比', '秋季限定特惠', '2024-05-10', '2024-09-15', '10off.png', 2000, 1, '可使用'),
(107, 119, '蔬果滿分', 'R5KW74XC', 0.85, '百分比', '85折優惠', '2024-05-01', '2024-05-30', '15off.png', 1999, 1, '可使用'),
(108, 119, 'LV1會員福利', '', 0.95, '百分比', 'LV1才能領', '2024-05-01', '2024-05-31', '5off.png', 1000, 1, '可使用'),
(109, 119, '清爽一夏', 'IJKL9012', 300.00, '金額', '滿2999減300', '2024-05-15', '2024-08-31', '-300.png', 2999, 1, '可使用'),
(110, 119, '秋天特惠', 'ABCD1234', 0.90, '百分比', '秋季限定特惠', '2024-05-10', '2024-09-15', '10off.png', 2000, 1, '可使用');

-- --------------------------------------------------------

--
-- 資料表結構 `example`
--

CREATE TABLE `example` (
  `id` int(11) NOT NULL,
  `name` varchar(255) NOT NULL,
  `img` varchar(255) DEFAULT NULL,
  `info` text DEFAULT NULL,
  `created_at` datetime NOT NULL,
  `updated_at` datetime NOT NULL
) ENGINE=InnoDB DEFAULT CHARSET=utf8 COLLATE=utf8_general_ci;

--
-- 傾印資料表的資料 `example`
--

INSERT INTO `example` (`id`, `name`, `img`, `info`, `created_at`, `updated_at`) VALUES
(1, 'Nike', '', 'This is the description of the brand', '2024-05-19 06:33:28', '2024-05-19 06:33:28'),
(2, 'adidas', '', 'This is the description of the brand', '2024-05-19 06:33:28', '2024-05-19 06:33:28'),
(3, 'PUMA', '', 'This is the description of the brand', '2024-05-19 06:33:28', '2024-05-19 06:33:28'),
(4, 'New Balance', '', 'This is the description of the brand', '2024-05-19 06:33:28', '2024-05-19 06:33:28');

-- --------------------------------------------------------

--
-- 資料表結構 `favor_class`
--

CREATE TABLE `favor_class` (
  `id` int(11) NOT NULL,
  `cid` int(11) NOT NULL,
  `uid` int(11) NOT NULL,
  `created_at` datetime NOT NULL,
  `updated_at` datetime NOT NULL
) ENGINE=InnoDB DEFAULT CHARSET=utf8 COLLATE=utf8_general_ci;

--
-- 傾印資料表的資料 `favor_class`
--

INSERT INTO `favor_class` (`id`, `cid`, `uid`, `created_at`, `updated_at`) VALUES
(1, 1, 1, '2024-05-19 06:33:28', '2024-05-19 06:33:28'),
(2, 2, 1, '2024-05-19 06:33:28', '2024-05-19 06:33:28'),
(3, 5, 117, '2024-05-19 06:33:28', '2024-05-19 06:33:28'),
(4, 20, 117, '2024-05-19 06:33:28', '2024-05-19 06:33:28'),
(5, 23, 117, '2024-05-19 06:33:28', '2024-05-19 06:33:28'),
(6, 12, 1, '2024-05-19 06:33:28', '2024-05-19 06:33:28'),
(7, 1, 117, '2024-05-19 06:33:28', '2024-05-19 06:33:28'),
(8, 3, 1, '2024-05-19 06:33:28', '2024-05-19 06:33:28');

-- --------------------------------------------------------

--
-- 資料表結構 `favor_product`
--

CREATE TABLE `favor_product` (
  `id` int(11) NOT NULL,
  `pid` int(11) NOT NULL,
  `uid` int(11) NOT NULL,
  `created_at` datetime NOT NULL,
  `updated_at` datetime NOT NULL
) ENGINE=InnoDB DEFAULT CHARSET=utf8 COLLATE=utf8_general_ci;

--
-- 傾印資料表的資料 `favor_product`
--

INSERT INTO `favor_product` (`id`, `pid`, `uid`, `created_at`, `updated_at`) VALUES
(1, 1, 1, '2024-05-19 06:33:28', '2024-05-19 06:33:28'),
(2, 2, 1, '2024-05-19 06:33:28', '2024-05-19 06:33:28'),
(3, 5, 1, '2024-05-19 06:33:28', '2024-05-19 06:33:28'),
(4, 3, 1, '2024-05-19 06:33:28', '2024-05-19 06:33:28'),
(5, 1, 2, '2024-05-19 06:33:28', '2024-05-19 06:33:28');

-- --------------------------------------------------------

--
-- 資料表結構 `favor_recipe`
--

CREATE TABLE `favor_recipe` (
  `id` int(11) NOT NULL,
  `rid` int(11) NOT NULL,
  `uid` int(11) NOT NULL,
  `created_at` datetime NOT NULL,
  `updated_at` datetime NOT NULL
) ENGINE=InnoDB DEFAULT CHARSET=utf8 COLLATE=utf8_general_ci;

--
-- 傾印資料表的資料 `favor_recipe`
--

INSERT INTO `favor_recipe` (`id`, `rid`, `uid`, `created_at`, `updated_at`) VALUES
(1, 1, 1, '2024-05-19 06:33:28', '2024-05-19 06:33:28'),
(2, 2, 1, '2024-05-19 06:33:28', '2024-05-19 06:33:28'),
(3, 3, 2, '2024-05-19 06:33:28', '2024-05-19 06:33:28'),
(4, 26, 1, '2024-05-19 06:33:28', '2024-05-19 06:33:28'),
(5, 10, 1, '2024-05-19 06:33:28', '2024-05-19 06:33:28');

-- --------------------------------------------------------

--
-- 資料表結構 `google_member`
--

CREATE TABLE `google_member` (
  `id` int(10) NOT NULL,
  `display_name` varchar(255) NOT NULL,
  `google_uid` varchar(255) NOT NULL,
  `email` varchar(255) NOT NULL,
  `photo_u_r_l` varchar(255) NOT NULL,
  `callback_id` int(10) DEFAULT NULL
) ENGINE=InnoDB DEFAULT CHARSET=utf8 COLLATE=utf8_general_ci;

-- --------------------------------------------------------

--
-- 資料表結構 `line_member`
--

CREATE TABLE `line_member` (
  `id` int(10) NOT NULL,
  `line_uid` varchar(255) NOT NULL,
  `name` varchar(255) DEFAULT NULL,
  `photo_url` varchar(255) NOT NULL,
  `line_access_token` varchar(255) NOT NULL,
  `callback_id` int(10) DEFAULT NULL
) ENGINE=InnoDB DEFAULT CHARSET=utf8 COLLATE=utf8_general_ci;

-- --------------------------------------------------------

--
-- 資料表結構 `member`
--

CREATE TABLE `member` (
  `id` int(10) NOT NULL,
  `user_name` varchar(55) NOT NULL,
  `account` varchar(255) DEFAULT NULL,
  `password` varchar(255) DEFAULT NULL,
  `email` varchar(255) DEFAULT NULL,
  `phone` varchar(255) DEFAULT NULL,
  `address` varchar(255) DEFAULT NULL,
  `gender` char(255) DEFAULT NULL,
  `date_of_birth` date DEFAULT NULL,
  `create_date` datetime NOT NULL,
  `last_login` datetime NOT NULL,
  `valid` tinyint(2) NOT NULL DEFAULT 1,
  `user_image` varchar(255) DEFAULT 'corn.jpg',
  `google_uid` varchar(255) NOT NULL,
  `line_uid` varchar(255) NOT NULL,
  `line_access_token` varchar(255) NOT NULL
) ENGINE=InnoDB DEFAULT CHARSET=utf8 COLLATE=utf8_general_ci;

--
-- 傾印資料表的資料 `member`
--

INSERT INTO `member` (`id`, `user_name`, `account`, `password`, `email`, `phone`, `address`, `gender`, `date_of_birth`, `create_date`, `last_login`, `valid`, `user_image`, `google_uid`, `line_uid`, `line_access_token`) VALUES
(1, '王興', '12345', '$2a$10$zgbgUYerfA.HM/QJzTX2UewahU8IUz..PoXme4ctuWNZ90bm5VuJm', 'peter@023', '952145855', NULL, 'M', '2005-10-22', '2023-05-29 13:13:00', '2023-10-28 18:52:00', 1, '256.97c.png', 'not google', 'not line', 'not line'),
(2, '劉俊傑', 'jieqiu68177', '$2b$12$7T/k/aBwH9NhSKroaQv8Dujdg3Z0atRgDEj6PA3qYfJhOeQBo4pGe', 'ichang82987@test.com', '945798152', NULL, 'F', '1975-07-26', '2023-05-01 22:34:00', '2023-08-28 10:41:00', 1, '5.250.png', 'not google', 'not line', 'not line'),
(3, '謝詩涵', 'liaoyang36386', '$2b$12$71kMEjmi4x1dzMVH5kDTIuFjzDOuW.7KYMdmqTztujDT4LG3gj.RS', 'ypan97990@test.com', '997675821', NULL, 'M', '1989-05-13', '2021-11-08 12:08:00', '2023-10-09 16:50:00', 1, '7.7c.png', 'not google', 'not line', 'not line'),
(4, '喻婉婷', 'xia126818', '$2b$12$SkkAt8jGmMlrAJPlgzfeSuZW0KAzTcWHzii3Zh1gbZ/GgQKDJ0CgG', 'zengguiying23994@test.com', '920366955', NULL, 'M', '1972-02-18', '2023-10-18 18:43:00', '2023-10-25 14:47:00', 1, '7.9.png', 'not google', 'not line', 'not line'),
(5, '吳靜宜', 'xia4133540', '$2b$12$Ij1g80saSZ/SzO8RN2qUX.Nf2Mud4Zs.qWQKDA6eM/pH49XOcVoFm', 'xia9394516@test.com', '996842486', NULL, 'F', '1966-05-13', '2023-08-19 02:24:00', '2023-05-23 15:57:00', 1, '9.287b.png', 'not google', 'not line', 'not line'),
(6, '湯宜君', 'wgao28764', '$2b$12$1PR/b8VcPVJ8y9FJ8vgiHOGOIfQoJ0qA0pFNN80FErbQQ/Q0vSgYW', 'zpan40515@test.com', '983293243', NULL, 'M', '1991-01-17', '2021-09-08 08:05:00', '2023-06-12 20:41:00', 1, '12.380b.png', 'not google', 'not line', 'not line'),
(7, '馬冠宇', 'chu39083', '$2b$12$h2DCZXw0IRzvhalKjdx2deO1DHA1PuJaBA3lHVFfpWg3c2aC4QOTG', 'john@ds1123532', '900810843', NULL, 'M', '1986-03-31', '2022-01-02 02:00:00', '2023-06-12 10:54:00', 1, '14.105.png', 'not google', 'not line', 'not line'),
(8, '崔雅慧', 'chao2511594', '$2b$12$QzghMLnZR6/YfQ2CqqqpIO7sUDywYbU1BlU.3CfLReTCC9ZzjKwr6', 'min7825123@test.com', '942477381', NULL, 'F', '1971-11-10', '2022-09-27 15:02:00', '2023-06-17 16:48:00', 1, '15.212.png', 'not google', 'not line', 'not line'),
(9, '黨淑慧', 'vhao29975', '$2b$12$KeTDXIeIOiEC0e7AUvWzHOAPhECMdp4QgNLzi0wELd2Ao8PGNgIOm', 'guiyingmao46707@test.com', '947825488', NULL, 'M', '1964-09-19', '2021-01-07 16:44:00', '2023-12-03 22:48:00', 1, '18.281.png', 'not google', 'not line', 'not line'),
(10, '魯冠宇', 'pingjiang56038', '$2b$12$AN0l3YiQYqzu2Za3AYeKxebQO1mrdCqzWK6iwkMfTI7NG8aN8iyhS', 'hgong26081@test.com', '951456568', NULL, 'M', '1982-04-24', '2021-02-22 23:46:00', '2023-01-23 10:39:00', 1, '22.78a.png', 'not google', 'not line', 'not line'),
(11, '牟飛', 'shaojun46648', '$2b$12$EuujI6DReUY/KWclskc8gudmSLvr2NH3xKTYJ8uxr1HGKI.EBtOT6', 'xiulan5598703@test.com', '956340252', NULL, 'M', '1978-08-30', '2022-08-26 15:23:00', '2023-04-03 07:15:00', 1, '25.137b.png', 'not google', 'not line', 'not line'),
(12, '冼佳樺', 'nadong73949', '$2b$12$empoO1aEq65cK.5uFUSd2els8gQNuhf2fvqVeddVQFOjfuHGaPq1u', 'fangcheng63256@test.com', '962019387', NULL, 'F', '1970-11-03', '2021-02-17 15:22:00', '2023-03-14 18:32:00', 1, '25.343b.png', 'not google', 'not line', 'not line'),
(13, '楊怡萱', 'lxiao2418', '$2b$12$r16G438Fxy05QZ07YiAhuOlIByXrx6a30qvXxWP2atzuvE12WbQ0e', 'junma74060@test.com', '910447015', NULL, 'F', '1978-07-08', '2021-03-14 21:15:00', '2023-08-19 00:44:00', 1, '26.34a.png', 'not google', 'not line', 'not line'),
(14, '蘇彥廷', 'nzheng5396', '$2b$12$8Lrtum8t5yTrY7zfJ09ITu5oNEs0z/1qnNYGrJ21TDi2mIH.n.K8W', 'qiangcao34655@test.com', '999454547', NULL, 'M', '1970-05-22', '2023-03-16 04:20:00', '2022-11-05 13:29:00', 1, '26.67a.png', 'not google', 'not line', 'not line'),
(15, '黃羽', 'houlei84226', '$2b$12$4Cz1dj6d/NZJ9I2A1lhejO.Ao.4Usin4ZxS/UfP/EcouDh29ghH5e', 'hanming63057@test.com', '908537647', NULL, 'F', '1982-05-08', '2023-07-10 16:02:00', '2023-06-22 16:33:00', 1, '26.281.png', 'not google', 'not line', 'not line'),
(16, '杜龍', 'tianxiulan80169', '$2b$12$bXTlRVDQyhf3pwofCHRQ/ewADYJHfaXAG3oRkwK.7YROLsTzDT/bu', 'juan0750643@test.com', '906401834', NULL, 'M', '1969-08-07', '2022-06-06 13:33:00', '2023-01-31 23:12:00', 1, '34.372.png', 'not google', 'not line', 'not line'),
(17, '朱雅玲', 'yinjuan54932', '$2b$12$EamdY5Z3jCGwedBzPczYSO7nY9JYrvadkJkTYHYnlwpFamulxHD1S', 'jun8857874@test.com', '977933966', NULL, 'F', '1994-02-20', '2021-01-20 07:05:00', '2023-01-10 23:01:00', 1, '35.287b.png', 'not google', 'not line', 'not line'),
(18, '殷淑貞', 'junluo97596', '$2b$12$fvn.vGcLOfWz.zFBHNJ3SO/TGrLJjGBD7W.lEhAqkOrqWtN7FsjFm', 'minlei47913@test.com', '986136244', NULL, 'M', '2000-12-15', '2023-06-30 13:07:00', '2022-12-06 15:27:00', 1, '37.137b.png', 'not google', 'not line', 'not line'),
(19, '王佳穎', 'juan8039417', '$2b$12$NVGZcJFor3EUoA.QwvLNZ.Y0sIwEY0UhRwsiWb.AnMCik6PY8oHiu', 'pingqin45868@test.com', '938665580', NULL, 'F', '1966-05-08', '2021-12-22 01:21:00', '2023-06-05 18:07:00', 1, '38.243a.png', 'not google', 'not line', 'not line'),
(20, '蘇冠霖', 'rye6716', '$2b$12$IO80Zn2lr0UOKeMldeegXO.9NOmHls.dbaFDy3uUL5la8U5Dimm4G', 'dzhao13091@test.com', '933755156', NULL, 'M', '1996-10-15', '2023-12-17 17:46:00', '2023-01-14 11:19:00', 1, '38.338i.png', 'not google', 'not line', 'not line'),
(21, '穆雅芳', 'liaoxiulan99719', '$2b$12$.dGENkRhC1ZFFCeCSy2SIOULiTRn4KHqPMiw4rNVQQM3.Vxjy7cNu', 'xiuying4835451@test.com', '948960998', NULL, 'M', '2002-11-10', '2021-07-04 06:49:00', '2023-02-09 15:57:00', 1, '50.50f.png', 'not google', 'not line', 'not line'),
(22, '王淑慧', 'ctao82319', '$2b$12$vTyEcW9jqIos213n7CvxwuE2XUpubCaQX4fBgvj/2qr/33VWCpQw6', 'fhan79079@test.com', '937866762', NULL, 'M', '1996-10-18', '2021-02-15 11:44:00', '2022-11-03 08:25:00', 1, '51.67a.png', 'not google', 'not line', 'not line'),
(23, '張馨儀', 'jing8820594', '$2b$12$3t/tJW5NVvgkOoCjj/HvQeBaZs9X8W5TNW3IEd0Sh4ZY4MaBT0DCa', 'leihao93160@test.com', '909837657', NULL, 'F', '1975-06-09', '2021-04-13 13:45:00', '2023-09-05 00:21:00', 1, '59.306.png', 'not google', 'not line', 'not line'),
(24, '胡佩君', 'fengjing40840', '$2b$12$UZdQ94HQSw4I.ph1.1ChWOpW0thpOmUKOhwIEspEjJyZPMk2aijdu', 'qiangmao29700@test.com', '955483327', NULL, 'M', '1980-10-26', '2021-11-28 23:25:00', '2023-09-17 00:46:00', 1, '74.74a.png', 'not google', 'not line', 'not line'),
(25, '朱怡婷', 'li3547253', '$2b$12$jGluaubvgDFCa2W1YLF5HOtZQtcdsFCzdBOLIBGgVeAeg6MHYX1Qu', 'renjie44075@test.com', '929150410', NULL, 'M', '1967-05-24', '2022-07-16 02:17:00', '2023-12-06 10:01:00', 1, '78.274.png', 'not google', 'not line', 'not line'),
(26, '周雅慧', 'chenlei20495', '$2b$12$ZT2abn4dg32uw3PtjxcnYuPEy3j9gibWOCkC3/CLq0Vr4pK23qYW2', 'fren54977@test.com', '926945156', NULL, 'M', '1975-03-31', '2023-06-08 02:32:00', '2023-10-16 03:41:00', 1, '89.6b.png', 'not google', 'not line', 'not line'),
(27, '賴雅萍', 'li8446155', '$2b$12$lrkO8ol1uFyXOUQIMmOUOON/kiZEoYX3I1kyYYJp7CWl6XYUYnLue', 'xuping19616@test.com', '966901747', NULL, 'F', '1990-07-10', '2021-10-01 22:27:00', '2023-09-09 03:26:00', 1, '89.282a.png', 'not google', 'not line', 'not line'),
(28, '林筱涵', 'lishen13361', '$2b$12$urH5SMEi5HUgc4WaT09iXu617/qDqglDScTIvtnNUVBHCvcimnSN2', 'yangmo41531@test.com', '920360764', NULL, 'F', '1994-01-25', '2022-05-06 20:38:00', '2023-12-30 13:39:00', 1, '89.380a.png', 'not google', 'not line', 'not line'),
(29, '左宗翰', 'caoyan40994', '$2b$12$xb/IOeJu2VrmKBYsjydp/.T9yS9zbu6FD9N/QLhjY8c.VG8qtVf2S', 'wei5010991@test.com', '998809389', NULL, 'M', '1986-06-17', '2023-11-10 15:23:00', '2023-03-05 16:39:00', 1, '92.93b.png', 'not google', 'not line', 'not line'),
(30, '張建宏', 'lei3138478', '$2b$12$ClnW547qzaJnpW.s01Wp7.bz4iDfM5jY/vWG27KMxhcEwpr9hfLQe', 'byan48264@test.com', '913272984', NULL, 'F', '1991-01-29', '2022-05-03 22:22:00', '2022-12-09 11:18:00', 1, '94.309a.png', 'not google', 'not line', 'not line'),
(31, '蔡哲瑋', 'tao2223104', '$2b$12$SclXTCTg169L4xOd8Csbn.UU54JbAqRYiBH9Ekmugd0/a1uumoHvK', 'oqiu37713@test.com', '956964370', NULL, 'M', '2000-01-15', '2023-06-05 15:42:00', '2023-05-08 15:56:00', 1, '99.143a.png', 'not google', 'not line', 'not line'),
(32, '張筱涵', 'gyin41439', '$2b$12$gAGNv41EIqOvaVUVc.eJKO6B27UEnR4z8Jc4jjfQriYiPr.80CptW', 'mcheng72421@test.com', '979549972', NULL, 'M', '1995-11-06', '2023-08-15 20:59:00', '2023-12-26 01:12:00', 1, '101.205a.png', 'not google', 'not line', 'not line'),
(33, '郭雅芳', 'mengjun73742', '$2b$12$xskagrDpQzaB8w24rUfq1.DRu7PItfhnvCqyTP1pJuLYZ8IWjZlEG', 'yefang42409@test.com', '935529096', NULL, 'M', '1984-03-18', '2021-05-15 09:22:00', '2023-05-20 13:42:00', 1, '106.67.png', 'not google', 'not line', 'not line'),
(34, '李美琪', 'chao3883458', '$2b$12$00ijW4clGiOhhMTAN5nPl.xK5m/PnNHzdjdyFXnnOfM53a2/aAkPK', 'kongjie62672@test.com', '964254211', NULL, 'F', '2002-12-15', '2022-05-19 00:32:00', '2023-02-16 14:56:00', 1, '107.67b.png', 'not google', 'not line', 'not line'),
(35, '鐘佳樺', 'wei1132600', '$2b$12$zhD/n49SxO.YDtAJyu4n6.IXsQ0pjlg4Pn1GNxA3RAUXGNOXz.oRC', 'ozhao52269@test.com', '924764195', NULL, 'F', '1977-06-30', '2023-07-02 06:15:00', '2022-10-31 22:57:00', 1, '107.309a.png', 'not google', 'not line', 'not line'),
(36, '傅美玲', 'kongxia24163', '$2b$12$JBaydN9QqwV3CArKWFfe2O5THs6xgd.i2KIEdoNWdOBI2C7SxOLT.', 'jie6257644@test.com', '978615822', NULL, 'M', '1991-03-12', '2021-01-11 20:13:00', '2023-02-14 18:25:00', 1, '114.329a.png', 'not google', 'not line', 'not line'),
(37, '萬威廷', 'weihou36799', '$2b$12$6xtGUq2tbrDWPCUlSlCUy.hNMMqdpom/52n66zUTQ2.vtfZE.WVlG', 'lei9150476@test.com', '978838644', NULL, 'M', '1982-08-06', '2022-12-18 23:35:00', '2022-10-28 09:26:00', 1, '116.230a.png', 'not google', 'not line', 'not line'),
(38, '邢宜庭', 'yong0521649', '$2b$12$KapyfZ.pqlpOV0LFzRH0P.8qkCJGLzak13YjWadZ9IulKUssqTulG', 'zsu77694@test.com', '999116164', NULL, 'F', '1999-05-21', '2021-06-13 10:05:00', '2023-03-12 14:41:00', 1, '130.142.png', 'not google', 'not line', 'not line'),
(39, '曲馨儀', 'mingsu94369', '$2b$12$mibblfnG0mkuEyFhDOKtfOSiC/6hOMj8Kq07k/aUmPkDYYUQN0GE.', 'wei2592060@test.com', '990758177', NULL, 'M', '1989-04-19', '2023-01-26 22:14:00', '2023-10-22 20:39:00', 1, '130.342.png', 'not google', 'not line', 'not line'),
(40, '張宜庭', 'guiying0867451', '$2b$12$Eu3MQu66FoyTMHesDAohZuk.FH0Xeve4SdnBz4DhyWCqx/bc1DWzq', 'na3467926@test.com', '963999015', NULL, 'F', '1974-11-24', '2021-10-01 17:35:00', '2023-12-07 11:55:00', 1, '130.342a.png', 'not google', 'not line', 'not line'),
(41, '朱宇軒', 'guiyingxie61825', '$2b$12$gN7AVN2MPaGFcZbHExAGe.aVd6.2.WCzN/gKFetPYYo4YfalQkpnq', 'xujie21400@test.com', '904883095', NULL, 'M', '1975-02-06', '2023-02-09 03:47:00', '2022-12-18 03:39:00', 1, '131.300a.png', 'not google', 'not line', 'not line'),
(42, '胡雅文', 'umeng91425', '$2b$12$rF46QD3u1gRL.0GRVFJTyeZc88PF.jViTPqbzWZVx8hJcg3yLAl2y', 'gang3999493@test.com', '958816145', NULL, 'F', '2001-02-02', '2022-08-18 21:29:00', '2022-11-02 02:01:00', 1, '137.67c.png', 'not google', 'not line', 'not line'),
(43, '寇飛', 'fangdong8411', '$2b$12$UD.mAmXC9zLrS3ct/F6Ba.TOvhV.B1olLtijA09L5i5cmx84ZLp7e', 'gmeng93198@test.com', '997684316', NULL, 'M', '1963-02-28', '2021-11-16 22:03:00', '2023-05-20 15:44:00', 1, '137.100a.png', 'not google', 'not line', 'not line'),
(44, '王靜宜', 'xuena10509', '$2b$12$u6LSa0tb.iWLezSZIwI6uuL3Y3ekKgdS7bGkC5RsNZhfyj01XQfcm', 'mshao25746@test.com', '944213389', NULL, 'F', '1984-07-27', '2021-07-03 23:50:00', '2023-08-06 20:49:00', 1, '140.424.png', 'not google', 'not line', 'not line'),
(45, '薛宗翰', 'weiding56335', '$2b$12$ylU438AH4IaN2.1NUbhbU.o/hnBGy98B.KSQtMaqsmlctPyjYqDGO', 'lei7553981@test.com', '997131710', NULL, 'M', '2005-03-16', '2022-08-23 23:07:00', '2023-11-11 17:00:00', 1, '144.287f.png', 'not google', 'not line', 'not line'),
(46, '陳中山', 'bzeng67649', '$2b$12$hs1.MBquTgNhBzg6Yp1BmOxmwdJ.uOkmRN84HVGJcf93hq/qbIFdW', 'gangdong95622@test.com', '925676085', NULL, 'F', '1991-07-07', '2021-07-15 17:45:00', '2023-03-15 13:15:00', 1, '145.287g.png', 'not google', 'not line', 'not line'),
(47, '張庭瑋', 'mhu49766', '$2b$12$ybA1otuNuLwhGhFXPTWZDO/ugnaIw4a/PKJP/a1aTwFxBBTRg68xG', 'junduan36365@test.com', '911295218', NULL, 'F', '1965-11-29', '2021-11-17 19:13:00', '2022-12-03 04:28:00', 1, '146.130c.png', 'not google', 'not line', 'not line'),
(48, '孫淑芬', 'tao2789364', '$2b$12$NyZh9obDi672hk8ztRdCeOSAkM2lpxWXFOuYZoTml0w.twHGBccfS', 'oluo32536@test.com', '965407570', NULL, 'M', '1994-08-06', '2022-06-18 15:42:00', '2023-05-16 14:32:00', 1, '150.342.png', 'not google', 'not line', 'not line'),
(49, '欒家瑋', 'ming7498611', '$2b$12$dasIoP/O7IBIVgroemR3i.yKYTbSRP71iQ1Dnmm4/G7wyoxD.CNbO', 'kzhu78206@test.com', '989158800', NULL, 'M', '1972-02-02', '2022-09-07 22:21:00', '2023-10-21 06:30:00', 1, '151.358b.png', 'not google', 'not line', 'not line'),
(50, '陳惠婷', 'uzhou73774', '$2b$12$5b/Vi3qImDmk6VD30dZ7.u0tZbNwxHfTDNmYeRCYl.rOs.wplTCz2', 'menglei13855@test.com', '977580215', NULL, 'F', '2000-10-14', '2021-01-23 08:14:00', '2022-11-16 09:23:00', 1, '157.360c.png', 'not google', 'not line', 'not line'),
(51, '李思穎', 'tao8141185', '$2b$12$Tsqm2lPVaovPGdJBSmyKbec2gHQ2Ed2IPPr3OcxvLUQemzRaZ7572', 'xiahou17139@test.com', '995673125', NULL, 'M', '1966-07-19', '2023-01-04 12:10:00', '2022-10-12 03:06:00', 1, '157.426c.png', 'not google', 'not line', 'not line'),
(52, '張筱涵', 'xiaolei90521', '$2b$12$nMMFdpdzhgov/Su2MIHVFeAWPrXs.fKxrdnpFdFLtUqKMzoJkV8xe', 'li383049@test.com', '961086482', NULL, 'F', '1985-09-18', '2023-02-04 02:10:00', '2023-10-14 19:21:00', 1, '179.137a.png', 'not google', 'not line', 'not line'),
(53, '林淑貞', 'wkang66043', '$2b$12$KMUiLLqJh8a0rpw78o/equhs/Y/HNh8qdDMUcgLBo4u1Pi0oisNfS', 'caoxiuying67016@test.com', '951551392', NULL, 'M', '1983-06-03', '2021-05-10 04:59:00', '2023-10-04 06:42:00', 1, '186.321a.png', 'not google', 'not line', 'not line'),
(54, '馬雅文', 'ajiang37352', '$2b$12$rNmlqgYrLG4W7JuGqBktEupzdMSewWyRD8rHUMPD3yxqxlq7655ie', 'lei6533140@test.com', '916271996', NULL, 'M', '1979-06-19', '2022-10-11 23:09:00', '2023-05-25 10:38:00', 1, '192.94b.png', 'not google', 'not line', 'not line'),
(55, '張欣怡', 'qianggao16016', '$2b$12$xR6kmWkH/RjegFFm8XjUT.S7AJqmS0UBfu.R72caV/L9XFnFl3PP2', 'lifan8150@test.com', '917061617', NULL, 'M', '1982-11-28', '2021-07-23 20:00:00', '2023-01-16 00:09:00', 1, '196.245c.png', 'not google', 'not line', 'not line'),
(56, '陳羽', 'na3312717', '$2b$12$lpacFsW5YJUcYpVmkJqLGuWEP1nD.BoCllgmX3dC.uHHg3Z41SOW2', 'jiefeng41123@test.com', '928950941', NULL, 'M', '1971-05-10', '2022-12-03 19:28:00', '2022-12-21 17:55:00', 1, '197.91.png', 'not google', 'not line', 'not line'),
(57, '金羽', 'ganglin59644', '$2b$12$AHWzP.Df3oaJfSyC/usdoexS9mSXsxZETW3vXiYjH3mOc5zjLe83C', 'vshao15959@test.com', '914665578', NULL, 'M', '1969-02-15', '2022-08-29 08:01:00', '2023-02-16 13:30:00', 1, '197.243.png', 'not google', 'not line', 'not line'),
(58, '王靜怡', 'yanghe70537', '$2b$12$7LNt4ihusJ6eJrlrTjNjfeFuNNGkPB6QovvpIdXfyfgOtp2/GcF1W', 'wangping80157@test.com', '949527086', NULL, 'M', '1976-12-22', '2022-06-05 15:03:00', '2023-01-15 18:04:00', 1, '197.287d.png', 'not google', 'not line', 'not line'),
(59, '崔嘉玲', 'juan1152708', '$2b$12$6.HydDINIBPETn70OhDKieuCK4Qp1BaC00ylLiXWl.54fSS8oMJUK', 'yong642127@test.com', '947869154', NULL, 'F', '1970-11-19', '2021-03-01 14:37:00', '2023-07-25 18:08:00', 1, '197.441d.png', 'not google', 'not line', 'not line'),
(60, '高惠雯', 'laiqiang76444', '$2b$12$ThgEhrIza4jK9ELVslFIl.NYy1j/0J5w/m4FHNSAZR5ukuWgUxswi', 'lei7630216@test.com', '901204818', NULL, 'F', '1998-08-06', '2021-05-05 14:38:00', '2022-11-27 04:18:00', 1, '198.460.png', 'not google', 'not line', 'not line'),
(61, '舒冠廷', 'cqiu88129', '$2b$12$.aILe/BsszJHjbS8VhZ9CO4mhNRmbOxwcRnAFxrspluxtoyS9Le1a', 'na6226493@test.com', '908267742', NULL, 'F', '1990-03-09', '2022-03-14 10:00:00', '2023-07-16 17:38:00', 1, '200.141.png', 'not google', 'not line', 'not line'),
(62, '葉庭瑋', 'wdu47616', '$2b$12$p1To2Zmjq5SbRaPhqF9EbuV.n3SWWQdMl6wBKMjpfBCCMl0.U/3xi', 'juanjin63019@test.com', '942937424', NULL, 'F', '1988-05-26', '2023-08-25 22:46:00', '2023-04-20 01:02:00', 1, '200.428.png', 'not google', 'not line', 'not line'),
(63, '胡婷婷', 'fwang41829', '$2b$12$BKll7UdeUvO9dv3xvsYlt.2why9zJz2oZPKAwD2N./y4L2kAswffS', 'ping0731646@test.com', '997504420', NULL, 'M', '1983-10-24', '2023-05-17 22:31:00', '2023-10-08 21:02:00', 1, '201.95.png', 'not google', 'not line', 'not line'),
(64, '王柏翰', 'ming1052081', '$2b$12$9coDp.XNXW4AMg.N.KVu4elt.iUKRVdFqlCPJq9a9DgifQAHjqhWC', 'pingyuan73998@test.com', '969713652', NULL, 'F', '1997-06-17', '2021-04-05 23:22:00', '2023-03-22 21:51:00', 1, '201.196.png', 'not google', 'not line', 'not line'),
(65, '譚欣怡', 'axiang66941', '$2b$12$stSRi3CKJPKmVofiYwyCXOiWhD0iSEX5YIkc3LPRZTnczeAKZzZnS', 'yongtang86956@test.com', '900641934', NULL, 'M', '1990-03-13', '2022-12-30 15:33:00', '2023-04-10 21:54:00', 1, '201.224d.png', 'not google', 'not line', 'not line'),
(66, '沈惠雯', 'lei5077084', '$2b$12$bnJ.JOVzAzDqUC8Oag0gJenXdOOzOaTqINWlqs3NfTgnKkjGewhiO', 'chaomeng33160@test.com', '972350253', NULL, 'F', '1990-05-23', '2022-07-31 16:54:00', '2023-12-16 19:00:00', 1, '201.275d.png', 'not google', 'not line', 'not line'),
(67, '林家瑋', 'weicui93761', '$2b$12$0iQs0dHNBAYERd0WjvMtxOh/PuU2LDRIK3ZIuVkzvbtFmPoAB9Qje', 'pjin7985@test.com', '927740727', NULL, 'M', '1999-10-13', '2023-06-15 11:01:00', '2023-10-06 12:51:00', 1, '205.205a.png', 'not google', 'not line', 'not line'),
(68, '劉淑華', 'guiying5945350', '$2b$12$QZ7LEdtTCrRoSY7ycs6s2ucz5rk0fPOauppSgibxrHo4N3JKJ/6XS', 'xiuyinghe28408@test.com', '908947485', NULL, 'M', '1968-06-19', '2023-05-15 22:04:00', '2023-06-18 19:22:00', 1, '208.67a.png', 'not google', 'not line', 'not line'),
(69, '蘇淑惠', 'kangjuan65008', '$2b$12$ymLlLjF15eaczvbzVhuQuOdr/Iq1P7r51MczLYEOjGBn0GqJmI/0y', 'wkang67791@test.com', '975682739', NULL, 'M', '1985-05-08', '2021-05-22 18:24:00', '2023-04-28 15:26:00', 1, '211.94.png', 'not google', 'not line', 'not line'),
(70, '陳沖', 'liaoxia7567', '$2b$12$KePXXzF4B54y0cssAc7J2.kBMClAId0LvJK8NJ8UXOsn.dl.yFwUu', 'guiyingxue2372@test.com', '963764489', NULL, 'M', '1986-09-27', '2022-11-26 15:28:00', '2022-10-06 14:07:00', 1, '212.212.png', 'not google', 'not line', 'not line'),
(71, '張慧君', 'azhu6602', '$2b$12$9djk/HybDZhxZbZ4fNlOd.Ex3brFAJO9g9MpIfF32w/w8k5/pq6bK', 'yuna33094@test.com', '972508068', NULL, 'F', '1978-02-28', '2021-03-11 17:23:00', '2023-04-25 20:15:00', 1, '212.369.png', 'not google', 'not line', 'not line'),
(72, '宋家瑜', 'denglei30309', '$2b$12$Sy8c/3LQLHC6YbNYFGo4WuU0Ap8KkE0x.fTc1YaQnOf8noRTA9C96', 'jzhu6449@test.com', '931820587', NULL, 'F', '1978-05-12', '2023-11-17 03:45:00', '2023-04-19 03:32:00', 1, '214.76a.png', 'not google', 'not line', 'not line'),
(73, '陸龍', 'guiyingchang68024', '$2b$12$rSEiRVTQB2JlSYDXN61gt.F.SvG1./qQGaoD3LtKXedo4/8nzC6Qy', 'zcui58197@test.com', '907977986', NULL, 'M', '1990-06-19', '2023-09-04 07:58:00', '2023-01-01 01:33:00', 1, '214.306a.png', 'not google', 'not line', 'not line'),
(74, '詹美玲', 'yangyuan91658', '$2b$12$mmFdXMdEJLznw49iVwhT2unr6IaJbXu4uUQKFbT.rwxI6g754CKGW', 'vli71327@test.com', '936268576', NULL, 'F', '1995-04-15', '2022-02-19 20:16:00', '2023-02-11 10:11:00', 1, '214.331e.png', 'not google', 'not line', 'not line'),
(75, '倪俊賢', 'ligao41403', '$2b$12$81CUpmzLa2GcSEPLNEvIou.l3x0v2ovPgFoTcL3ubzQSnW8d52I/y', 'syu51065@test.com', '942118156', NULL, 'M', '1987-02-07', '2023-05-05 15:26:00', '2023-10-17 09:29:00', 1, '217.217.png', 'not google', 'not line', 'not line'),
(76, '馮怡婷', 'wei6941430', '$2b$12$PHbAqRMQmCXWtAKJDCikqetr8o6JsXn0Qx1excFIfpIEM6QJaYo3K', 'wei9971438@test.com', '901936136', NULL, 'F', '1970-04-06', '2021-06-16 12:42:00', '2023-09-16 07:05:00', 1, '217.354b.png', 'not google', 'not line', 'not line'),
(77, '張家瑜', 'gang8853188', '$2b$12$56auFBisPv8wJtVz3canV.BWIghA6ov8OqDTtjFwsWgzXgRGQVqrm', 'ganghao95815@test.com', '945370766', NULL, 'F', '2003-06-11', '2022-06-16 22:00:00', '2023-02-08 06:21:00', 1, '218.321a.png', 'not google', 'not line', 'not line'),
(78, '李郁婷', 'junmo48740', '$2b$12$c0Viz36Ga6BO0BZTLx.Gfu2kk62lecYpYP0vvGTCTbvKgJWofvHh.', 'xia6857322@test.com', '946915842', NULL, 'M', '1981-12-18', '2022-04-01 17:55:00', '2023-12-26 02:36:00', 1, '219.67.png', 'not google', 'not line', 'not line'),
(79, '楊婷婷', 'fangxu91046', '$2b$12$PzhXQgjKWLhGR6XukBh2/uByHWPXqWTPdfJu1dQE6po6bqIZOkWnC', 'gangmao80394@test.com', '930080452', NULL, 'M', '1989-03-30', '2021-05-23 13:42:00', '2023-08-30 15:34:00', 1, '219.288.png', 'not google', 'not line', 'not line'),
(80, '王心怡', 'weicheng64943', '$2b$12$NN7X3MZLVmF4ogJ4Zi7CE.GHSV0XUQdOKlv1/Faru5nydXlauChx.', 'igong27543@test.com', '912687220', NULL, 'M', '1985-09-15', '2022-07-10 00:53:00', '2022-10-27 03:45:00', 1, '221.309a.png', 'not google', 'not line', 'not line'),
(81, '吳佳樺', 'xxu48861', '$2b$12$6NfbTrg66kLNpd7pKAglUu6UufpCUK8HVoQOTSYPsO4z0es42am8y', 'li2228197@test.com', '946310835', NULL, 'M', '1994-11-02', '2022-06-26 20:13:00', '2023-01-28 06:52:00', 1, '222.131a.png', 'not google', 'not line', 'not line'),
(82, '林淑芬', 'lizhou37623', '$2b$12$YfVO156z7nt3wkcyIbOGnOeFvt69z80nGOm0tOVjOXoGxJqMIclsC', 'lhu32848@test.com', '991961075', NULL, 'F', '1968-06-05', '2022-09-23 20:15:00', '2023-10-11 02:34:00', 1, '222.210.png', 'not google', 'not line', 'not line'),
(83, '田俊傑', 'xionggang92259', '$2b$12$MuEVaUEcXtuCD6SvMVTe/eiG9yQCDzWinIq00koCJug4YoQ6JQQ3m', 'szheng11537@test.com', '904460379', NULL, 'F', '2006-01-11', '2021-03-01 12:49:00', '2023-03-07 11:32:00', 1, '225.78a.png', 'not google', 'not line', 'not line'),
(84, '葉宇軒', 'changxiulan38548', '$2b$12$Z/JfGVrou37jOUJfg4q1eu7iS5FE5GIQSb1CbHxrmD2CC.zVE0Mni', 'fuping84367@test.com', '906827331', NULL, 'M', '1987-11-24', '2023-07-02 21:14:00', '2022-11-06 19:50:00', 1, '230.293.png', 'not google', 'not line', 'not line'),
(85, '巫沖', 'guiyinglin2860', '$2b$12$7qzMk4p2XaVUI2okwlMPw.Uw8yi8NevKoreeX.LeYn77bBbeQDeRq', 'qxiao37936@test.com', '975964536', NULL, 'M', '1993-12-11', '2023-02-12 04:42:00', '2023-04-25 05:20:00', 1, '234.106a.png', 'not google', 'not line', 'not line'),
(86, '邵怡婷', 'xiuyingtan60445', '$2b$12$1O6PG5plN60.7gcolvOJ8.1d63wCs8ou1IZZCc1QjA6TPGPvU45z6', 'jun2058489@test.com', '992738353', NULL, 'F', '2001-09-21', '2021-02-08 19:18:00', '2023-02-15 15:06:00', 1, '248.160a.png', 'not google', 'not line', 'not line'),
(87, '阮美琪', 'xiulan5113443', '$2b$12$zSIJ/oDg1HE6AVOS0.E2kuUKhb1f40iQ/0s8Td7HfMNZcji/OAHk6', 'awang58609@test.com', '923198775', NULL, 'M', '1980-01-20', '2021-09-17 06:36:00', '2022-11-09 05:23:00', 1, '250.250.png', 'not google', 'not line', 'not line'),
(88, '王怡安', 'guiying595714', '$2b$12$bLlwbmgxwefJCnypwoR1fO4QOlL6wmMb4XoM5A./wEdV7jC9vRkh2', 'olong80678@test.com', '926193919', NULL, 'F', '1982-06-03', '2021-08-29 11:45:00', '2022-11-08 07:07:00', 1, '250.250c.png', 'not google', 'not line', 'not line'),
(89, '韓淑娟', 'yanzhao76502', '$2b$12$KIG0/ZPC4J9FJ1QBQBXrreeAcrcP9N2DTUrjB.d6zEZKc48I20Nie', 'na5539940@test.com', '939702997', NULL, 'F', '1983-12-28', '2022-02-01 11:26:00', '2023-02-21 01:06:00', 1, '251.36.png', 'not google', 'not line', 'not line'),
(90, '孫佩珊', 'lizhong91384', '$2b$12$KEEYhE19tezFWZpoph7e0.9xXayqK/H4VErDRo3TgemDlCqTP5eIS', 'ijin21426@test.com', '962590955', NULL, 'F', '1997-03-23', '2022-11-08 23:07:00', '2022-12-12 08:21:00', 1, '255.331c.png', 'not google', 'not line', 'not line'),
(91, '姚淑華', 'guojie20125', '$2b$12$lPzvljBQWEypo40c6NHiC.xckwC8jlpXhoT6AjBK3nck/ZJERO20i', 'lijuan2866@test.com', '995683994', NULL, 'M', '2000-10-19', '2022-05-07 19:52:00', '2022-12-29 03:31:00', 1, '256.97c.png', 'not google', 'not line', 'not line'),
(92, '龔鈺婷', 'gangchang62858', '$2b$12$bPRuI73e2V6E1dPAhbSNZuL4kfqzjM0H93cQ4.cX2wz.6p7obdGbi', 'bhuang40414@test.com', '971300418', NULL, 'F', '1975-05-23', '2021-08-26 05:48:00', '2023-08-25 16:24:00', 1, '256.217b.png', 'not google', 'not line', 'not line'),
(93, '熊佳慧', 'dongming2765', '$2b$12$DQCvHFqDKjA6B812YBuoteT5YW27fuOpI0g0t2LEi9IoVrSJZn5vy', 'chaoyang70192@test.com', '927748803', NULL, 'F', '1987-11-09', '2023-07-16 21:46:00', '2022-10-10 01:52:00', 1, '256.380.png', 'not google', 'not line', 'not line'),
(94, '柯彥廷', 'pyuan64811', '$2b$12$NAqDLrsZ337OIf4LDKzcYOhdhg1u2Ymip.B/zNMowF/TmhMKSAHGO', 'jing0474299@test.com', '902413154', NULL, 'F', '1981-06-23', '2021-11-12 01:56:00', '2022-12-02 16:10:00', 1, '262.28d.png', 'not google', 'not line', 'not line'),
(95, '石靜宜', 'xiulan8316437', '$2b$12$u92TK1BTTfxJoWTRbTng7.qqbFd4UP2tYtDnQMNGJsyGv10EBZv0u', 'hanjun45005@test.com', '900496739', NULL, 'F', '2003-04-11', '2022-05-22 23:52:00', '2023-02-24 02:16:00', 1, '332.78.png', 'not google', 'not line', 'not line'),
(96, '孫欣怡', 'guli80867', '$2b$12$u0KQoVp9IQ133dE1bZxbduwBosHFeq7Vqw3fcdIGIbn6foqGTaKoG', 'taoyu75369@test.com', '931593791', NULL, 'M', '1981-02-26', '2021-02-17 02:53:00', '2023-05-16 20:48:00', 1, '332.262a.png', 'not google', 'not line', 'not line'),
(97, '張承翰', 'xia6730585', '$2b$12$HJxzNoQ6.6UKXSlXW2xUauecyOYI9iRsGZ2S27QDt4YjhvsYAm446', 'xiuying7532759@test.com', '968610387', NULL, 'F', '1992-05-14', '2021-10-20 21:18:00', '2023-01-07 15:29:00', 1, '332.368.png', 'not google', 'not line', 'not line'),
(98, '鄭信宏', 'songchao86900', '$2b$12$sPtSDDmAR7mu4XGT7JFo9ut.xbqQuWP2wzX2ZyVkCzc3Hj3CHAApC', 'ehao78905@test.com', '992504346', NULL, 'M', '1971-12-20', '2022-10-16 19:51:00', '2023-03-11 18:09:00', 1, '335.345a.png', 'not google', 'not line', 'not line'),
(99, '王惠雯', 'zwang26226', '$2b$12$DW4TvNm0bjwV4/3PcbNbGeoC8xMKGDMiIi323DM4NatSwW2lGc9tK', 'dengqiang61395@test.com', '957892762', NULL, 'F', '1990-08-05', '2023-06-22 02:43:00', '2023-06-15 02:19:00', 1, '335.441.png', 'not google', 'not line', 'not line'),
(100, '胡怡婷', 'min5930291', '$2b$12$l4cEq2U1ajoEbA.zO0kbw.l468SAU3e6kfZG1wSmHl1PmVreGjGlO', 'jie399708@test.com', '982764354', NULL, 'M', '1967-01-03', '2021-02-17 00:24:00', '2022-10-01 19:00:00', 1, '335.441a.png', 'not google', 'not line', 'not line'),
(101, '皮卡丘', 'jfgj123', '$2b$12$nrDwe5b3ekGRmmjLtT.W5eXXj.SE2wPg..FU/uLYCr.I0cU0Mnzoq', 'peter@bf17', '915615561', NULL, 'M', '1967-01-03', '2024-01-31 11:13:00', '1967-01-02 16:00:00', 1, '217.354b.png', 'not google', 'not line', 'not line'),
(102, '胖丁', 'ben26', '$2b$12$AjhTHzNJcng3A8SCFPi1A.jkJPOPwGWzJfMNt4xh4xjt7cWJf41nC', '12@ggg', '951548525', NULL, 'M', '1967-01-03', '2024-01-31 12:44:00', '1967-01-02 16:00:00', 1, '26.34a.png', 'not google', 'not line', 'not line'),
(103, '雷邱', 'admin', '$2b$12$QUITKyGgE0K/Q4Mu9C9FK.6Uh5ocbo1hRVw.VJu08zheoVZblWsaK', 'peter@bf166', '915615562', NULL, 'M', '1967-01-03', '2024-01-31 12:55:00', '1967-01-02 16:00:00', 0, '24x24.jpg', 'not google', 'not line', 'not line'),
(104, '火箭隊', 'admin264', '$2b$12$K194p19QCYyRhN3uuCEmpOFR/di.Wgi0ABf3MzlAzwPpxwjbsoXya', 'ken@666', '95555618', NULL, 'F', '2024-02-22', '2024-02-01 09:20:00', '1967-01-02 16:00:00', 0, '99.143a.png', 'not google', 'not line', 'not line'),
(105, '章魚歌', '123', '$2b$12$wmqCr.00TIGUQiVUC7ARb.dzad1Ga8.0eBUZzcwGsBIj5hERf5tYu', 'peter@bf1965', '915615', NULL, 'M', '1967-01-03', '2024-02-01 10:14:00', '1967-01-02 16:00:00', 0, '25.137b.png', 'not google', 'not line', 'not line'),
(106, '章魚燒', 'admin26', '$2b$12$kQKtueMdqw42b3mvw8FZIOQDDxhcbLvBvejEj9UjA8UhmXoaPkqiC', 'peter@bf11235', '915615', NULL, 'M', '1967-01-03', '2024-02-02 11:53:00', '1967-01-02 16:00:00', 1, '367.93a.png', 'not google', 'not line', 'not line'),
(107, 'ken', 'ken26', '$2b$12$QUITKyGgE0K/Q4Mu9C9FK.6Uh5ocbo1hRVw.VJu08zheoVZblWsaK', 'peter@bf11231235', '912345', NULL, 'M', '1967-01-03', '2024-02-02 11:55:00', '1967-01-02 16:00:00', 1, '179.137a.png', 'not google', 'not line', 'not line'),
(108, 'john', 'john1', '$2b$12$K194p19QCYyRhN3uuCEmpOFR/di.Wgi0ABf3MzlAzwPpxwjbsoXya', 'john@ds1532', '1.16E+12', NULL, 'M', '1967-01-03', '2024-02-02 12:00:00', '1967-01-02 16:00:00', 1, '411.132a.png', 'not google', 'not line', 'not line'),
(110, '456456', 'SS123456456', '$2b$12$wmqCr.00TIGUQiVUC7ARb.dzad1Ga8.0eBUZzcwGsBIj5hERf5tYu', 'vvvv4567@g', '978509625', NULL, 'M', '1999-12-19', '2024-02-04 04:49:00', '1967-01-02 16:00:00', 1, 'corn.jpg', 'not google', 'not line', 'not line'),
(112, 'vwevew', 'sdsd23', '$2b$12$kQKtueMdqw42b3mvw8FZIOQDDxhcbLvBvejEj9UjA8UhmXoaPkqiC', 'ewfr@343', '978509625', NULL, 'M', '2024-02-14', '2024-02-05 06:50:00', '1967-01-02 16:00:00', 1, '94.65g.png', 'not google', 'not line', 'not line'),
(113, 'Golt', '123456', '$2a$10$FvtqF8WV3uOEm0iML8/NQOmVlDDDxzX5elEXdelSkq1fd4ujwG5z.', '123456@gmail.com', '978509123', NULL, 'M', '2010-04-29', '1967-01-02 16:00:00', '1967-01-02 16:00:00', 1, 'corn.jpg', 'not google', 'not line', 'not line'),
(116, 'vlkj4457', 'vlkj4457', '$2a$10$FTUUKGTyJ2lL.wqI1HaniefOXOIY4iXViLr5h4QHqd0J36B45yDpS', 'vvvv45788@gmail.com', '978978978', NULL, 'M', '1999-12-17', '1967-01-02 16:00:00', '1967-01-02 16:00:00', 1, 'corn.jpg', 'not google', 'not line', 'not line'),
(117, 'test1234', 'test1234', '$2a$10$3aoddWPM9cgLpcdmcxf.COT/vJ/0EkoVbOHyDLu0AOhVJvYwHj0.2', 'test1234@gmail.com', '912345678', NULL, 'M', '2000-02-09', '1967-01-02 16:00:00', '1967-01-02 16:00:00', 1, 'corn.jpg', 'not google', 'not line', 'not line'),
(118, '小小小童', 'tung3333', '$2a$10$miOOrAobWmpuh.rKXS4NFuJKj4RKYyK2VV0jqNOR6vGKnRQ3zAlb6', 'tung@test.com', '982773410', NULL, 'F', '1969-05-08', '2024-05-07 16:57:00', '2024-05-07 16:57:00', 1, 'corn.jpg', 'not google', 'not line', 'not line'),
(119, '陳宥毓', NULL, NULL, NULL, NULL, NULL, NULL, NULL, '2024-05-19 11:20:48', '2024-05-19 11:20:48', 1, 'https://lh3.googleusercontent.com/a/ACg8ocIu65z4v6Qf819us2zF2fxaN6ucHb0FItLIB-vB2AtkFAYea-0o=s96-c', '6li7uIrqLXetSj221oilpVFH7CD2', 'not line', 'not line'),
(120, '陳宥毓', NULL, NULL, 'line@noemail.com', NULL, NULL, NULL, NULL, '2024-06-30 15:44:38', '2024-06-30 15:44:38', 1, 'https://profile.line-scdn.net/0h8MC6IETFZ2J-T3M8HcwYNUIKaQ8JYWEqBiksU1pGPlMAKHc0EnwuA18cOFIELSZhSywtA10aOgEE', 'not google', 'Ud7260c5e40301d1daeb1d1a0a735bf8d', 'eyJhbGciOiJIUzI1NiJ9.lHJK58WQ8XFiTEhQIb81AcpCjpmRcxyKzbypkHnDvGWlUnnug6qELSLJNwOsUXl3S6JmG5MaFS0k82UO4jzGi5SfP_PkzE3oRG5WWEVeKzCpankhlfAZWW9A1aqMLA4XFhvDEgU0NmbVIblwbx3IYMaOoZ9LnVXvTPwGxqdpCn4.R3FPdPsbR9PhH7qVBSnuD9e6KCmwl6qhgxRnymaEyiQ');

-- --------------------------------------------------------

--
-- 資料表結構 `member_update`
--

CREATE TABLE `member_update` (
  `id` int(10) NOT NULL,
  `type_of_member` varchar(20) NOT NULL,
  `third_party_id` int(10) NOT NULL,
  `call_back` int(10) DEFAULT NULL,
  `processed` tinyint(1) NOT NULL DEFAULT 0
) ENGINE=InnoDB DEFAULT CHARSET=utf8 COLLATE=utf8_general_ci;

-- --------------------------------------------------------

--
-- 資料表結構 `orders`
--

CREATE TABLE `orders` (
  `order_id` varchar(255) NOT NULL COMMENT 'UUID',
  `user_id` int(5) NOT NULL,
  `amount_total` int(10) NOT NULL,
  `payment_method` varchar(50) DEFAULT NULL COMMENT 'line pay, 信用卡, ATM',
  `order_date` datetime DEFAULT NULL,
  `recipient_name` varchar(255) DEFAULT NULL,
  `shipping_address` varchar(255) DEFAULT NULL,
  `contact_phone` varchar(255) DEFAULT NULL,
  `o_coupon_id` int(10) DEFAULT NULL,
  `discount__amount` decimal(10,0) DEFAULT NULL,
  `order_total_price` int(10) NOT NULL,
  `order_status` enum('處理中','已完成','取消','已退款') DEFAULT '處理中',
  `status` varchar(255) DEFAULT NULL COMMENT 'pending, paid, fail, cancel, error',
  `transaction_id` varchar(255) DEFAULT NULL,
  `order_info` text DEFAULT NULL COMMENT 'send to line pay',
  `reservation` text DEFAULT NULL COMMENT 'get from line pay',
  `confirm` text DEFAULT NULL COMMENT 'confirm from line pay',
  `return_code` varchar(255) DEFAULT NULL,
  `created_at` datetime NOT NULL,
  `updated_at` datetime NOT NULL,
  `deleted_at` datetime DEFAULT NULL
) ENGINE=InnoDB DEFAULT CHARSET=utf8 COLLATE=utf8_general_ci;

--
-- 傾印資料表的資料 `orders`
--

INSERT INTO `orders` (`order_id`, `user_id`, `amount_total`, `payment_method`, `order_date`, `recipient_name`, `shipping_address`, `contact_phone`, `o_coupon_id`, `discount__amount`, `order_total_price`, `order_status`, `status`, `transaction_id`, `order_info`, `reservation`, `confirm`, `return_code`, `created_at`, `updated_at`, `deleted_at`) VALUES
('uuid-1001', 1, 3000, '信用卡', '2024-05-10 00:00:00', 'Alice Johnson', '123 Apple St, New York, NY 10001', '123-456-7890', NULL, 150, 440, '處理中', 'pending', NULL, 'Initial order info for payment processing', 'Reservation details captured', 'Order confirmed', NULL, '2024-05-19 06:33:28', '2024-05-19 06:33:28', NULL),
('uuid-1002', 1, 4500, 'line pay', '2024-05-11 00:00:00', 'Bob Smith', '456 Orange Rd, Los Angeles, CA 90001', '234-567-8901', NULL, NULL, 1600, '已完成', 'paid', 'txn-10002', 'Payment processed via Line Pay', 'Reservation completed', 'Payment confirmation received', 'success', '2024-05-19 06:33:28', '2024-05-19 06:33:28', NULL),
('uuid-1003', 1, 2000, 'ATM', '2024-05-12 00:00:00', 'Carol White', '789 Banana Ave, Chicago, IL 60601', '345-678-9012', NULL, 100, 4800, '取消', 'cancel', NULL, 'Order canceled before payment', 'Reservation details for rollback', 'Cancellation confirmed', 'cancel', '2024-05-19 06:33:28', '2024-05-19 06:33:28', NULL);

-- --------------------------------------------------------

--
-- 資料表結構 `orders2`
--

CREATE TABLE `orders2` (
  `id` varchar(255) NOT NULL COMMENT 'UUID',
  `user_id` int(11) NOT NULL,
  `total_amount` decimal(10,2) NOT NULL,
  `payment_method` varchar(255) NOT NULL,
  `order_date` datetime NOT NULL,
  `order_status` varchar(255) NOT NULL,
  `recipient_name` varchar(255) NOT NULL,
  `shipping_address` varchar(255) NOT NULL,
  `contact_phone` varchar(255) NOT NULL,
  `coupon_id` int(5) DEFAULT NULL,
  `discount__amount` decimal(10,2) DEFAULT NULL,
  `created_at` datetime NOT NULL,
  `updated_at` datetime NOT NULL,
  `deleted_at` datetime DEFAULT NULL
) ENGINE=InnoDB DEFAULT CHARSET=utf8 COLLATE=utf8_general_ci;

--
-- 傾印資料表的資料 `orders2`
--

INSERT INTO `orders2` (`id`, `user_id`, `total_amount`, `payment_method`, `order_date`, `order_status`, `recipient_name`, `shipping_address`, `contact_phone`, `coupon_id`, `discount__amount`, `created_at`, `updated_at`, `deleted_at`) VALUES
('1001', 501, 299.99, 'Credit Card', '2024-05-07 00:00:00', 'Pending', 'John Doe', '1234 Elm St, Springfield, IL', '555-1234', NULL, NULL, '2024-05-19 06:33:28', '2024-05-19 06:33:28', NULL),
('1002', 502, 450.00, 'Line Pay', '2024-05-07 00:00:00', 'Shipped', 'Jane Smith', '9876 Oak St, Metropolis, NY', '555-5678', 15, NULL, '2024-05-19 06:33:28', '2024-05-19 06:33:28', NULL),
('1003', 503, 1200.00, 'Line Pay', '2024-05-07 00:00:00', 'Delivered', 'Alice Johnson', '5432 Pine St, Gotham, NJ', '555-9012', 18, NULL, '2024-05-19 06:33:28', '2024-05-19 06:33:28', NULL);

-- --------------------------------------------------------

--
-- 資料表結構 `orders_detail`
--

CREATE TABLE `orders_detail` (
  `order__item_id` int(10) NOT NULL,
  `order_detail_id` varchar(255) NOT NULL COMMENT 'UUID',
  `thing_id` int(10) DEFAULT NULL,
  `commodity_id` int(10) DEFAULT NULL,
  `class_id` int(10) DEFAULT NULL,
  `quantity` int(10) NOT NULL,
  `unit_price` decimal(10,0) NOT NULL,
  `total_price` decimal(10,0) NOT NULL,
  `product_type` enum('product','class') NOT NULL
) ENGINE=InnoDB DEFAULT CHARSET=utf8 COLLATE=utf8_general_ci;

--
-- 傾印資料表的資料 `orders_detail`
--

INSERT INTO `orders_detail` (`order__item_id`, `order_detail_id`, `thing_id`, `commodity_id`, `class_id`, `quantity`, `unit_price`, `total_price`, `product_type`) VALUES
(1, 'uuid-1001', 501, 301, NULL, 2, 150, 300, 'product'),
(2, 'uuid-1002', 502, NULL, 1, 1, 200, 200, 'class'),
(3, 'uuid-1003', 503, NULL, 1, 3, 120, 360, 'class');

-- --------------------------------------------------------

--
-- 資料表結構 `product`
--

CREATE TABLE `product` (
  `id` int(11) NOT NULL,
  `category_id` int(11) DEFAULT NULL,
  `product_name` varchar(20) NOT NULL,
  `product_description` mediumtext DEFAULT NULL,
  `product_price` int(11) NOT NULL,
  `discount_price` int(11) DEFAULT NULL,
  `product_stock` int(11) NOT NULL,
  `coupon_id` int(11) DEFAULT NULL,
  `upload_date` datetime NOT NULL,
  `valid` tinyint(1) NOT NULL,
  `created_at` datetime NOT NULL,
  `updated_at` datetime NOT NULL
) ENGINE=InnoDB DEFAULT CHARSET=utf8 COLLATE=utf8_general_ci;

--
-- 傾印資料表的資料 `product`
--

INSERT INTO `product` (`id`, `category_id`, `product_name`, `product_description`, `product_price`, `discount_price`, `product_stock`, `coupon_id`, `upload_date`, `valid`, `created_at`, `updated_at`) VALUES
(1, 14, '有機小白菜', '有機小白菜－力新\r\n力新帶給您新鮮的有機小白菜，栽培過程中不使用農藥或化肥，確保食材的純淨。每片小白菜都緊實爽脆，含有豐富的營養素，是您健康飲食的理想選擇。選用力新的有機小白菜，讓您享受天然、美味的食材。', 38, 29, 10, 31, '2023-05-11 16:00:00', 1, '2024-05-19 06:33:28', '2024-05-19 06:33:28'),
(2, 1, '有機小松菜', '有機小松菜－力新\r\n力新精選有機小松菜，以天然方式種植，不含農藥殘留。小松菜含有豐富的纖維、維生素和礦物質，有益於腸道健康，同時提供您新鮮綠意。選擇力新的有機小松菜，讓您享受營養豐富的美味。', 43, NULL, 2, 31, '2021-03-23 16:00:00', 1, '2024-05-19 06:33:28', '2024-05-19 06:33:28'),
(3, 14, '有機小黃瓜－古坑', '有機小黃瓜－古坑\r\n古坑提供的有機小黃瓜，栽培過程中遵循有機種植原則，無化肥農藥殘留。小黃瓜清脆多汁，富含水分及維生素，是爽口的開胃選擇。品嚐古坑的有機小黃瓜，感受健康與美味的同時，讓您的生活更豐富多彩。', 49, 29, 44, 31, '2022-06-14 16:00:00', 1, '2024-05-19 06:33:28', '2024-05-19 06:33:28'),
(4, 14, '有機山茼蒿－力新', '有機山茼蒿－力新\r\n力新有機山茼蒿，種植過程中注重土壤品質，提供您高品質的有機蔬菜。山茼蒿富含營養，特有的香氣和口感讓人難以忘懷。力新致力於提供新鮮、無污染的有機山茼蒿，成為您餐桌上的美味佳餚。\r\n有機山茼蒿－力新\r\n力新有機山茼蒿，種植過程中注重土壤品質，提供您高品質的有機蔬菜。山茼蒿富含營養，特有的香氣和口感讓人難以忘懷。力新致力於提供新鮮、無污染的有機山茼蒿，成為您餐桌上的美味佳餚。\r\n有機山茼蒿－力新\r\n力新有機山茼蒿，種植過程中注重土壤品質，提供您高品質的有機蔬菜。山茼蒿富含營養，特有的香氣和口感讓人難以忘懷。力新致力於提供新鮮、無污染的有機山茼蒿，成為您餐桌上的美味佳餚。', 36, 39, 9, 31, '2023-11-13 16:00:00', 1, '2024-05-19 06:33:28', '2024-05-19 06:33:28'),
(5, 1, '有機包心白菜(M)-力新', '有機包心白菜(M)-力新\r\n力新有機包心白菜(M)以天然方式種植，不使用化學肥料，確保食材的純淨與新鮮。每片包心白菜葉片緊實，質地爽脆，適合涼拌或炒食。力新的有機包心白菜(M)給您帶來健康美味的享受。', 43, NULL, 12, 31, '2023-09-22 16:00:00', 1, '2024-05-19 06:33:28', '2024-05-19 06:33:28'),
(6, 1, '有機奶油白菜-力新', '有機奶油白菜-力新\r\n力新有機奶油白菜，是一種口感極為嫩滑的蔬菜，含有豐富的營養成分。栽培過程中不使用農藥，確保奶油白菜的純淨與自然風味。以清脆多汁的奶油白菜豐富您的餐桌，為家人獻上健康美味。', 99, NULL, 15, 31, '2023-04-09 16:00:00', 1, '2024-05-19 06:33:28', '2024-05-19 06:33:28'),
(7, 1, '有機本島萵苣(A菜)-力新', '有機本島萵苣(A菜)-力新\r\n力新精選的有機本島萵苣(A菜)，經過嚴格的有機栽培程序，保證無農藥殘留，呈現自然的原始風味。本島萵苣(A菜)葉片鮮綠豐潤，富含維生素，是製作沙拉或涼拌的理想選擇。', 20, NULL, 50, 31, '2022-09-13 16:00:00', 1, '2024-05-19 06:33:28', '2024-05-19 06:33:28'),
(8, 1, '有機白花椰菜－古坑', '有機白花椰菜－古坑\r\n古坑的有機白花椰菜，通過有機種植認證，確保無農藥殘留。白花椰菜莖嫩花瓣豐滿，富含營養，適合蒸煮、炒食或製作沙拉。古坑有機白花椰菜，帶給您天然的健康滋味。', 97, NULL, 7, 31, '2023-09-03 16:00:00', 1, '2024-05-19 06:33:28', '2024-05-19 06:33:28'),
(9, 1, '有機白莧菜-力新', '有機白莧菜-力新\r\n力新有機白莧菜，栽培過程中嚴格把關，不使用化學農藥，確保蔬菜的純淨與安全。白莧菜葉片翠綠多汁，富含膳食纖維及維生素，是製作各式料理的理想食材。', 72, NULL, 19, 31, '2023-01-03 16:00:00', 1, '2024-05-19 06:33:28', '2024-05-19 06:33:28'),
(10, 1, '有機白蘿蔔－古坑', '有機白蘿蔔－古坑\r\n古坑有機白蘿蔔以自然栽培方式培植，確保蘿蔔的品質純淨。白蘿蔔質地爽脆，味道清甜，適合生食、涼拌或烹煮，為您的料理增添新鮮風味。', 21, NULL, 13, 31, '2022-03-23 16:00:00', 1, '2024-05-19 06:33:28', '2024-05-19 06:33:28'),
(11, 1, '有機地瓜葉－力新', '有機地瓜葉－力新\r\n力新有機地瓜葉以純天然方式種植，不使用農藥或化肥，確保食材的純淨。地瓜葉富含維生素A、C和鈣質，是營養豐富的綠色蔬菜。其嫩綠葉片適合用來烹調湯品、炒菜或製作沙拉，為您的餐桌增添自然風味。', 63, NULL, 14, 31, '2023-10-30 16:00:00', 1, '2024-05-19 06:33:28', '2024-05-19 06:33:28'),
(12, 1, '有機油菜－力新', '有機油菜－力新\r\n力新有機油菜遵循有機栽培原則，不含農藥殘留，確保食材的安全與高品質。油菜的嫩葉清脆，富含維生素K和膳食纖維，是健康飲食的理想選擇。選擇力新的有機油菜，品味天然風味，享受美味生活。', 22, NULL, 17, 31, '2021-10-12 16:00:00', 1, '2024-05-19 06:33:28', '2024-05-19 06:33:28'),
(13, 1, '有機空心菜－力新', '有機空心菜－力新\r\n力新有機空心菜採用天然種植方式，不使用農藥，確保綠色蔬菜的新鮮和純淨。空心菜質地脆嫩，富含維生素C和鐵質，適合涼拌、快炒或湯品，為您提供豐富的營養。', 11, NULL, 7, 31, '2022-07-31 16:00:00', 1, '2024-05-19 06:33:28', '2024-05-19 06:33:28'),
(14, 1, '有機芥藍菜－力新', '有機芥藍菜－力新\r\n力新的有機芥藍菜以環保、有機的方式種植，經過嚴格的品質管理，確保食材的純淨和安全。芥藍菜的翠綠葉片帶有濃郁的芥香，富含維生素、礦物質和膳食纖維，是增添風味和營養的絕佳選擇。', 23, NULL, 27, 31, '2021-10-13 16:00:00', 1, '2024-05-19 06:33:28', '2024-05-19 06:33:28'),
(15, 1, '有機青江菜－力新', '有機青江菜－力新\r\n力新有機青江菜是一種優質的有機蔬菜，栽培過程中不使用農藥，確保無農藥殘留。青江菜嫩葉爽口，富含營養素，特有的香氣和清甜味道，適合快炒或涼拌，提供您天然、健康的飲食選擇。', 41, NULL, 18, 31, '2021-07-13 16:00:00', 1, '2024-05-19 06:33:28', '2024-05-19 06:33:28'),
(16, 1, '有機青椒－力新', '有機青椒－力新\r\n力新有機青椒是清新爽口的有機蔬菜，種植過程中不使用化肥農藥，確保食材的純淨和健康。青椒富含維生素C和抗氧化物質，是炒菜、燉湯或沙拉的理想選擇。選擇力新的有機青椒，為您帶來新鮮風味。', 12, NULL, 11, 31, '2022-05-28 16:00:00', 1, '2024-05-19 06:33:28', '2024-05-19 06:33:28'),
(17, 1, '有機青蔥－力新', '有機青蔥－力新\r\n力新有機青蔥以天然方式種植，不含化肥農藥，保留青蔥的原汁原味。青蔥富含維生素K和抗氧化物質，是各式料理的調味佳品。選擇力新的有機青蔥，為您的家庭烹飪增添新鮮風味。', 34, NULL, 9, 31, '2023-12-26 16:00:00', 1, '2024-05-19 06:33:28', '2024-05-19 06:33:28'),
(18, 1, '有機原木香菇', '有機原木香菇\r\n有機原木香菇是一種天然、營養豐富的食材，採用有機栽培方法，不含任何人工添加物。原木香菇肉質鮮嫩，口感豐富，含有多種維生素和礦物質，是素食者的理想選擇。在烹飪中，原木香菇可用於炒、燉、湯品等多種料理，為您帶來美味和營養。', 7, NULL, 14, 31, '2021-10-27 16:00:00', 1, '2024-05-19 06:33:28', '2024-05-19 06:33:28'),
(19, 1, '有機高冷高麗菜2XS-力新', '有機高冷高麗菜2XS-力新\r\n力新有機高冷高麗菜2XS是一種小巧精緻的有機蔬菜，不含農藥殘留，確保食材的安全。高冷高麗菜2XS細嫩爽脆，富含維生素C和膳食纖維，適合涼拌、生食或烹煮，為您的餐桌增添營養色彩。', 69, NULL, 26, 31, '2022-09-27 16:00:00', 1, '2024-05-19 06:33:28', '2024-05-19 06:33:28'),
(20, 1, '有機高麗菜(小)－古坑', '有機高麗菜(小)－古坑\r\n古坑提供的有機高麗菜(小)是經過嚴格有機種植認證的新鮮蔬菜。這種小巧的高麗菜葉片緊實，質地爽脆，適合生食或用來製作涼拌菜。以有機的方式種植，保證食材的純淨與健康，為您的料理增色不少。', 62, NULL, 22, 31, '2021-07-21 16:00:00', 1, '2024-05-19 06:33:28', '2024-05-19 06:33:28'),
(21, 1, '有機敏豆(四季豆)－古坑', '有機敏豆(四季豆)－古坑\r\n古坑的有機敏豆(四季豆)是經過有機認證的高品質蔬菜，栽培過程中不使用農藥，確保食材的安全。敏豆的嫩莢爽脆，富含纖維和維生素，是營養均衡飲食的佳選。以古坑的有機敏豆，為您的餐桌增添清新的味道。', 92, NULL, 3, 31, '2021-05-31 16:00:00', 1, '2024-05-19 06:33:28', '2024-05-19 06:33:28'),
(22, 1, '有機荷葉白菜－力新', '有機荷葉白菜－力新\r\n力新的有機荷葉白菜以天然方式栽培，不含農藥和化肥，確保蔬菜的純淨和新鮮。荷葉白菜葉片軟嫩多汁，含有豐富的營養成分，適合涼拌或炒食。選擇力新的有機荷葉白菜，讓您的餐桌充滿自然風味。', 97, NULL, 22, 31, '2022-11-07 16:00:00', 1, '2024-05-19 06:33:28', '2024-05-19 06:33:28'),
(23, 1, '有機菠菜－力新', '有機菠菜－力新\r\n力新有機菠菜是經過嚴格的有機種植程序，不使用農藥或化肥，確保蔬菜的品質和新鮮度。菠菜富含維生素、礦物質和抗氧化物質，是促進健康的理想食材。力新的有機菠菜，為您的餐桌增添營養的同時，帶來美味的享受。', 76, NULL, 50, 31, '2023-08-24 16:00:00', 1, '2024-05-19 06:33:28', '2024-05-19 06:33:28'),
(24, 1, '有機黃金甘藷S-力新', '有機黃金甘藷S-力新\r\n力新有機黃金甘藷S是一種天然、健康的根莖類蔬菜，栽培過程中不使用農藥，確保食材的安全與高品質。黃金甘藷S的質地細緻，味道香甜，富含維生素A、膳食纖維和礦物質，是製作各種料理的絕佳食材。', 32, NULL, 2, 31, '2021-07-25 16:00:00', 1, '2024-05-19 06:33:28', '2024-05-19 06:33:28'),
(25, 1, '有機黑葉白菜－古坑', '有機黑葉白菜－古坑\r\n古坑的有機黑葉白菜通過有機認證，是一種天然、營養豐富的蔬菜。黑葉白菜葉片翠綠多汁，富含維生素C和膳食纖維，適合涼拌、快炒或湯品，為您的餐桌帶來多樣化的美味選擇。', 54, NULL, 24, 31, '2022-12-25 16:00:00', 1, '2024-05-19 06:33:28', '2024-05-19 06:33:28'),
(26, 1, '有機龍鬚菜-力新', '有機龍鬚菜-力新\r\n力新有機龍鬚菜是一種經過有機栽培的特殊蔬菜，種植過程中不使用農藥，確保蔬菜的原始風味。龍鬚菜的形狀獨特，質地爽口，含有豐富的營養素，適合用來製作涼拌或快炒，為您帶來美味和視覺的享受。', 19, NULL, 21, 31, '2023-06-08 16:00:00', 1, '2024-05-19 06:33:28', '2024-05-19 06:33:28'),
(27, 20, '超大份量業務包 1.05Kg冷凍白蝦40', '超大份量業務包 1.05Kg冷凍白蝦40_50 _3盒組\r\n這款超大份量業務包冷凍白蝦40-50，以每盒1.05公斤的份量呈現，總計3盒組。白蝦肉質鮮嫩，味道鮮甜，是豐盛海鮮餐的理想選擇。適用於多種烹飪方式，如燙、炸、炒等，讓您輕鬆在家享受高品質的白蝦美味。', 499, 399, 34, 31, '2022-10-09 16:00:00', 1, '2024-05-19 06:33:28', '2024-05-19 06:33:28'),
(28, 20, '超大份量業務包 1.05Kg冷凍白蝦40', '超大份量業務包 1.05Kg冷凍白蝦40_50 _6盒組\r\n這款超大份量業務包冷凍白蝦40-50，以每盒1.05公斤的份量呈現，總計3盒組。白蝦肉質鮮嫩，味道鮮甜，是豐盛海鮮餐的理想選擇。適用於多種烹飪方式，如燙、炸、炒等，讓您輕鬆在家享受高品質的白蝦美味。', 299, 249, 33, 31, '2022-02-22 16:00:00', 1, '2024-05-19 06:33:28', '2024-05-19 06:33:28'),
(29, 20, '下殺 嚴選 Vanonis 南美白蝦  ', '下殺 嚴選 Vanonis 南美白蝦 30_40 -500 g_盒 x2\r\nVanonis 南美白蝦以其鮮美口感和優越品質而聞名。這款30-40隻的白蝦每盒約重500克，適中的大小方便您在烹飪時靈活運用。新鮮的南美白蝦擁有豐富的蛋白質和低脂肪，通過多種烹飪方式展現其香濃的海鮮風味。此特價優惠包含2盒，為您的餐桌增添美味選擇。', 399, 300, 47, 31, '2023-09-03 16:00:00', 1, '2024-05-19 06:33:28', '2024-05-19 06:33:28'),
(30, 4, '巨無霸白晶蝦 500G(特大)  約10', '巨無霸白晶蝦 500G(特大) 約1015隻_盒x3\r\n這款巨無霸白晶蝦以特大的約1015隻每盒，總計3盒組。每隻蝦的肉質飽滿，肉厚彈牙，呈現極致的新鮮口感。適合用來清蒸、油炸或炒食，滿足您對白蝦的美味渴望。高品質的白晶蝦是宴席或聚餐的理想選擇，讓您的用餐體驗更上一層樓。', 199, NULL, 4, 31, '2023-06-25 16:00:00', 1, '2024-05-19 06:33:28', '2024-05-19 06:33:28'),
(31, 4, '美洲白晶蝦500G(大)  約15-20', '美洲白晶蝦500G(大) 約15-20隻_盒 x3\r\n美洲白晶蝦以大盛的15-20隻每盒，總計3盒組，滿足您對美味白蝦的需求。每隻蝦的大小適中，適合各種烹飪方式。蝦肉鮮嫩多汁，口感豐富，是海鮮愛好者的首選。這款優惠組合讓您在享受美味的同時，擁有更多份量。', 499, NULL, 42, 31, '2023-12-03 16:00:00', 1, '2024-05-19 06:33:28', '2024-05-19 06:33:28'),
(32, 20, '超大2630鮮甜熟白蝦-1盒組(900g', '超大2630鮮甜熟白蝦-1盒組(900g_盒_約23隻)\r\n這款超大2630鮮甜熟白蝦組合包含1盒，每盒淨重約900克，約23隻。蝦肉豐滿鮮嫩，肉質緊實，是品質保證的海鮮選擇。經過冷凍保存的白蝦保持了其原汁原味，是製作海鮮料理、涼拌或火鍋的理想之選。', 699, 649, 36, 31, '2022-06-17 16:00:00', 1, '2024-05-19 06:33:28', '2024-05-19 06:33:28'),
(33, 4, '霸王級2125鮮甜白蝦-3盒組(淨重50', '霸王級2125鮮甜白蝦-3盒組(淨重500g_盒_11-13尾)\r\n霸王級2125鮮甜白蝦以淨重500克每盒，每盒約含11-13尾。這款白蝦的大小適中，適合用來燙、炸、炒或涼拌。白蝦的鮮美口感和豐富營養，使其成為家常飲食或節慶宴席的上佳選擇。', 289, NULL, 30, 31, '2021-05-07 16:00:00', 1, '2024-05-19 06:33:28', '2024-05-19 06:33:28'),
(34, 20, '冷凍熟白蝦6盒組(250公克_1盒)', '冷凍熟白蝦6盒組(250公克_1盒)\r\n冷凍熟白蝦6盒組提供方便快捷的烹飪選擇，每盒淨重250克。這款白蝦已經經過熟成和冷凍處理，只需簡單加熱即可食用。熟白蝦肉質鮮嫩，口感美味，適合用於各種中西式料理，讓您輕鬆享受美味海鮮。', 466, 499, 35, 31, '2021-01-28 16:00:00', 1, '2024-05-19 06:33:28', '2024-05-19 06:33:28'),
(35, 10, '究好豬 軟骨丁', '究好豬 軟骨丁\r\n究好豬軟骨丁是由優質豬肉製成的美味料理原料。每塊軟骨丁都擁有豐富的軟骨，增添口感層次，使料理更加豐富。這款產品適合用於湯品、燜煮、火鍋，或是烹飪各式亞洲料理。軟骨丁的獨特風味和彈牙口感，定能滿足您對美味的追求。', 389, NULL, 30, 31, '2021-07-10 16:00:00', 1, '2024-05-19 06:33:28', '2024-05-19 06:33:28'),
(36, 17, '究好豬 霜降肉', '究好豬 霜降肉\r\n究好豬霜降肉是選用優質豬肉的高品質肉品。霜降肉部位脂肪分佈均勻，帶有適中的霜降脂肪，使得肉質更加鮮嫩多汁。這款霜降肉適合用來切片烹煮、涮火鍋或燒烤，味道豐富，肉質飽滿，是家常料理或節慶宴席的上佳選擇。', 499, 479, 3, 31, '2023-03-27 16:00:00', 1, '2024-05-19 06:33:28', '2024-05-19 06:33:28'),
(37, 17, '豬小排丁', '豬小排丁\r\n豬小排丁是由優質豬肉精心製成的小塊狀料理原料。每一塊小排丁都包含肉質和骨頭，帶有豐富的肉汁和風味。這款產品適合用於快炒、炸、燉煮，或是用於製作豐富的湯品。小排丁的適口大小，讓您在各種烹飪中輕鬆應用，創造出美味佳餚。', 419, 399, 45, 31, '2021-01-02 16:00:00', 1, '2024-05-19 06:33:28', '2024-05-19 06:33:28'),
(38, 17, '豬五花條', '豬五花條\r\n豬五花條是選用豬肉腹部的優質部位，肉與油花交錯分佈，質感豐富。這款五花條適合用於細切片的料理，例如燒烤、煎炸或涮火鍋。條狀的五花條肉質豐腴，脂肪入味，是冒著香氣的美味選擇。', 299, 289, 16, 31, '2023-10-07 16:00:00', 1, '2024-05-19 06:33:28', '2024-05-19 06:33:28'),
(39, 10, '豬後腿絞肉', '豬後腿絞肉\r\n豬後腿絞肉是選用豬後腿部位製成的細嫩絞肉。這種絞肉適合用來製作肉丸、餃子、鍋貼等各種料理。絞肉的肉質綿密，口感爽滑，搭配您喜愛的調味料，可以製作出多樣化的美味料理。豬後腿絞肉是家常烹飪不可或缺的食材之一。', 299, NULL, 42, 31, '2022-11-13 16:00:00', 1, '2024-05-19 06:33:28', '2024-05-19 06:33:28'),
(40, 10, '豬胛心肉丁', '豬胛心肉丁\r\n這款豬胛心肉丁以高品質的豬肉製成，肉質鮮嫩多汁。脂肪分佈均勻，適合用來炒、燉或火鍋料理。豬胛心肉丁的肉質飽滿，口感豐富，是烹飪中不可或缺的美味食材。無論是燜煮還是快炒，都能帶來滿滿的風味。', 99, NULL, 4, 31, '2022-05-14 16:00:00', 1, '2024-05-19 06:33:28', '2024-05-19 06:33:28'),
(41, 10, '豬梅花火鍋肉片(六件組)', '豬梅花火鍋肉片(六件組)\r\n這組豬梅花火鍋肉片以優質豬肉製成，切片均勻，適合搭配火鍋使用。肉片紋理分明，質地豐富，入口嫩滑。搭配新鮮蔬菜和湯底，營造出美味豐盛的火鍋風味。這六件組的火鍋肉片，為您的餐桌增添豐富選擇。', 369, NULL, 36, 31, '2022-10-28 16:00:00', 1, '2024-05-19 06:33:28', '2024-05-19 06:33:28'),
(42, 17, '豬梅花肉片', '豬梅花肉片\r\n豬梅花肉片是選用優質豬梅花肉製成的切片肉品。每片肉質飽滿，帶有適中的脂肪，經過適度的厚度處理，適合燒烤、涮火鍋或快炒。梅花肉的細膩口感和豐富風味，是多種烹飪風格的理想選擇。', 109, 99, 12, 31, '2021-05-08 16:00:00', 1, '2024-05-19 06:33:28', '2024-05-19 06:33:28'),
(43, 10, '豬腰內肉', '豬腰內肉\r\n豬腰內肉是一種優質的瘦肉部位，脂肪含量較低，肉質飽滿。這部位的肉片適合切片烹調，可以用來燒烤、炸或涮火鍋。腰內肉的獨特風味和嫩滑口感，讓您的料理更添美味。', 299, NULL, 32, 31, '2022-01-26 16:00:00', 1, '2024-05-19 06:33:28', '2024-05-19 06:33:28'),
(44, 10, '豬腱子肉', '豬腱子肉\r\n豬腱子肉是一種適合悠閒燜煮或燒烤的部位，脂肪和肉質交錯分佈。經過適度處理後，腱子肉更加入味，搭配香料和醬汁，可以烹調出濃郁多汁的美味料理。這款豬腱子肉適合用來製作各種湯品或燜煮料理，為您帶來溫暖的滋味。\r\n豬腱子肉\r\n豬腱子肉是一種適合悠閒燜煮或燒烤的部位，脂肪和肉質交錯分佈。經過適度處理後，腱子肉更加入味，搭配香料和醬汁，可以烹調出濃郁多汁的美味料理。這款豬腱子肉適合用來製作各種湯品或燜煮料理，為您帶來溫暖的滋味。\r\n豬腱子肉\r\n豬腱子肉是一種適合悠閒燜煮或燒烤的部位，脂肪和肉質交錯分佈。經過適度處理後，腱子肉更加入味，搭配香料和醬汁，可以烹調出濃郁多汁的美味料理。這款豬腱子肉適合用來製作各種湯品或燜煮料理，為您帶來溫暖的滋味。', 159, NULL, 22, 31, '2022-03-30 16:00:00', 1, '2024-05-19 06:33:28', '2024-05-19 06:33:28'),
(45, 17, '豬龍骨', '豬龍骨\r\n豬龍骨是一種具有濃郁骨髓風味的部位，適合用來燉煮、湯品或炖燉。龍骨中的膠原蛋白有助於湯汁的濃郁和口感的提升。這款豬龍骨肉質鮮嫩，是製作燉湯和滋補料理的上佳選擇。', 129, 99, 11, 31, '2022-05-03 16:00:00', 1, '2024-05-19 06:33:28', '2024-05-19 06:33:28'),
(46, 17, 'PRIME安格斯肋眼牛排6片(200g_', 'PRIME安格斯肋眼牛排6片(200g_片)免運組\r\nPRIME安格斯肋眼牛排是由頂級的安格斯牛肉製成，每片約200克。肉質嫩滑、多汁，且脂肪和肉的分佈均勻。這組六片的肋眼牛排提供極致的享受，適合簡單燒烤或平鍋煎烤，讓您在家中品味頂級牛排的美味。', 799, 699, 30, 31, '2021-10-18 16:00:00', 1, '2024-05-19 06:33:28', '2024-05-19 06:33:28'),
(47, 11, '天然草飼嫩肩牛排16片(100G+-10', '天然草飼嫩肩牛排16片(100G+-10%_片)免運組\r\n這組天然草飼嫩肩牛排包含16片，每片約100克。選用優質的草飼牛肉，味道鮮美，肉質細嫩。適合簡單的鍋物、煎烤或涮火鍋，展現草飼牛肉天然風味，為您帶來頂級牛排的美味。', 666, NULL, 5, 31, '2023-07-06 16:00:00', 1, '2024-05-19 06:33:28', '2024-05-19 06:33:28'),
(48, 17, '安格斯PRIME頂級霜降沙朗牛排2片（4', '安格斯PRIME頂級霜降沙朗牛排2片（400g±10%_片）免運組\r\n這組安格斯PRIME霜降沙朗牛排帶給您極致的品味享受。每片厚切的沙朗牛排擁有頂級霜降，肉質鮮嫩多汁，帶有豐富的霜降脂肪，保持了牛肉最美味的滋味。經過精心處理和厚切，確保每一口都是極致的享受。免運組的設計更是貼心，為您的美味體驗添上方便。', 299, 289, 31, 31, '2021-07-05 16:00:00', 1, '2024-05-19 06:33:28', '2024-05-19 06:33:28'),
(49, 17, '安格斯PRIME頂級霜降沙朗骰子5包(1', '安格斯PRIME頂級霜降沙朗骰子5包(100g±10%_包)免運組\r\n這款安格斯PRIME霜降沙朗骰子免運組，將帶給您五包精選的霜降牛排骰子，每包100克。精挑細選的牛排骰子保持了頂級霜降的風味，極致鮮嫩，適合多種料理應用，如涮火鍋、爐端燒烤，或用於炒鍋料理，絕對是美味與方便的完美組合。', 999, 889, 19, 31, '2021-06-13 16:00:00', 1, '2024-05-19 06:33:28', '2024-05-19 06:33:28'),
(50, 17, '安格斯帶骨牛肋小排5包（500g+-10', '安格斯帶骨牛肋小排5包（500g±10%_包）免運組\r\n這組安格斯帶骨牛肋小排免運組，為您呈現極致的牛肋美味。每包500克的帶骨小排，保留了牛肉原汁原味，鮮嫩多汁，油花分佈均勻。經過嚴格挑選和處理，確保每一口都是美味的享受。免運組更是貼心，為您提供極致便利。', 299, 289, 10, 31, '2022-10-17 16:00:00', 1, '2024-05-19 06:33:28', '2024-05-19 06:33:28'),
(51, 17, '安格斯雪花嫩肩牛排厚切8片(200g±1', '安格斯雪花嫩肩牛排厚切8片(200g±10%_片)免運組\r\n這套安格斯雪花嫩肩牛排厚切免運組，是美味和厚實口感的絕佳組合。每片厚切的雪花嫩肩牛排都擁有頂級霜降，肉質鮮嫩多汁，是燒烤、鐵板燒或燉煮的理想選擇。組合特設免運，讓您輕鬆品味極致美味。', 399, 389, 45, 31, '2023-11-06 16:00:00', 1, '2024-05-19 06:33:28', '2024-05-19 06:33:28'),
(52, 17, '老饕牛舌切片8包(100g_包)免運組', '老饕牛舌切片8包(100g_包)免運組\r\n老饕牛舌切片免運組為您呈現極致的牛舌美味。每包100克的牛舌切片經過精心處理，肉質細嫩，口感爽滑，是涮火鍋、燒烤或冷盤的上佳選擇。免運組的特惠更是為您的美味體驗添上方便。', 699, 689, 30, 31, '2023-09-29 16:00:00', 1, '2024-05-19 06:33:28', '2024-05-19 06:33:28'),
(53, 17, '厚切草原之心全天然肋眼牛排8片(200g', '厚切草原之心全天然肋眼牛排8片(200g+-10%_片)\r\n這款厚切草原之心全天然肋眼牛排，每片200克，帶有肉質豐腴的特色。經過嚴格的挑選和處理，確保了牛排的質感和風味。厚切的設計使得牛排更適合各種料理方式，是燒烤、平鍋煎炸或燉煮的絕佳選擇。', 699, 679, 45, 31, '2021-08-11 16:00:00', 1, '2024-05-19 06:33:28', '2024-05-19 06:33:28'),
(54, 17, '美式牛肉漢堡排10片(100g_片)免運', '美式牛肉漢堡排10片(100g_片)免運組\r\n這組美式牛肉漢堡排免運組為您帶來簡單又美味的用餐選擇。每片100克的漢堡排以優質牛肉製成，肉質鮮嫩，適合平底鍋、烤爐或是燒烤搭配麵包製作美味漢堡。免運組的優惠更是讓您輕鬆享受美味。', 399, 369, 9, 31, '2022-09-09 16:00:00', 1, '2024-05-19 06:33:28', '2024-05-19 06:33:28'),
(55, 17, '美國安格斯PRIME頂級霜降翼板牛排3片', '美國安格斯PRIME頂級霜降翼板牛排3片(200g±10%_片) 免運組\r\n這組美國安格斯PRIME霜降翼板牛排免運組，每片200克，是極致肉質和風味的代表。精選霜降翼板部位，油花分佈均勻，經過高品質處理，肉質鮮嫩，口感豐富。免運組的設計更是為您的美味體驗添上便利。', 349, 339, 13, 31, '2022-08-19 16:00:00', 1, '2024-05-19 06:33:28', '2024-05-19 06:33:28'),
(56, 11, '美國安格斯帶骨牛小排8包(200G_包_', '美國安格斯帶骨牛小排8包(200G_包_36片_單骨切)免運組\r\n這免運組的美國安格斯帶骨牛小排呈獻給您精緻的牛排饗宴。每包200克，包含36片的單骨切牛小排，保留了帶骨的原始風味，肉質豐腴，肉汁豐富。經過高品質處理，確保每片牛排都擁有極致的霜降和口感。免運組更是方便，為您的美味體驗添上便利。', 599, NULL, 13, 31, '2021-09-12 16:00:00', 1, '2024-05-19 06:33:28', '2024-05-19 06:33:28'),
(57, 11, '美國特選板腱牛肉片3包(200g±10%', '美國特選板腱牛肉片3包(200g±10%_包)\r\n這特選板腱牛肉片免運組為您帶來美味和營養的組合。每包200克，經過嚴格挑選的板腱牛肉，厚切設計使得牛肉更適合涮火鍋、炒鍋或鐵板燒烤。保持肉質鮮嫩，風味豐富。免運組更是為您提供方便的選擇，輕鬆享受美味。', 99, NULL, 48, 31, '2022-11-12 16:00:00', 1, '2024-05-19 06:33:28', '2024-05-19 06:33:28'),
(58, 11, '美國穀飼精修上肩牛肋切段10包(200g', '美國穀飼精修上肩牛肋切段10包(200g+-10%_包) 免運組\r\n這穀飼精修上肩牛肋切段免運組為您奉上精緻的牛肉切段。每包200克，共有10包，方便料理和分配。高品質的上肩牛肋肉質豐腴，風味獨特。經過精修處理，確保每一片都是優質享受。免運組的特惠更是為您提供美味便利。', 699, NULL, 10, 31, '2022-02-20 16:00:00', 1, '2024-05-19 06:33:28', '2024-05-19 06:33:28'),
(59, 11, '美國凝脂厚切雪花牛肉片8包(200G+-', '美國凝脂厚切雪花牛肉片8包(200G+-10%_包)\r\n這組美國凝脂厚切雪花牛肉片帶來極致的牛排風味。每包200克，共有8包，肉質鮮嫩多汁，凝脂的特殊油花使得牛肉更加美味。精心厚切的設計使得牛排更適合各種料理方式。免運組更是為您的美味體驗添上方便。', 299, NULL, 22, 31, '2022-08-12 16:00:00', 1, '2024-05-19 06:33:28', '2024-05-19 06:33:28'),
(60, 11, '美國霜降翼板牛肉片6包(200G+-10', '美國霜降翼板牛肉片6包(200G+-10%_包)\r\n這組美國霜降翼板牛肉片呈現極致的風味和質感。每包200克，共有6包，霜降的翼板部位保持肉質鮮嫩，油花分佈均勻。高品質的牛肉適合涮火鍋、鐵板燒烤等多種料理方式。免運組的優惠更是為您提供方便。', 799, NULL, 2, 31, '2023-06-30 16:00:00', 1, '2024-05-19 06:33:28', '2024-05-19 06:33:28'),
(61, 11, '草飼牛腱心切塊6包（500g+-10%_', '草飼牛腱心切塊6包（500g+-10%_包）免運組\r\n這草飼牛腱心切塊免運組為您呈現肉質豐腴的牛肉享受。每包500克，共有6包，適合燉煮、烤箱烹調或火鍋、鐵板燒烤等多種料理方式。免運組的優惠更是為您提供方便。', 139, NULL, 38, 31, '2021-07-06 16:00:00', 1, '2024-05-19 06:33:28', '2024-05-19 06:33:28'),
(62, 11, '草飼牛嫩肩肉片9包 (200G_包+-1', '草飼牛嫩肩肉片9包 (200G_包+-10%)免運組\r\n這組草飼牛嫩肩肉片免運組為您帶來極致的草飼牛肉美味。每包200克，共有9包，肉質鮮嫩多汁，適合涮火鍋、平底鍋或燒烤。草飼牛的特有風味和質地，加上嫩肩部位的切片，使得這款牛肉片成為各種料理的理想選擇。免運組的特惠更是為您提供方便。', 249, NULL, 7, 31, '2023-02-27 16:00:00', 1, '2024-05-19 06:33:28', '2024-05-19 06:33:28'),
(63, 11, '草飼菲力厚牛排7包(200G+-10%_', '草飼菲力厚牛排7包(200G+-10%_包)免運組\r\n這免運組的草飼菲力厚牛排呈獻給您極致的牛排享受。每包200克，共有7包，菲力牛排肉質細嫩，油花分佈均勻，肉汁鮮美。經過高品質處理，確保每片牛排都保持最佳的質感。免運組的設計更是為您的美味體驗添上方便。', 549, NULL, 43, 31, '2022-10-11 16:00:00', 1, '2024-05-19 06:33:28', '2024-05-19 06:33:28'),
(64, 17, '鄉村土雞(二節翅)', '鄉村土雞(二節翅)\r\n這款鄉村土雞二節翅，是新鮮且營養豐富的雞肉選擇。每隻雞的二節翅經過新鮮宰殺，保持了雞肉的原汁原味，肉質鮮嫩。適合烤箱烹調、炸或涮火鍋，為您帶來美味的食感和風味。', 109, 99, 8, 31, '2022-05-10 16:00:00', 1, '2024-05-19 06:33:28', '2024-05-19 06:33:28'),
(65, 17, '鄉村土雞(半雞切塊)', '鄉村土雞(半雞切塊)\r\n這款鄉村土雞半雞切塊，提供新鮮且多元的雞肉部位。經過新鮮宰殺，切塊設計更方便您的料理需求。肉質鮮嫩，適合搭配各種調味料或烹調方式，為您的餐桌增添美味。', 499, 489, 8, 31, '2022-08-17 16:00:00', 1, '2024-05-19 06:33:28', '2024-05-19 06:33:28'),
(66, 17, '鄉村土雞（去骨雞腿）', '鄉村土雞（去骨雞腿）\r\n這款去骨雞腿是鄉村土雞的精選部位之一，提供您無骨肉質的美味享受。經過新鮮宰殺，去骨設計更便於料理，適合煎炸、燉煮或烤箱烹調。無骨雞腿保留了雞肉的原始風味，是方便又美味的選擇。', 299, 199, 4, 31, '2022-01-11 16:00:00', 1, '2024-05-19 06:33:28', '2024-05-19 06:33:28'),
(67, 17, '鄉村土雞(翅小腿)', '鄉村土雞(翅小腿)\r\n這款鄉村土雞翅小腿提供豐富的雞肉部位，新鮮宰殺的雞肉保留了原汁原味，適合燉煮、炸或涮火鍋。小腿部位肉質飽滿，肉汁豐富，為您的料理增添美味風味。', 499, 399, 26, 31, '2022-01-22 16:00:00', 1, '2024-05-19 06:33:28', '2024-05-19 06:33:28'),
(68, 17, '鄉村土雞(雞胸)', '鄉村土雞(雞胸)\r\n這款鄉村土雞雞胸部位肉質精緻，提供您低脂肪高蛋白的健康選擇。新鮮宰殺的雞肉，無骨的設計更方便料理。適合清蒸、烤箱烹調或搭配沙拉，為您的餐桌帶來輕盈又美味。\r\n鄉村土雞(雞胸)\r\n這款鄉村土雞雞胸部位肉質精緻，提供您低脂肪高蛋白的健康選擇。新鮮宰殺的雞肉，無骨的設計更方便料理。適合清蒸、烤箱烹調或搭配沙拉，為您的餐桌帶來輕盈又美味。\r\n鄉村土雞(雞胸)\r\n這款鄉村土雞雞胸部位肉質精緻，提供您低脂肪高蛋白的健康選擇。新鮮宰殺的雞肉，無骨的設計更方便料理。適合清蒸、烤箱烹調或搭配沙拉，為您的餐桌帶來輕盈又美味。', 399, 299, 44, 31, '2022-01-17 16:00:00', 1, '2024-05-19 06:33:28', '2024-05-19 06:33:28'),
(69, 9, '鄉村土雞(雞腿切塊)', '\r\n鄉村土雞(雞腿切塊)\r\n這款鄉村土雞雞腿切塊提供豐富的雞肉部位，新鮮宰殺的雞肉保留了原汁原味，切塊的設計更方便您的料理需求。適合燉煮、炸或涮火鍋，為您的餐桌增添美味風味。', 459, NULL, 26, 31, '2021-03-08 16:00:00', 1, '2024-05-19 06:33:28', '2024-05-19 06:33:28'),
(70, 9, '鄉村土雞烏骨雞(半雞切塊)', '鄉村土雞烏骨雞(半雞切塊)\r\n這款鄉村土雞烏骨雞半雞切塊提供豐富的雞肉部位，新鮮宰殺的雞肉保留了原汁原味，切塊的設計更方便您的料理需求。適合燉煮、炸或涮火鍋，為您的餐桌增添美味風味。', 159, NULL, 4, 31, '2022-06-16 16:00:00', 1, '2024-05-19 06:33:28', '2024-05-19 06:33:28'),
(71, 9, '藻晨雞(三節翅)', '藻晨雞(三節翅)\r\n藻晨雞的三節翅是選用新鮮的藻晨雞肉製成，每隻雞的三節翅經過精心宰殺和處理，確保肉質鮮嫩，風味獨特。這款產品適合多種烹調方式，如炸、烤或涮火鍋，每一口都散發出藻晨雞的鮮美滋味。品嚐這份美味，帶來滿足感和愉悅享受。', 799, NULL, 33, 31, '2023-09-02 16:00:00', 1, '2024-05-19 06:33:28', '2024-05-19 06:33:28'),
(72, 9, '藻晨雞(半雞切塊)', '藻晨雞(半雞切塊)\r\n藻晨雞的半雞切塊為您提供豐富的雞肉部位，每片經過精細切割，保留了雞肉的原始風味。新鮮宰殺的雞肉，適合燉煮、烤箱烹調或火鍋，讓您輕鬆享受美味的藻晨雞肉。', 899, NULL, 14, 31, '2021-05-21 16:00:00', 1, '2024-05-19 06:33:28', '2024-05-19 06:33:28'),
(73, 9, '藻晨雞(去骨雞腿)', '藻晨雞(去骨雞腿)\r\n這款藻晨雞去骨雞腿提供了無骨肉質的極致享受。每片雞腿經過去骨處理，肉質鮮嫩多汁，適合烤箱烹調、炸或搭配醬料烹煮。去骨雞腿方便料理，是滿足您口腹之欲的理想選擇。', 199, NULL, 5, 31, '2021-07-02 16:00:00', 1, '2024-05-19 06:33:28', '2024-05-19 06:33:28'),
(74, 9, '藻晨雞(雞胸)', '藻晨雞(雞胸)\r\n藻晨雞的雞胸部位提供您低脂肪高蛋白的健康選擇。每片雞胸經過嚴格挑選和處理，保留了肉質的精緻口感。適合清蒸、烤箱烹調或搭配沙拉，為您的餐桌增添輕盈又美味。', 79, NULL, 39, 31, '2021-09-23 16:00:00', 1, '2024-05-19 06:33:28', '2024-05-19 06:33:28'),
(75, 9, '藻晨雞(雞腿切塊)', '藻晨雞(雞腿切塊)\r\n藻晨雞的雞腿切塊提供了豐富的雞肉部位，每片經過精心切割，方便料理且適合各種烹調方式。雞腿切塊保留了藻晨雞的鮮美風味，是燉煮、炸或涮火鍋的絕佳選擇。', 129, NULL, 36, 31, '2021-11-02 16:00:00', 1, '2024-05-19 06:33:28', '2024-05-19 06:33:28'),
(76, 17, '買8送2-台灣純海水低密度養殖鱸魚清肉排', '買8送2-台灣純海水低密度養殖鱸魚清肉排8片(100200g_片)送蒸魚醬2包\r\n這項特惠組合包含了台灣純海水低密度養殖的鱸魚清肉排，每片100200克。清肉排的肉質鮮美，口感鮮嫩，非常適合清蒸、煎炸或燒烤。同時，購買8片還送2包蒸魚醬，讓您一次滿足口腹之欲，享受高品質的海鮮美味。', 589, 499, 48, 31, '2021-03-20 16:00:00', 1, '2024-05-19 06:33:28', '2024-05-19 06:33:28'),
(77, 17, '台灣午仔魚250~300gX5尾 (三去', '台灣午仔魚250300gX5尾 (三去.真空包裝)\r\n台灣午仔魚是當地海域的特產，每尾魚體約250300克，經過三去處理，去鱗、去內臟、去鰓，真空包裝保持了魚肉的新鮮度。這套五尾的午仔魚組合適合簡單的清蒸、油炸或燒烤方式，為您的餐桌帶來豐富的海味風味。', 289, 279, 45, 31, '2021-06-13 16:00:00', 1, '2024-05-19 06:33:28', '2024-05-19 06:33:28'),
(78, 17, '台灣無刺虱目魚肚X5片 (真空包裝 12', '台灣無刺虱目魚肚X5片 (真空包裝 120g_1片_包)\r\n這套台灣無刺虱目魚肚組合包含了五片真空包裝的魚肚，每片約120克。虱目魚肚肉質鮮嫩，油脂分佈均勻，是涮火鍋、清蒸或燉煮的上佳食材。精心處理的魚肚保留了原汁原味，為您帶來美味的海鮮享受。', 988, 899, 39, 31, '2023-03-12 16:00:00', 1, '2024-05-19 06:33:28', '2024-05-19 06:33:28'),
(79, 17, '一夜干午仔魚240g±10%_包 3包組', '一夜干午仔魚240g±10%_包 3包組\r\n這組一夜干午仔魚以新鮮午仔魚經過嚴格製程製成，每包240克，總共3包。透過一夜的自然風乾，保留了午仔魚的鮮味和營養價值。魚肉質鮮嫩，風味獨特，適合當零嘴或配菜，是海味愛好者的美味選擇。', 799, 799, 34, 31, '2023-12-10 16:00:00', 1, '2024-05-19 06:33:28', '2024-05-19 06:33:28'),
(80, 17, '日本紅甘下巴(鰤魚)_125g±10%_', '日本紅甘下巴(鰤魚)_125g±10%_包_3包\r\n這組日本紅甘下巴鰤魚是由新鮮的紅甘下巴鰤魚製成，每包125克，總共3包。紅甘下巴鰤魚肉質鮮嫩，富有油脂，口感豐富，適合生食或稍微烹調。這款日本紅甘下巴鰤魚為您呈現極致的魚肉美味。', 899, 799, 18, 31, '2022-07-18 16:00:00', 1, '2024-05-19 06:33:28', '2024-05-19 06:33:28'),
(81, 8, '龍膽石斑去骨去刺菲力-6片組(180g±', '龍膽石斑去骨去刺菲力-6片組(180g±10%_片)\r\n這套龍膽石斑去骨去刺菲力是以優質的石斑魚製成，每片約180克，總共6片。經過去骨去刺的處理，保留了魚肉的完整肉質，肉質鮮嫩、口感豐富。這組菲力適合鐵板燒、煎烤或清蒸，為您帶來高級的海鮮享受。', 699, NULL, 35, 31, '2023-12-04 16:00:00', 1, '2024-05-19 06:33:28', '2024-05-19 06:33:28'),
(82, 8, '優質土魠魚厚切-12片組(170g±10', '優質土魠魚厚切-12片組(170g±10%_片)\r\n這套優質土魠魚厚切組合包含了12片土魠魚，每片約170克。土魠魚肉質鮮美，經過厚切處理，適合涮火鍋、烤爐或煎炸，帶給您豐富的口感和風味。這是海鮮愛好者不可錯過的美味選擇。', 499, NULL, 2, 31, '2022-04-27 16:00:00', 1, '2024-05-19 06:33:28', '2024-05-19 06:33:28'),
(83, 8, '急速冷凍白鯧魚 650±50公克', '急速冷凍白鯧魚 650±50公克\r\n急速冷凍的白鯧魚，每尾約重650±50克，保持了魚肉的新鮮度和營養價值。白鯧魚肉質細緻，適合清蒸、烤爐或燉煮，為您的餐桌增添優雅的海鮮風味。', 499, NULL, 43, 31, '2022-03-16 16:00:00', 1, '2024-05-19 06:33:28', '2024-05-19 06:33:28'),
(84, 8, '急速冷凍智利鮭魚片360±10%公克_包', '急速冷凍智利鮭魚片360±10%公克_包(一片裝)(3包組)\r\n這套急速冷凍智利鮭魚片組合總共有3包，每包一片，每片約重360±10克。智利鮭魚肉質鮮嫩，脂肪分佈均勻，適合生食、涮火鍋或用於壽司。急速冷凍保持了鮭魚的新鮮度，讓您隨時能夠享受高品質的鮭魚美味。', 599, NULL, 35, 31, '2023-05-08 16:00:00', 1, '2024-05-19 06:33:28', '2024-05-19 06:33:28'),
(85, 8, '嚴選黃魚 (550±50公克)_尾(共2', '嚴選黃魚 (550±50公克)_尾(共2尾)\r\n這嚴選黃魚組合包含2尾，每尾約重550±50克。每條黃魚經過嚴格挑選，保持新鮮，肉質豐腴，適合清蒸、油炸或烤箱烹調。黃魚的獨特風味，讓您享受到高品質海鮮的美味滋味。', 399, NULL, 49, 31, '2022-07-17 16:00:00', 1, '2024-05-19 06:33:28', '2024-05-19 06:33:28'),
(86, 8, '嚴選燕尾紅鰷 (650±50公克)×2包', '嚴選燕尾紅鰷 (650±50公克)×2包(尾)\r\n這套嚴選燕尾紅鰷包含2包，每尾約重650±50克。燕尾紅鰷肉質細緻，口感鮮美，適合清蒸、煎炸或燉煮。經過嚴格挑選的紅鰷，為您帶來極致的海鮮享受。', 589, NULL, 7, 31, '2023-07-11 16:00:00', 1, '2024-05-19 06:33:28', '2024-05-19 06:33:28'),
(87, 8, '土魠魚輪切', '土魠魚輪切\r\n土魠魚輪切為您提供方便的食材選擇。每片土魠魚約170克，輪切設計使其適合各種料理方式，包括涮火鍋、煎炸或燒烤。土魠魚的肉質鮮嫩，風味獨特，是海鮮料理中的佳品。', 299, NULL, 25, 31, '2023-10-05 16:00:00', 1, '2024-05-19 06:33:28', '2024-05-19 06:33:28'),
(88, 8, '大比目魚(扁鱈)中段、金目鱸魚片、白蝦蝦', '大比目魚(扁鱈)中段、金目鱸魚片、白蝦蝦仁、香魚(任選3件組)\r\n這豪華大比目魚中段、金目鱸魚片、白蝦蝦仁、香魚的組合讓您擁有多樣的海陸美味。選擇其中3種食材，每種都是新鮮精選，適合多種烹飪方式，為您的餐桌帶來豐富的風味。', 899, NULL, 24, 31, '2023-01-01 16:00:00', 1, '2024-05-19 06:33:28', '2024-05-19 06:33:28'),
(89, 8, '大比目魚(扁鱈)中段', '大比目魚(扁鱈)中段\r\n大比目魚中段給您帶來細嫩的魚肉口感。每段魚約重可自行選擇，適合清蒸、烤箱烹調或鐵板燒，為您的料理增添高雅的海鮮風味。', 359, NULL, 40, 31, '2021-06-17 16:00:00', 1, '2024-05-19 06:33:28', '2024-05-19 06:33:28'),
(90, 8, '元家 北海道干貝3S', '元家 北海道干貝3S\r\n元家的北海道干貝3S是極品干貝的極致享受。每個干貝大小適中，鮮甜彈牙，經過嚴格挑選和加工。適合清蒸、烤爐或涮火鍋，為您帶來北海道的極致風味。', 999, NULL, 48, 31, '2022-10-26 16:00:00', 1, '2024-05-19 06:33:28', '2024-05-19 06:33:28'),
(91, 8, '午仔魚', '午仔魚\r\n午仔魚是新鮮海鮮的極品之一，每條魚身保持完整。適合涮火鍋、油炸或直接烤熟，是海味愛好者的絕佳選擇。\r\n', 89, NULL, 14, 31, '2021-08-24 16:00:00', 1, '2024-05-19 06:33:28', '2024-05-19 06:33:28'),
(92, 8, '午仔魚一夜干', '午仔魚一夜干\r\n午仔魚一夜干是經過自然風乾製成的美味零食。每條魚經過一夜風乾，鹹香美味，適合當零嘴或下酒菜，為您的休閒時光增添美味。', 299, NULL, 12, 31, '2023-09-23 16:00:00', 1, '2024-05-19 06:33:28', '2024-05-19 06:33:28'),
(93, 8, '虱目魚肚', '虱目魚肚\r\n虱目魚肚是珍貴的海鮮部位，每片肚脹滿，味道鮮美。適合涮火鍋、清蒸或稍微烹煮，為您呈現虱目魚的豐富風味。', 199, NULL, 4, 31, '2022-11-17 16:00:00', 1, '2024-05-19 06:33:28', '2024-05-19 06:33:28'),
(94, 8, '金目鱸魚片', '金目鱸魚片\r\n金目鱸魚片以優質鱸魚製成，每片魚片保持新鮮，適合涮火鍋、煎炸或生魚片料理，為您帶來高雅的鱸魚風味。', 199, NULL, 44, 31, '2022-01-24 16:00:00', 1, '2024-05-19 06:33:28', '2024-05-19 06:33:28'),
(95, 22, '海陸豪華食材組', '海陸豪華食材組\r\n海陸豪華食材組匯集了多種精選食材，包括海鮮、肉類和蝦仁。這是一個豐富多樣的組合，適合多種烹飪方式，為您帶來一頓豪華的美食盛宴。', 1799, NULL, 28, 31, '2022-05-12 16:00:00', 1, '2024-05-19 06:33:28', '2024-05-19 06:33:28'),
(96, 8, '野生石斑魚片', '野生石斑魚片\r\n這份野生石斑魚片帶給您高品質的海鮮享受。每片魚肉鮮嫩，口感豐富，適合清蒸、紅燒或生魚片料理。以新鮮的野生石斑魚為原料，為您的餐桌增添上等的海鮮風味。', 499, NULL, 20, 31, '2021-02-02 16:00:00', 1, '2024-05-19 06:33:28', '2024-05-19 06:33:28'),
(97, 8, '野生鮪魚腹肉', '野生鮪魚腹肉\r\n這份野生鮪魚腹肉帶有豐富的油脂，口感鮮美，適合製作壽司、刺身或火鍋。每片腹肉經過精心挑選，保持新鮮，為您呈現最純粹的鮪魚風味。', 599, NULL, 14, 31, '2022-07-09 16:00:00', 1, '2024-05-19 06:33:28', '2024-05-19 06:33:28'),
(98, 8, '智利鮭魚半月切', '智利鮭魚半月切\r\n智利鮭魚半月切提供方便的烹調選擇。每片魚肉鮮嫩，適合生吃、煮湯或燒烤。新鮮的智利鮭魚為您帶來豐富的奢華口感。', 599, NULL, 15, 31, '2021-08-27 16:00:00', 1, '2024-05-19 06:33:28', '2024-05-19 06:33:28'),
(99, 17, '智利鮭魚尾排', '智利鮭魚尾排\r\n這份智利鮭魚尾排以肉質鮮嫩、油脂豐富為特色。適合燒烤、煮湯或清蒸，為您的餐桌帶來最新鮮的智利鮭魚風味。', 599, 499, 21, 31, '2022-03-27 16:00:00', 1, '2024-05-19 06:33:28', '2024-05-19 06:33:28'),
(100, 8, '智利鮭魚輪切', '智利鮭魚輪切\r\n智利鮭魚輪切提供多樣的烹調可能性。每片魚肉保持完整，適合火鍋、涮、烤箱料理或燒烤。選擇智利鮭魚輪切，輕鬆在家品味美味的海鮮。', 129, NULL, 27, 31, '2023-01-31 16:00:00', 1, '2024-05-19 06:33:28', '2024-05-19 06:33:28'),
(101, 8, '吻仔魚(吻仔魚)', '吻仔魚(吻仔魚)\r\n這份吻仔魚給您帶來新鮮、鮮美的海味。吻仔魚適合清炒、油炸或涼拌，是多種料理的絕佳選擇。每條吻仔魚都經過嚴格挑選，保持最佳的品質。', 1099, NULL, 27, 31, '2021-12-15 16:00:00', 1, '2024-05-19 06:33:28', '2024-05-19 06:33:28'),
(102, 17, '龍虎斑', '龍虎斑\r\n龍虎斑是高級海鮮的代表，肉質鮮嫩，味道豐富。適合清蒸、紅燒或煎炸，為您的餐桌增添奢華風味。', 399, 379, 15, 31, '2022-11-12 16:00:00', 1, '2024-05-19 06:33:28', '2024-05-19 06:33:28'),
(103, 4, '生凍波士頓龍蝦1隻(400~450g ±', '生凍波士頓龍蝦1隻(400450g ±5%_ 隻)\r\n這隻生凍波士頓龍蝦重約400450克，肉質鮮嫩、味道濃郁。適合以烹調方式烹煮，為您的用餐體驗帶來豐富的海鮮滋味。', 499, NULL, 29, 31, '2023-05-22 16:00:00', 1, '2024-05-19 06:33:28', '2024-05-19 06:33:28'),
(104, 4, '鮮味紅蟳10隻組(130g±5%_隻)(', '鮮味紅蟳10隻組(130g±5%_隻)(免運組)\r\n這組鮮味紅蟳包含10隻，每隻約重130克。每隻紅蟳新鮮、肉質飽滿，適合清蒸、蒜蓉蒸、或炒辣椒鹽，為您帶來頂級的海鮮享受。', 299, NULL, 42, 31, '2021-05-07 16:00:00', 1, '2024-05-19 06:33:28', '2024-05-19 06:33:28'),
(105, 4, '巨無霸智利熟凍帝王蟹1隻(1400-15', '巨無霸智利熟凍帝王蟹1隻(1400-1500g_隻)\r\n這隻巨無霸智利熟凍帝王蟹重約1400-1500克，肉質豐滿、味道鮮美。適合簡單蒸煮或以其他方式料理，為您的宴客大餐增添豪華感。', 899, NULL, 46, 31, '2021-07-25 16:00:00', 1, '2024-05-19 06:33:28', '2024-05-19 06:33:28'),
(106, 4, '熟凍爆蛋巨無霸紅蟳(300-350g±1', '熟凍爆蛋巨無霸紅蟳(300-350g±10%)x4隻\r\n這份熟凍爆蛋巨無霸紅蟳套餐包含4隻，每隻重約300-350克。每隻紅蟳肉質鮮嫩、蟹黃豐富，適合蒸、煮湯或火鍋，為您的饗宴增色不少。', 999, NULL, 39, 31, '2021-10-26 16:00:00', 1, '2024-05-19 06:33:28', '2024-05-19 06:33:28'),
(107, 4, '巨無霸特特大智利帝王蟹1隻(2.2-2.', '巨無霸特特大智利帝王蟹1隻(2.4~2.6kg一隻)★\r\n這隻巨無霸特特大智利帝王蟹重約2.42.6公斤，是奢華海鮮的極致享受。肉質豐盈、味道濃郁，簡單的蒸煮方式即可帶來頂級的海鮮享受。', 199, NULL, 23, 31, '2022-03-24 16:00:00', 1, '2024-05-19 06:33:28', '2024-05-19 06:33:28'),
(108, 4, '特特大巨無霸智利帝王蟹1隻(2.4~2.', '特特大巨無霸智利帝王蟹1隻(2.4~2.6kg一隻)★\r\n這隻特特大巨無霸智利帝王蟹絕對是您海鮮餐桌上的焦點，重約2.42.6公斤的大螯蟹肉質鮮美，蟹膏豐富，一口咬下帶給您極致的滿足感。簡單的蒸煮方式即可保留最原汁原味，成為您宴客的最佳選擇，絕對是品味與視覺的雙重享受。', 499, NULL, 11, 31, '2021-04-02 16:00:00', 1, '2024-05-19 06:33:28', '2024-05-19 06:33:28'),
(109, 4, '魔獸級巨大智利超大帝王蟹(2.6~2.8', '魔獸級巨大智利超大帝王蟹(2.6~2.8kg一隻)\r\n這份魔獸級巨大智利超大帝王蟹堪稱海鮮之巔，每隻重約2.62.8公斤，帶有濃郁的帝王蟹風味，肉質飽滿，蟹膏豐富。以清蒸、烤箱或火鍋方式呈現，給您餐桌上的極致奢華饗宴。', 699, NULL, 46, 31, '2021-05-31 16:00:00', 1, '2024-05-19 06:33:28', '2024-05-19 06:33:28'),
(110, 4, '加拿大生凍波士頓龍蝦1隻(400~450', '加拿大生凍波士頓龍蝦1隻(400~450g ±5%一隻)\r\n這隻加拿大生凍波士頓龍蝦重約400450克，肉質鮮嫩、味道濃郁。龍蝦肉質緊實，適合以烤箱烹調或以牛油蒜香方式料理，為您帶來滿足的味蕾享受。', 689, NULL, 44, 31, '2021-02-23 16:00:00', 1, '2024-05-19 06:33:28', '2024-05-19 06:33:28'),
(111, 4, '(免運組)頂級龍蝦尾4盎司 共3入', '(免運組)頂級龍蝦尾4盎司 共3入\r\n這套免運組包含3份頂級龍蝦尾，每份重約4盎司。每條龍蝦尾經過精心挑選，保持新鮮，適合以烤箱、煎或清蒸方式料理，呈現最原汁原味的龍蝦風味。', 599, NULL, 40, 31, '2021-09-11 16:00:00', 1, '2024-05-19 06:33:28', '2024-05-19 06:33:28'),
(112, 4, '(免運組)頂級龍蝦尾4盎司 共5入', '(免運組)頂級龍蝦尾4盎司 共5入\r\n這套免運組包含5份頂級龍蝦尾，每份重約4盎司。每條龍蝦尾都是品質保證，適合以多種方式料理，滿足您對龍蝦的多樣口味追求。', 289, NULL, 35, 31, '2022-01-21 16:00:00', 1, '2024-05-19 06:33:28', '2024-05-19 06:33:28'),
(113, 4, '(免運組)頂級龍蝦尾8盎司 共2入', '(免運組)頂級龍蝦尾8盎司 共2入\r\n這套免運組包含2份頂級龍蝦尾，每份重約8盎司。每條龍蝦尾保持肉質鮮嫩，適合以烤箱、煎或火鍋方式料理，為您的餐桌增添極致豪華。', 99, NULL, 26, 31, '2021-09-02 16:00:00', 1, '2024-05-19 06:33:28', '2024-05-19 06:33:28'),
(114, 14, '印尼 空運 《果后》頂級油竹 一台斤(下', '印尼 空運 《果后》頂級油竹 一台斤(下單後7個工作天出貨)\r\n這台斤的《果后》頂級油竹是由印尼空運而來，經過嚴格挑選，確保新鮮、嫩滑的口感。油竹是理想的食材，適合涼拌、炒、或燉煮，味道清甜，為您的料理增色不少。藉由這份上等油竹，豐富您的餐桌，享受美味的滋味。\r\n印尼 空運 《果后》頂級油竹 一台斤(下單後7個工作天出貨)\r\n這台斤的《果后》頂級油竹是由印尼空運而來，經過嚴格挑選，確保新鮮、嫩滑的口感。油竹是理想的食材，適合涼拌、炒、或燉煮，味道清甜，為您的料理增色不少。藉由這份上等油竹，豐富您的餐桌，享受美味的滋味。', 199, 179, 6, 31, '2023-03-12 16:00:00', 1, '2024-05-19 06:33:28', '2024-05-19 06:33:28'),
(115, 15, '預購 台中東勢25A茂谷柑17斤x1箱(', '預購 台中東勢25A茂谷柑17斤x1箱(約5053顆_箱_產地直送_常溫宅配_橘子)下訂\r\n這箱台中東勢25A茂谷柑是直接由產地送到您手中，每箱約有5053顆。茂谷柑果實鮮嫩多汁，口感極佳，充滿甜美風味。經過精心挑選，為您呈現最新鮮的水果享受，是您健康美味的選擇。', 399, 299, 41, 31, '2021-07-06 16:00:00', 1, '2024-05-19 06:33:28', '2024-05-19 06:33:28'),
(116, 4, '感動的美味-烏魚子一口吃(120gx1盒', '感動的美味-烏魚子一口吃(120gx1盒，共4盒)提繩禮盒\r\n這組感動的美味烏魚子一口吃禮盒包含4盒，每盒淨重120克，附有精緻提繩禮盒。每一口都是方便的一口吃設計，方便攜帶。來自成龍藝術村的頂級手工烏魚子，味道鮮美，是品味烏魚子的極佳選擇。\r\n感動的美味-烏魚子一口吃(120gx1盒，共4盒)提繩禮盒\r\n這組感動的美味烏魚子一口吃禮盒包含4盒，每盒淨重120克，附有精緻提繩禮盒。每一口都是方便的一口吃設計，方便攜帶。來自成龍藝術村的頂級手工烏魚子，味道鮮美，是品味烏魚子的極佳選擇。', 49, NULL, 5, 31, '2023-01-28 16:00:00', 1, '2024-05-19 06:33:28', '2024-05-19 06:33:28'),
(117, 15, '有機紅肉火龍果M-力新', '有機紅肉火龍果M-力新\r\n這顆有機紅肉火龍果M-力新充滿自然風味，果肉紅潤飽滿，口感豐富。火龍果是維生素和纖維的豐富來源，不僅美味，也有益於健康。適合切片食用、果汁、或製作沙拉，為您的生活增添色彩。', 299, 289, 20, 31, '2021-08-25 16:00:00', 1, '2024-05-19 06:33:28', '2024-05-19 06:33:28'),
(118, 2, '有機檸檬-力新', '有機檸檬-力新\r\n這份有機檸檬-力新以新鮮的有機檸檬為原料，果實酸爽多汁，適合製作飲料、調味料理，或直接食用。檸檬含豐富的維生素C，是提升免疫力的理想選擇。', 199, NULL, 31, 31, '2021-03-15 16:00:00', 1, '2024-05-19 06:33:28', '2024-05-19 06:33:28'),
(119, 15, '美國有機富士蘋果袋裝', '美國有機富士蘋果袋裝\r\n這袋裝的美國有機富士蘋果經過嚴格挑選，每顆蘋果保持新鮮、多汁。富士蘋果的甜脆口感適合直接食用，也適合製作果汁、沙拉等多種美味料理，為您帶來最天然的果香。', 199, 179, 24, 31, '2021-02-13 16:00:00', 1, '2024-05-19 06:33:28', '2024-05-19 06:33:28'),
(120, 2, '產地直送─生機珍珠芭樂', '產地直送─生機珍珠芭樂\r\n這份生機珍珠芭樂是由產地直送，確保您能品嚐到最新鮮的芭樂。每顆芭樂都保持著原汁原味的甜美，適合生食或製作果汁，為您提供美味的健康選擇。', 99, NULL, 39, 31, '2022-02-02 16:00:00', 1, '2024-05-19 06:33:28', '2024-05-19 06:33:28'),
(121, 4, '散裝四兩烏魚子 (無禮盒包裝)', '進口有機黃洋蔥S-力新\r\n這袋有機黃洋蔥S-力新來自進口，經過有機種植，確保品質純正。黃洋蔥是廚房不可或缺的調味食材，為各式料理增添香氣和風味，適合炒菜、烹湯等多種用途。', 39, NULL, 46, 31, '2022-01-13 16:00:00', 1, '2024-05-19 06:33:28', '2024-05-19 06:33:28'),
(122, 2, '新鮮直送-Zespri義大利有機金圓頭奇', '新鮮直送-Zespri義大利有機金圓頭奇異果#25\r\n這份新鮮直送的Zespri義大利有機金圓頭奇異果#25是您每日所需的維生素C的最佳來源。奇異果鮮甜多汁，經濟實惠的25顆裝，為您提供健康美味。', 399, NULL, 24, 31, '2021-09-10 16:00:00', 1, '2024-05-19 06:33:28', '2024-05-19 06:33:28'),
(123, 2, '雪麗 蜜棗 5斤 提盒組(下單後7個工作', '雪麗 蜜棗 5斤 提盒組(下單後7個工作天出貨)\r\n雪麗蜜棗以五斤提盒組的形式呈現，每顆蜜棗新鮮多汁，肉質細緻，入口即化。經過嚴格挑選和精心包裝，確保品質完美，每一口都散發著天然的甜蜜風味。這是健康美味的零嘴選擇，給您帶來滿滿的幸福感。', 199, NULL, 23, 31, '2023-09-08 16:00:00', 1, '2024-05-19 06:33:28', '2024-05-19 06:33:28'),
(124, 15, '日本 和歌山 才色果實 蜜柑禮盒 12-', '日本 和歌山 才色果實 蜜柑禮盒 12-15顆(下單後7個工作天出貨)\r\n這份蜜柑禮盒由日本和歌山的才色果實精心打造，包含12-15顆精選蜜柑。每顆蜜柑皮薄多汁，香氣濃郁，是秋冬季節的極致美味。這是送禮自用兩相宜的禮盒，讓您品味日本頂級蜜柑的鮮美風味。\r\n日本 和歌山 才色果實 蜜柑禮盒 12-15顆(下單後7個工作天出貨)\r\n這份蜜柑禮盒由日本和歌山的才色果實精心打造，包含12-15顆精選蜜柑。每顆蜜柑皮薄多汁，香氣濃郁，是秋冬季節的極致美味。這是送禮自用兩相宜的禮盒，讓您品味日本頂級蜜柑的鮮美風味。', 199, 179, 42, 31, '2022-03-07 16:00:00', 1, '2024-05-19 06:33:28', '2024-05-19 06:33:28'),
(125, 2, '日本 青森 特選 世界一 蘋果 8玉(下', '日本 青森 特選 世界一 蘋果 8玉(下單後7個工作天出貨)\r\n這盒日本青森特選世界一蘋果包含8玉，每顆蘋果皆經精心挑選。這是一種極致甜脆的蘋果，果肉多汁，口感清爽。每顆蘋果都是品質的代表，為您的味蕾帶來極致享受。', 199, NULL, 50, 31, '2021-05-05 16:00:00', 1, '2024-05-19 06:33:28', '2024-05-19 06:33:28'),
(126, 2, '日本 青森 蜜富士 蘋果 8入禮盒(下單', '日本 青森 蜜富士 蘋果 8入禮盒(下單後7個工作天出貨)\r\n這盒日本青森蜜富士蘋果以8入禮盒形式呈現，每顆蘋果都是精挑細選的極品。蜜富士蘋果以其獨特的香甜風味聞名，口感細緻多汁。送禮或自用皆為絕佳之選，帶來純正的日本蘋果美味。', 199, NULL, 36, 31, '2021-02-15 16:00:00', 1, '2024-05-19 06:33:28', '2024-05-19 06:33:28'),
(127, 2, '日本 高知縣 宿毛市 愛心達摩 草莓(下', '日本 高知縣 宿毛市 愛心達摩 草莓(下單後7個工作天出貨)\r\n這盒日本高知縣宿毛市的愛心達摩草莓是一份極具心意的水果禮盒。每顆草莓都鮮嫩多汁，味道甜美濃郁。這禮盒不僅是美味的享受，更是表達心情的完美禮物，為您的生活增色不少。', 299, NULL, 14, 31, '2023-05-21 16:00:00', 1, '2024-05-19 06:33:28', '2024-05-19 06:33:28'),
(128, 2, '紐西蘭 空運 牽牛花 Lapin 櫻桃 ', '紐西蘭 空運 牽牛花 Lapin 櫻桃 32mm 2kg精裝盒(下單後7個工作天出貨)\r\n這盒來自紐西蘭的空運牽牛花Lapin櫻桃，每粒櫻桃直徑約32mm，果實鮮紅晶瑩，肉質飽滿多汁。經過嚴格挑選，保持新鮮度，為您呈現最頂級的櫻桃風味。這是一份高品質水果的極致享受。', 199, NULL, 38, 31, '2021-07-26 16:00:00', 1, '2024-05-19 06:33:28', '2024-05-19 06:33:28'),
(129, 4, '一口烏魚子鴻運禮盒140g', '一口烏魚子鴻運禮盒140g\r\n這款一口烏魚子鴻運禮盒每盒重140克，以頂級手工製作而成，烏魚子質地鮮嫩，口感豐富。每一口都是極致的享受，典雅的提袋更添禮盒精緻感。這份禮盒結合了烏魚子的美味與包裝的精緻，是送禮或自享的絕佳之選。', 199, NULL, 32, 31, '2022-06-16 16:00:00', 1, '2024-05-19 06:33:28', '2024-05-19 06:33:28'),
(130, 4, '感動的美味-烏魚子(3兩級，共3片)附提', '感動的美味-烏魚子(3兩級，共3片)附提袋\r\n這份烏魚子以3兩級的厚度呈現，共有3片入盒，附有精緻的提袋。每片烏魚子都經過精心挑選，擁有頂級的口感和鮮明的風味。來自成龍藝術村的手工烏魚子，為您帶來感動的美味體驗。', 299, NULL, 26, 31, '2021-05-23 16:00:00', 1, '2024-05-19 06:33:28', '2024-05-19 06:33:28'),
(131, 4, '感動的美味-烏魚子一口吃(120gx1盒', '感動的美味-烏魚子一口吃(120gx1盒，共4盒)提繩禮盒\r\n這組感動的美味烏魚子一口吃禮盒包含4盒，每盒淨重120克，附有精緻提繩禮盒。每一口都是方便的一口吃設計，方便攜帶。來自成龍藝術村的頂級手工烏魚子，味道鮮美，是品味烏魚子的極佳選擇。\r\n感動的美味-烏魚子一口吃(120gx1盒，共4盒)提繩禮盒\r\n這組感動的美味烏魚子一口吃禮盒包含4盒，每盒淨重120克，附有精緻提繩禮盒。每一口都是方便的一口吃設計，方便攜帶。來自成龍藝術村的頂級手工烏魚子，味道鮮美，是品味烏魚子的極佳選擇。', 399, NULL, 47, 31, '2022-03-28 16:00:00', 1, '2024-05-19 06:33:28', '2024-05-19 06:33:28'),
(132, 4, '日本明太子_80g_盒(辛口)_3盒', '日本明太子_80g_盒(辛口)_3盒\r\n這組日本明太子辛口口味共有3盒，每盒淨重80克。明太子是日本經典的美食之一，以辛香的風味和滑順的口感而聞名。方便的包裝使得您可以輕鬆享受這道美味的日式小吃。', 499, NULL, 10, 31, '2021-05-27 16:00:00', 1, '2024-05-19 06:33:28', '2024-05-19 06:33:28'),
(133, 1, '日本雙葉明太子沙拉_500g_包', '日本雙葉明太子沙拉_500g_包\r\n這包日本雙葉明太子沙拉淨重500克，是方便又美味的日式明太子風味沙拉。明太子的香辣調味搭配新鮮的沙拉，帶給您清爽爽口的口感。適合當作開胃菜或下酒菜，讓您享受日本風味的美食。', 299, NULL, 43, 31, '2022-09-08 16:00:00', 1, '2024-05-19 06:33:28', '2024-05-19 06:33:28'),
(134, 22, '【披薩市】《圍爐大亨》台灣野生厚切一口吃', '【披薩市】《圍爐大亨》台灣野生厚切一口吃烏魚子(禮盒)_3入\r\n這禮盒由《圍爐大亨》呈獻，包含3入台灣野生厚切一口吃烏魚子。每片烏魚子都切得濃厚，鮮美多汁。禮盒包裝精美，是送禮或自用的極佳選擇，展現台灣野生烏魚子的獨特風味。', 999, NULL, 44, 31, '2022-12-18 16:00:00', 1, '2024-05-19 06:33:28', '2024-05-19 06:33:28'),
(135, 22, '特A級四兩烏魚子禮盒x2盒組 ( 季節限', '特A級四兩烏魚子禮盒x2盒組 ( 季節限定_禮盒包裝；附提袋)\r\n這套特A級四兩烏魚子禮盒共有2盒，每盒淨重四兩。這是一份季節限定的禮盒，包裝精緻，附有提袋，方便攜帶。每一口都是極品，味道濃郁鮮美，是高級烏魚子的極致享受。', 999, NULL, 37, 31, '2023-06-12 16:00:00', 1, '2024-05-19 06:33:28', '2024-05-19 06:33:28'),
(136, 22, '散裝四兩烏魚子 ( 季節限定_無禮盒包裝', '散裝四兩烏魚子 (季節限定_無禮盒包裝)\r\n這份散裝四兩烏魚子呈現季節限定風味，以無禮盒包裝形式呈現。每片烏魚子厚實飽滿，帶有豐富的鹹香，獨特的口感令人難以忘懷。適合愛好烏魚子風味的您，將這份美味融入各式料理，為餐桌增色不少。', 799, NULL, 1, 31, '2022-01-04 16:00:00', 1, '2024-05-19 06:33:28', '2024-05-19 06:33:28'),
(137, 10, 'Omnipork 新豬肉', 'Omnipork 新豬肉\r\nOmnipork新豬肉是一種創新的植物性肉品，具有傳統豬肉的質地和風味，卻不包含膽固醇、飽和脂肪及抗生素。這款新豬肉適用於各種烹飪方式，提供您更多選擇，同時關心環境和動物福祉。', 129, 0, 9, 31, '2021-05-05 16:00:00', 1, '2024-05-19 06:33:28', '2024-05-19 06:33:28'),
(138, 7, '里仁 素火腿', '里仁 素火腿\r\n里仁素火腿是純素的肉製品替代品，以植物性食材為基礎，製成肉質飽滿的火腿。其口感豐富、風味獨特，適用於三明治、沙拉等多種料理，為素食者提供美味的選擇。', 79, NULL, 33, 31, '2023-10-28 16:00:00', 1, '2024-05-19 06:33:28', '2024-05-19 06:33:28'),
(139, 7, '里仁 蚵仔酥600g', '里仁 蚵仔酥600g\r\n這600克的里仁蚵仔酥是素食者的美味選擇。蚵仔酥以植物性食材為主，濃郁的海鮮風味，脆口的酥皮，令人驚艷。適合沾醬、加入麵食或直接享用，滿足您對海鮮小吃的渴望。', 79, NULL, 11, 31, '2023-08-14 16:00:00', 1, '2024-05-19 06:33:28', '2024-05-19 06:33:28'),
(140, 7, '里仁 黑胡椒素排', '里仁 黑胡椒素排\r\n里仁黑胡椒素排是一款以豆腐、麩皮等植物性原料製成的素食產品。肉質柔軟，搭配香濃的黑胡椒風味，讓您在享受美味的同時，輕鬆體驗素食的多樣風味。', 79, NULL, 50, 31, '2021-03-21 16:00:00', 1, '2024-05-19 06:33:28', '2024-05-19 06:33:28'),
(141, 7, '素如意 麵腸', '素如意 麵腸\r\n素如意麵腸是一種素食替代品，製作精緻，質地彈牙，搭配多樣的香料調味而成。適合炒麵、涼拌等各種烹飪方式，為您的素食餐桌帶來更多可能性。', 79, NULL, 9, 31, '2021-07-25 16:00:00', 1, '2024-05-19 06:33:28', '2024-05-19 06:33:28'),
(142, 7, '揚明 輕鬆煮猴頭菇', '揚明 輕鬆煮猴頭菇\r\n揚明輕鬆煮猴頭菇是一款便利的植物性菇類食品，可直接使用，省去繁複的清理過程。猴頭菇質地彈牙，適合炒、煮、燉等多種烹調方式，為您帶來簡單又美味的料理體驗。', 79, NULL, 14, 31, '2023-03-12 16:00:00', 1, '2024-05-19 06:33:28', '2024-05-19 06:33:28'),
(143, 7, '溢發興 麵肚', '溢發興 麵肚\r\n溢發興麵肚是一種植物性的麵食製品，質地細緻柔軟，可用於火鍋、湯麵等多種料理。其高纖的特點使其成為營養均衡的選擇，同時滿足您對美味的追求。', 79, NULL, 14, 31, '2022-02-12 16:00:00', 1, '2024-05-19 06:33:28', '2024-05-19 06:33:28'),
(144, 7, '簡單廚房 素若塊', '簡單廚房 素若塊\r\n簡單廚房素若塊是以豆製品為基礎的植物性料理，適合烹飪、涼拌等多種方式。質地鮮嫩，搭配簡單的調味，呈現出清新的風味，為您提供簡單又美味的素食選擇。', 79, NULL, 26, 31, '2022-06-16 16:00:00', 1, '2024-05-19 06:33:28', '2024-05-19 06:33:28'),
(145, 7, '里仁 味噌餘', '里仁 味噌餘\r\n里仁味噌餘是一種植物性的調味料，以豆腐和香料製成。適用於炒飯、拌麵等多種料理，帶有濃郁的味噌香氣，為您的素食料理增添層次豐富的風味。', 79, NULL, 29, 31, '2023-01-04 16:00:00', 1, '2024-05-19 06:33:28', '2024-05-19 06:33:28'),
(146, 7, '簡單廚房 植物肉丸', '簡單廚房 植物肉丸\r\n\r\n簡單廚房的植物肉丸是一款精心研發的植物性食品，以大豆、穀物等天然食材製成。這款植物肉丸具有肉質飽滿、口感細緻的特點，結合了豐富的植物蛋白質，為素食者提供了一種美味、營養均衡的選擇。\r\n\r\n植物肉丸不僅適合素食者，也是愛好美食者的絕佳選擇。您可以將植物肉丸用於義大利麵、鍋物、炸物等各種烹飪方式，味道鮮美，滿足您對美味料理的需求。無論是搭配醬汁、麵食，還是烹調成各式料理，都能展現出它的多樣應用性。', 79, NULL, 42, 31, '2023-08-21 16:00:00', 1, '2024-05-19 06:33:28', '2024-05-19 06:33:28'),
(147, 7, '伊布 黑豆天貝', '伊布 黑豆天貝\r\n\r\n伊布的黑豆天貝是一款創新的植物性海味替代品，以黑豆為主要原料，製成形狀狀似天貝的植物食品。其外脆內嫩的質地、獨特的香氣和美味，讓您在品嚐時能夠感受到海鮮的豐富風味。\r\n\r\n這款黑豆天貝適合用於炸、烤、涼拌等多種烹飪方式，成為素食者和追求健康飲食的人們的理想之選。同時，黑豆的營養價值豐富，含有豐富的蛋白質和纖維，讓您在品味美味的同時，也能享受到營養的加持。', 79, NULL, 26, 31, '2021-12-12 16:00:00', 1, '2024-05-19 06:33:28', '2024-05-19 06:33:28'),
(148, 7, '三機 植物絞肉', '三機 植物絞肉\r\n\r\n三機植物絞肉是一款植物性食品，以多種植物原料製成，具有質地細緻、口感豐富的特點。這款植物絞肉適合用於炒、燉、煮等各種烹飪方式，能夠替代傳統肉類，同時呈現出美味可口的風味。\r\n\r\n植物絞肉的多樣性應用使其成為廣大素食者和注重健康飲食的人們的首選。您可以將植物絞肉用於製作漢堡、義大利肉醬、炒飯等各種料理，滿足您對美味料理的所有想像。', 79, NULL, 36, 31, '2022-02-20 16:00:00', 1, '2024-05-19 06:33:28', '2024-05-19 06:33:28'),
(149, 16, '三機 植物肉堡排', '三機 植物肉堡排\r\n\r\n三機植物肉堡排是一款創新的植物性漢堡肉替代品，以多種天然植物食材製成。這款植物肉堡排具有肉質飽滿、多汁爽口的特點，適合在漢堡中搭配各式蔬菜和醬汁，呈現出豐富多層次的口感。\r\n\r\n植物肉堡排不僅滿足了喜愛漢堡的味蕾，同時也是一種營養豐富的食品，含有豐富的蛋白質和微量元素。您可以輕鬆地在家中烹飪出美味的植物漢堡，為整個家庭提供健康的素食選擇。', 99, 89, 13, 31, '2021-04-28 16:00:00', 1, '2024-05-19 06:33:28', '2024-05-19 06:33:28'),
(150, 16, '弘陽 原味素排', '弘陽 原味素排\r\n\r\n弘陽原味素排是一種口感彈牙、風味濃郁的植物性食品，主要由大豆蛋白等素材製成。這款原味素排的質地豐富，適合切片炒食、涼拌、火鍋等多種烹飪方式，味道純正，可自由搭配各式調味。\r\n\r\n原味素排不僅可以作為獨立菜品享用，還能應用在各種中式、西式料理中，提升整體菜餚的層次感。這是一種簡單方便，又美味可口的素食選擇，適合廣大素食者和喜愛輕食的人們。', 99, 89, 34, 31, '2021-11-20 16:00:00', 1, '2024-05-19 06:33:28', '2024-05-19 06:33:28'),
(151, 16, 'Omnipork 新肉絲', 'Omnipork 新肉絲\r\n\r\nOmnipork新肉絲是一款以植物性食材為基礎的創新產品，具有肉絲般的質感和豐富的風味。這款新肉絲不僅適用於炒、燉、炸等各種烹飪方式，還能夠應用在涼拌、炒麵等多種多種烹飪方式，味道純正，可自由搭配各式調味。', 99, 89, 48, 31, '2021-11-20 16:00:00', 1, '2024-05-19 06:33:28', '2024-05-19 06:33:28'),
(152, 7, 'Omnipork 新餐肉', 'Omnipork新餐肉是一款以植物性食材為基礎的創新產品，具有肉般的質感和豐富的風味。這款新肉不僅適用於炒、燉、炸等各種烹飪方式，還能夠應用在涼拌、炒麵等多種多種烹飪方式，味道純正，可自由搭配各式調味。', 99, NULL, 40, 31, '2021-11-20 16:00:00', 1, '2024-05-19 06:33:28', '2024-05-19 06:33:28'),
(153, 18, '優質紅殼蛋', '雞隻不施打抗生素，使用的飼料都添加營養素，並在舒適的環境中產下健康無污染的鮮蛋，蛋黃結實飽滿，顏色鮮艷，除了富含營養更無藥物殘留之疑慮，讓您吃得安心。', 99, 89, 16, 31, '2023-05-11 16:00:00', 1, '2024-05-19 06:33:28', '2024-05-19 06:33:28'),
(154, 18, '松花皮蛋', '選用國寶鴨鴨蛋製作，餵食無添加的天然飼料、不限制行動，也不逼迫產蛋，因此鴨蛋品質極佳，卵黃紮實綿密，沒有腥味。蛋白表面平滑呈現如琥珀般晶瑩剔透光澤，質地柔韌具彈性。', 99, 89, 20, 31, '2021-03-23 16:00:00', 1, '2024-05-19 06:33:28', '2024-05-19 06:33:28'),
(155, 18, '熟鹹蛋', '台灣特有國寶鴨(褐色菜鴨)，飼養環境有專屬游泳池，飼料槽旁並配有專屬飲水系統，以避免鴨隻喝到不潔之水源，每隻鴨皆有專屬產蛋巢，在溫暖乾淨且富安全感的環境中產蛋。所生產的鴨蛋乾淨無汙染。人工篩選收蛋做加工，並以省產紅土加粗鹽醃製20-22天完成。', 99, 89, 6, 31, '2022-06-14 16:00:00', 1, '2024-05-19 06:33:28', '2024-05-19 06:33:28'),
(156, 18, '放養幸福好蛋', '．自然放牧雞蛋，雞隻再不受干擾的狀況下安心產蛋 ．雞隻每日自由奔跑，運動足夠好健康 ．攝取野外天然蟲草，富含微量元素 ．四周山巒環繞環境隱閉，遠離現代工業污染', 99, 89, 16, 31, '2023-11-13 16:00:00', 1, '2024-05-19 06:33:28', '2024-05-19 06:33:28'),
(157, 19, '有機嫩豆花(小)', '採用栽種期長達 120天非基因改造有機黃豆，優質植物性蛋白質比例高且豆味濃郁，加入以奈米負離子過濾的湧泉水製成。絕不添加漂白劑，每口都可安心享受豆香美味及健康。所有豆類製品採用全天然的冷壓橄欖油和米糠進行消泡過程。不求量產，以古法手藝呈現豆製品的綿密口感，自然呈現黃豆的香醇味', 199, 89, 15, 31, '2023-09-22 16:00:00', 1, '2024-05-19 06:33:28', '2024-05-19 06:33:28'),
(158, 19, '黃豆天貝', '天貝 Tempeh 是新時代的營養珍寶，是用整粒的黃豆下去蒸熟後加上酵母菌去發酵，待發酵完成後，其表面的那層白色菌體會使其凝結成塊狀物。 用最優質的非基改黃豆製成最天然的「黃豆天貝」，其活性反應及抗氧化效果佳，可直接清蒸切片品嚐其最原始的美味，亦可加工為各式美味天貝料理。', 199, 89, 38, 31, '2023-04-09 16:00:00', 1, '2024-05-19 06:33:28', '2024-05-19 06:33:28'),
(159, 19, '涮涮響鈴卷', '採用非基因改造黃豆手做豆皮製造，再使用無氫化的植物油油炸而成。無添加防腐劑。放入火鍋中經涮涮卷吸收湯汁，3秒即可起鍋！', 199, 89, 40, 31, '2022-09-13 16:00:00', 1, '2024-05-19 06:33:28', '2024-05-19 06:33:28'),
(160, 19, '低溫烘烤黃金腐竹', '採用非基改黃豆做成的豆漿，經過煮沸形成的薄膜，撈起即成豆皮。只使用初期形成的四張豆皮，低溫85度烘烤(非油炸方式)，全程純手工製作成色澤金黃的腐竹。為優良的蛋白質來源。 適合用於火鍋中非常耐煮，或與豬肉、豆干、海帶等食材一起滷製。或先由炸後再做成湯品也很好吃。', 99, 89, 1, 31, '2023-09-03 16:00:00', 1, '2024-05-19 06:33:28', '2024-05-19 06:33:28'),
(161, 19, '有機豆腐', '採用栽種期長達120天的非基因改造有機黃豆，優質植物性蛋白質比例高且豆味濃郁，加入以奈米負離子過濾的湧泉水製成。絕不添加漂白劑，每口都可安心享受豆香美味及健康。所有豆類製品採用全天然的冷壓橄欖油和米糠進行消泡過程。', 99, 79, 24, 31, '2023-01-03 16:00:00', 1, '2024-05-19 06:33:28', '2024-05-19 06:33:28'),
(162, 19, '有機嫩豆腐', '採用栽種期長達120天的非基因改造有機黃豆，優質植物性蛋白質比例高且豆味濃郁，加入以奈米負離子過濾的湧泉水製成。絕不添加漂白劑，每口都可安心享受豆香美味及健康。所有豆類製品採用全天然的冷壓橄欖油和米糠進行消泡過程。', 89, 79, 1, 31, '2022-03-23 16:00:00', 1, '2024-05-19 06:33:28', '2024-05-19 06:33:28'),
(163, 19, '有機原味豆干', '採用栽種期長達120天的非基因改造有機黃豆，優質植物性蛋白質比例高且豆味濃郁，加入以奈米負離子過濾的湧泉水製成。絕不添加漂白劑，每口都可安心享受豆香美味及健康。所有豆類製品採用全天然的冷壓橄欖油和米糠進行消泡過程。', 79, 79, 43, 31, '2023-10-30 16:00:00', 1, '2024-05-19 06:33:28', '2024-05-19 06:33:28'),
(164, 19, '有機純豆漿', '採用栽種期長達120天的非基因改造有機黃豆，優質植物性蛋白質比例高且豆味濃郁，加入以奈米負離子過濾的湧泉水製成。絕不添加漂白劑，每口都可安心享受豆香美味及健康。所有豆類製品採用全天然的冷壓橄欖油和米糠進行消泡過程。', 89, 79, 38, 31, '2021-10-12 16:00:00', 1, '2024-05-19 06:33:28', '2024-05-19 06:33:28'),
(165, 19, '有機豆皮', '採用栽種期長達120天的非基因改造有機黃豆，優質植物性蛋白質比例高且豆味濃郁，加入以奈米負離子過濾的湧泉水製成。絕不添加漂白劑，每口都可安心享受豆香美味及健康。所有豆類製品採用全天然的冷壓橄欖油和米糠進行消泡過程。', 89, 79, 39, 31, '2022-07-31 16:00:00', 1, '2024-05-19 06:33:28', '2024-05-19 06:33:28'),
(166, 19, '凍豆腐', '採用栽種期長達120天的非基因改造有機黃豆，優質植物性蛋白質比例高且豆味濃郁，加入以奈米負離子過濾的湧泉水製成。絕不添加漂白劑，每口都可安心享受豆香美味及健康。所有豆類製品採用全天然的冷壓橄欖油和米糠進行消泡過程。', 89, 79, 12, 31, '2021-10-13 16:00:00', 1, '2024-05-19 06:33:28', '2024-05-19 06:33:28'),
(167, 19, '冷凍麵腸', '用未漂白的高筋麵粉加水揉成麵糰，靜置40~50分鐘後，經反覆在水中搓洗，去除粉漿留下蛋白質部分即為生筋，是製作好吃Q軟麵腸的主要原料與祕訣，可食用到麵粉本身自然的甜度。', 89, 79, 24, 31, '2021-07-13 16:00:00', 1, '2024-05-19 06:33:28', '2024-05-19 06:33:28'),
(168, 12, '有機草本臭豆腐', '嚴選有機黃豆並以契作的有機莧菜經過發酵讓豆腐俱有濃郁香氣，不論是蒸或煮或煎的調理方式都適合。', 89, NULL, 14, 31, '2022-05-28 16:00:00', 1, '2024-05-19 06:33:28', '2024-05-19 06:33:28'),
(169, 12, '福袋壽司皮', '採用非基因改造黃豆製成，全程不使用化學肥料及農藥。優質植物性蛋白質比例高且豆味濃郁，絕不添加漂白劑，每口都可安心享受豆香美味及健康。遵循傳統手藝工法，融合醬油、醋、糖、味醂的鹹、甜、酸、香，風味層次感十足，豆皮滑嫩多汁。', 89, NULL, 18, 31, '2023-12-26 16:00:00', 1, '2024-05-19 06:33:28', '2024-05-19 06:33:28'),
(170, 13, '100%天然鮮奶', '鮮奶製造必須經過殺菌處理，市售鮮奶多採用省時低成本的超高短時（UHT）製程，犧牲了營養價值，GREEN & SAFE 100％純鮮奶以高溫短時（HTST）殺菌處理，保留了生乳特有的免疫球蛋白和乳鐵蛋白，濃郁爽口無負擔。以有機肥栽培的盤古拉牧草、苜蓿芽草餵養，加上位於山坡地通風乾燥的養育環境，未經調整配方，乳香天然，讓鮮奶好喝來自自然健康的乳牛。 ＊本產品選用雪比牧場單一牧場生乳，經過HACCP驗證通過工廠生產，請安心食用。', 89, NULL, 46, 31, '2021-10-27 16:00:00', 1, '2024-05-19 06:33:28', '2024-05-19 06:33:28'),
(171, 13, '新生活鮮奶茶', '◆50%生乳含量 ◆台灣在地魚池茶葉熬煮 ◆使用天然蔗糖 無任何奶粉、香精、人工添加物等等的多餘原料，市面上最天然的鮮奶茶，成分單純，市面上的鮮奶茶即使有標榜使用生乳，但是生乳的比例若非達到50%就稱為『乳飲品』而非『調味乳』。', 89, NULL, 24, 31, '2022-09-27 16:00:00', 1, '2024-05-19 06:33:28', '2024-05-19 06:33:28'),
(172, 13, '雪坊鮮果優格-藍莓', '嚴選固定乳源，100% 鮮乳不添加奶粉、糖甚至凝固劑等人工添加物，單純以自然發酵工法製作，讓優格帶有迷人的天然酸氣， 也保有鮮乳的濃郁乳香。果醬採取安心水果製作，不添加香料，以最簡單的糖煮方式， 熬煮出微酸不甜膩的純粹美好滋味。', 199, NULL, 1, 31, '2021-07-21 16:00:00', 1, '2024-05-19 06:33:28', '2024-05-19 06:33:28'),
(173, 13, '希臘式濃縮優格-鮮奶', '採用100% 鮮乳、活性乳酸菌製成。一般國外進口品均有添加鮮奶油（含乳化劑）或增稠劑、本產品為國內自製100%純鮮乳製成無添加。希臘優格質地較扎實，呈固體狀、味道濃郁綿密，可單吃亦可調味做抹醬或烘焙用。', 199, NULL, 23, 31, '2021-05-31 16:00:00', 1, '2024-05-19 06:33:28', '2024-05-19 06:33:28'),
(174, 13, '雪比無糖生優格', '新鮮的「生優格」是用100%生乳而非鮮乳自然發酵而成，口感微酸卻帶有自然牛奶香醇滋味，完全無添加糖，保有最原始優格風味。', 99, NULL, 48, 31, '2022-11-07 16:00:00', 1, '2024-05-19 06:33:28', '2024-05-19 06:33:28'),
(175, 13, '法國艾許含鹽迷你奶油30g(4入組)', '法國艾許奶油只採集特定合作農場生乳並經特別篩選後，進行歷時15小時的天然發酵及熟成，爾後將鮮奶油移至柚木製成的木桶中攪拌，使之成型為奶油。製作過中運用最新科技確保奶油的新鮮品質，也同時保有傳統製法，讓超過一世紀的美味傳承。自1904年開始生產以來，飽滿香醇且柔緻的口感，已成為奶油中的極品。', 109, NULL, 14, 31, '2023-08-24 16:00:00', 1, '2024-05-19 06:33:28', '2024-05-19 06:33:28'),
(176, 2, '日本青森冬戀蘋果 (約16~18粒/約5', '珍貴稀有的金蘋果，來自日本的冬戀蘋果，產期短、產量稀少，甜度極高且結蜜比例高，十分珍貴。冬戀蘋果的果皮呈少見的金黃色澤，果肉酸度低，散發馥郁的高雅香氣，蘋果蜜呈深黃色，橫切呈星型的漂亮蜜線，是視覺與味覺的極致饗宴。', 109, NULL, 43, 31, '2021-07-25 16:00:00', 1, '2024-05-19 06:33:28', '2024-05-19 06:33:28'),
(177, 2, '紐西蘭空運安心櫻桃(30mm)(約1kg', '紐西蘭空運安心櫻桃位於南半球的紐西蘭是公認最佳的櫻桃產區，擁有充足的日照，加上火山地質的肥沃土壤及純淨的冰河雪水灌溉，栽培出的櫻桃品質極高，果實顏色飽滿有光澤，甜度高且硬脆多汁，被譽為「冬日的紅寶石」。', 599, NULL, 8, 31, '2022-12-25 16:00:00', 1, '2024-05-19 06:33:28', '2024-05-19 06:33:28'),
(178, 22, '日本青森大紅榮蘋果禮盒 (約8顆/約2.', '蘋果界的鑽石，大紅榮蘋果又稱為「黑金剛富士」，是日本為台灣人口味量身打造的品種。以無套袋的方式栽種，藉由光合作用育成出漂亮的深紅色。果形又大又圓，華麗飽滿的色澤，象徵喜氣與好運。大紅榮蘋果的風味與富士蘋果相近，特色為脆度高且水份多，滋味香甜清爽，糖度高達13-14度，宛如蘋果界的鑽石。', 589, NULL, 40, 31, '2023-06-08 16:00:00', 1, '2024-05-19 06:33:28', '2024-05-19 06:33:28'),
(179, 2, '有機義大利黃金奇異果 (約25粒/約3.', '義大利有機金圓頭奇異果，歷經十四年培育，果皮薄透、外型渾圓、豐沛多汁，超高營養價值，富含膳食纖維。 果皮薄透、外型渾圓、豐沛多汁，充滿多層次的新鮮水果口感，甜中帶微酸。完全不使用農藥和化肥下，裁種出營養價值豐富的有機奇異果。', 589, NULL, 37, 31, '2022-10-09 16:00:00', 1, '2024-05-19 06:33:28', '2024-05-19 06:33:28'),
(180, 2, '日本黃金蜜柑 (約1~1.2kg/約12', '完美甜酸比，味蕾的冬日盛宴，日本蜜柑（???）又稱「一口柑」，以高甜度、無籽、皮薄多汁聞名，果實小巧可愛，色澤橙黃飽滿，果肉纖維柔軟細緻且擁有恰到好處的甜酸比例。每一口，彷彿都能感受到陽光灑在果肉上的溫暖，甜美滋味在舌尖綻放。', 489, NULL, 36, 31, '2022-02-22 16:00:00', 1, '2024-05-19 06:33:28', '2024-05-19 06:33:28'),
(181, 2, '日本青森蜜富士蘋果 (約8顆/約2.8k', '陽光洗禮下的紅潤美肌，與富士蘋果為同一品種，在栽培時，特意摘除果實周圍的葉子，讓其充分受光，造就天然獨特的紅潤果色，並藉此提高甜度，再經過秋、冬兩季的冷鋒，形成結蜜狀，果香清雅、果肉甜而不膩、富含層次。 歷史悠久得天獨厚的蘋果之鄉，來自於日本蘋果之鄉青森，其本身地形多山，微氣候豐富，加上略為冷涼的溫帶氣候，特別適合蘋果生長，自二戰前就已經是日本主要蘋果產地，戰後更是積極改良許多蘋果品種，其中富士就是在青森縣選育出來的優良品種。在栽種上以草生栽培涵養土壤，營造田間豐富生態系，堅持熟度夠採收，孕育出果物最自然的甜美，全程空運來台，掌握運輸時間呈現最佳美味。', 499, NULL, 48, 31, '2023-09-03 16:00:00', 1, '2024-05-19 06:33:28', '2024-05-19 06:33:28'),
(182, 2, '鹽水地黑糖芭比蓮霧 (約9~12粒/約2', '黑糖芭比蓮霧吃起來相當脆甜多汁，果肉扎實，在嘴裡咀嚼清香的風味餘韻猶存、較不易裂果，是屬於蓮霧愛好者的夢幻逸品。', 499, NULL, 30, 31, '2023-06-25 16:00:00', 1, '2024-05-19 06:33:28', '2024-05-19 06:33:28'),
(183, 22, '梨山雪梨禮盒 (約6粒/約4kg/盒)', '雪梨，黃橙橙的外皮素有梨中之王的美名，外觀光滑、碩大飽滿，果肉細緻如雪，水分多，風味鮮美，甜度高。', 499, NULL, 46, 31, '2023-12-03 16:00:00', 1, '2024-05-19 06:33:28', '2024-05-19 06:33:28'),
(184, 2, '台灣麝香葡萄(500g/盒)', '台灣在地產的麝香葡萄，無籽、香氣濃郁，入口的繽紛果香可不會輸給日本產的麝香葡萄，在當地新鮮採收的鮮食感更是珍貴。 來自台中，砸下重本以溫室種植，有效減少了蟲害與病害，長期種植研究，找到台灣氣候與植栽的平衡點，並一粒粒疏果、每串做到顆粒與串型最好的數量。 入園就是一陣花果香氣，入口則是甜而不膩的滋味，薄脆口感擄獲每個人的心！', 499, NULL, 37, 31, '2022-06-17 16:00:00', 1, '2024-05-19 06:33:28', '2024-05-19 06:33:28'),
(185, 2, '加州紅石榴 (約6粒/約2kg)', '美國加州得天獨厚，具備夏季炎熱，冬季涼爽，太陽光照射充足的乾旱氣候，最適合石榴成長，是全美最主要產區，所產石榴不僅果實大，口感佳！', 499, NULL, 17, 31, '2021-05-07 16:00:00', 1, '2024-05-19 06:33:28', '2024-05-19 06:33:28'),
(186, 22, '鑽石蜜棗 (約2Kg/禮盒)', '鑽石蜜棗是同批蜜棗中最晚熟成，果型偏小而風味極為甜美的果實。蜜棗在每年十月初開始授粉，鑽石蜜棗有搶養份特性，在疏果期即收成，造就其果皮薄及甜度高而多汁的特色，產量稀少故更顯珍貴。', 599, NULL, 7, 31, '2021-01-28 16:00:00', 1, '2024-05-19 06:33:28', '2024-05-19 06:33:28'),
(187, 22, '現採有機桶柑 (3kg/禮盒)', '肉質細嫩多汁，糖酸比例好，並帶有柑橘類的濃郁香氣。', 599, NULL, 47, 31, '2021-07-10 16:00:00', 1, '2024-05-19 06:33:28', '2024-05-19 06:33:28'),
(188, 22, '台灣茂谷柑 (約2kg/約8粒/禮盒)', '肉質細嫩多汁，皮薄而甜度高，糖酸比例佳，風味濃郁的柑橘香氣。', 899, NULL, 11, 31, '2023-03-27 16:00:00', 1, '2024-05-19 06:33:28', '2024-05-19 06:33:28'),
(189, 2, '進口酪梨 (4粒)', '精選大規格進口酪梨，不若一般最小規格容易有軟爛現象，品質佳；口感柔軟滑順，奶香風味濃郁。', 299, NULL, 20, 31, '2021-01-02 16:00:00', 1, '2024-05-19 06:33:28', '2024-05-19 06:33:28'),
(190, 2, '安心珍珠芭樂(2kg)', '燕巢珍珠芭樂，有別於一般的栽種方式，選擇下肥料給草，讓草與樹共生，改變肥料使用模式與種植模式，提升土壤保水程度，讓大地自然生長，因而種出清脆、香甜可口的珍珠芭樂。', 299, NULL, 37, 31, '2023-10-07 16:00:00', 1, '2024-05-19 06:33:28', '2024-05-19 06:33:28'),
(191, 2, '祕魯大果藍莓 (3入組)', '祕魯藍莓主要產季為入冬為隔年春季為最主要的盛產期，因南美洲擁有獨特的地理氣候，日夜溫差大，且長時間日照，非常適合藍莓的種植條件，因此擁有碩大果粒的果實與風味。 GREEN & SAFE 嚴選藍莓看似嬌嫩卻有著過人的營養蘊含其中， 富含花青素、多種維生素、礦物質。', 599, NULL, 26, 31, '2022-11-13 16:00:00', 1, '2024-05-19 06:33:28', '2024-05-19 06:33:28'),
(192, 2, '有機彩色小番茄 (580g/盒)', '混合各品種酸甜比例的風味層次，適合沙拉、料理、鮮食使用。 嘗試栽培許多小番茄的品種多年，選出顏色與風味均有高水平的品種作為彩色小番茄的組合，櫻蜜與玉女帶有渾厚的甜味，金瑩有優雅的香氣、紫晶靈有濃厚的番茄味，綠童是帶來鮮豔的視覺感以及淡淡的甜香味。使用溫室栽培管理，精密控制養份的供給，並減少雨季過多水份造成番茄風味落差的問題，風味品質穩定。', 189, NULL, 20, 31, '2022-05-14 16:00:00', 1, '2024-05-19 06:33:28', '2024-05-19 06:33:28'),
(193, 2, '黃金百香果(份)', '香味濃郁。果肉飽滿，果汁率高，糖酸比例佳。', 189, NULL, 5, 31, '2022-10-28 16:00:00', 1, '2024-05-19 06:33:28', '2024-05-19 06:33:28'),
(194, 2, '有機美國富士蘋果(3粒/份)', '美國富士有機蘋果產地，由於日夜溫差大、降雨少的氣候環境非常適合蘋果生長，以融雪灌溉的純淨水源，加上火山土壤肥沃，使產出的蘋果甜度更高、色澤更加亮麗、果肉更加緊實，乾燥的氣候則能減少果樹病蟲害發生。以無農藥、無化學肥料、不施除草劑、不用化肥的有機方式種植，可安心帶皮吃下蘋果中的完整營養。', 199, NULL, 35, 31, '2021-05-08 16:00:00', 1, '2024-05-19 06:33:28', '2024-05-19 06:33:28'),
(195, 2, '溫室玉女小番茄', 'GREEN&SAFE嚴選的小番茄擁有絕佳的栽培環境，孕育出口感品質均佳，且安心無化學農藥殘留的有機小番茄。採溫室有機介質栽培(泥炭土)，並定時偵測泥土的導電度，讓有機小番茄保持良好的吸收能力；採懸空網架種植，灌溉採滴灌系統，地面不潮濕不易長雜草，溫室入口處設有隔離間，減少外來病蟲害的威脅。一份300g。', 199, NULL, 15, 31, '2022-01-26 16:00:00', 1, '2024-05-19 06:33:28', '2024-05-19 06:33:28'),
(196, 2, '溫室櫻蜜小番茄(300g/盒)', '皮薄而果肉柔嫩多汁，甜度高而番茄味濃郁的品種，少見而珍稀。', 199, NULL, 46, 31, '2022-03-30 16:00:00', 1, '2024-05-19 06:33:28', '2024-05-19 06:33:28'),
(197, 2, '有機香蕉 (600g/份)', '香蕉對消化、吸收相當良好。特選有機栽培規範的優質有機香蕉，採用不耕犛的宿根草生栽培，病蟲害管理採割葉及套袋隔離保護。', 199, NULL, 29, 31, '2022-05-03 16:00:00', 1, '2024-05-19 06:33:28', '2024-05-19 06:33:28'),
(198, 2, '有機轉型期木瓜 (1.5公斤)', '嚴選山區有機果園的有機木瓜，地形起伏大、日夜溫差大、排水良好，有著天然優勢。以草生和益菌法栽種，生態環境豐富、土地健康與生態平衡作物生長良好，利用香草蒜辣液有機防治病蟲。有機木瓜與有機轉型期木瓜將因應時節輪替出貨。', 189, NULL, 2, 31, '2021-10-18 16:00:00', 1, '2024-05-19 06:33:28', '2024-05-19 06:33:28'),
(199, 2, '冷凍覆盆莓', '只選在產季時採收的新鮮覆盆莓， 經過清洗、殺菌等流程， 再以高科技I.Q.F冷凍技術在10 ~ 20 分鐘內， 以超低溫（-30 °C t o - 41°C），採個別凍結的方式做處理，凍結後其凍冰晶細小，更可以保存產品的鮮度、口感、顏色。覆盆莓皆來自特約農場，品質穩定、安心。', 189, NULL, 34, 31, '2023-07-06 16:00:00', 1, '2024-05-19 06:33:28', '2024-05-19 06:33:28'),
(200, 2, '冷凍野生有機藍莓', '果實小巧的藍莓雖看似嬌嫩卻有著過人的營養蘊含其中， 富含花青素、多種維生素、礦物質；GREEN & SAFE 特選有機藍莓，因為有機栽種，在採收時更需要人工悉心的逐粒採收與挑選，才能保持其完整的品質。一般來說採收的季節為夏季， 通常在北半球產地為7月產出、南半球則為1月。', 199, NULL, 13, 31, '2021-07-05 16:00:00', 1, '2024-05-19 06:33:28', '2024-05-19 06:33:28'),
(201, 1, '蔬菜箱 (有機12 物 )', '堅持依照時令栽培的旬味，豐富多品種的菜色搭配，一年四季享受到令人意想不到的驚艷！除了嚴選在地農友種植的安心蔬菜之外，GREEN & SAFE更保留許多風味優良的傳統種子，依循傳統智慧，養雞除蟲、綠籬培育生態系統、輪耕不同作物維持地力充沛，製作有機堆肥讓葉菜吸取均衡的肥份，並選擇純淨無污染而富含礦物質的灌溉水源。讓您不只安心，更能享受新鮮美味的有機蔬菜箱！ 【內含：5~6葉菜類、5~6根莖瓜果類、1菇類】(圖片內文僅供參考，內容以當季實際採收品項為主)', 199, NULL, 46, 31, '2021-06-13 16:00:00', 1, '2024-05-19 06:33:28', '2024-05-19 06:33:28'),
(202, 1, '蔬菜箱 (有機8 物 )', '堅持依照時令栽培的旬味，豐富多品種的菜色搭配，一年四季享受到令人意想不到的驚艷！除了嚴選在地農友種植的安心蔬菜之外，GREEN & SAFE更保留許多風味優良的傳統種子，依循傳統智慧，養雞除蟲、綠籬培育生態系統、輪耕不同作物維持地力充沛，製作有機堆肥讓葉菜吸取均衡的肥份，並選擇純淨無污染而富含礦物質的灌溉水源。不只安心，更多新鮮美味！', 189, NULL, 44, 31, '2022-10-17 16:00:00', 1, '2024-05-19 06:33:28', '2024-05-19 06:33:28'),
(203, 1, '銀杏果(3包組)(冷凍)', '銀杏果果實橢圓型，果殼呈現金黃色，果肉為白色故稱「白果」，來自好山好水的南投縣銀杏湖生態教育園區，是全台最大銀杏樹種植農圃。', 179, NULL, 35, 31, '2023-11-06 16:00:00', 1, '2024-05-19 06:33:28', '2024-05-19 06:33:28'),
(204, 1, '有機節瓜盤', 'GREEN & SAFE 特別推有機節瓜盤出各種有機節瓜，多種顏色的節瓜。相較於市售，有機節瓜特別細心照顧，瓤肉細緻柔嫩、皮薄多汁，尤其口味清甜不帶苦澀。', 169, NULL, 33, 31, '2023-09-29 16:00:00', 1, '2024-05-19 06:33:28', '2024-05-19 06:33:28'),
(205, 1, '去殼綠竹筍', '盛產於夏季的綠竹筍適合在雨量豐沛，氣侯溫和的環境生長，全成栽培不使用化學肥料及農藥，農友堅持要在清晨趕在陽光露臉前採收，馬上冷藏，鎖住筍子嫩甜，品質好的綠竹筍為白、彎、矮、肥，品嚐起來，香脆多汁且纖維細緻。', 299, NULL, 31, 31, '2021-08-11 16:00:00', 1, '2024-05-19 06:33:28', '2024-05-19 06:33:28'),
(206, 1, '有機朝陽蘿蔔', '朝陽蘿蔔， 百年前由日本引進，由於其甜美的滋味與晶瑩剔透的外表， 外型白皙嬌小， 不用削皮即可食用， 口感細緻帶有清甜而濃郁的蘿蔔香氣， 一年中僅產一次， 是冬季才有的限定美食。涼拌或醃製口感爽脆， 熱炒煮湯的話則是紮實有彈性。', 299, NULL, 18, 31, '2022-09-09 16:00:00', 1, '2024-05-19 06:33:28', '2024-05-19 06:33:28'),
(207, 1, '有機高麗菜', 'GREEN&SAFE 特別與桃園縣復興鄉及新竹縣尖石鄉的農友合作，來自高山的〈初秋〉高麗菜登場囉！〈初秋〉品種在1950年代由日本引進台灣種植，菜梗稜線明顯、葉脈紋路細淺，受到溫度影響，外觀呈現尖頭狀，滋味甜脆，口感厚實，深受饕客喜愛。', 299, NULL, 14, 31, '2022-08-19 16:00:00', 1, '2024-05-19 06:33:28', '2024-05-19 06:33:28'),
(208, 1, '有機極嫩青江菜', 'GREEN & SAFE有機極嫩葉菜，農場新鮮現採，順應時令種植的葉菜幼苗，質地柔嫩，味道清香，簡易烹煮就能品嘗有機嫩菜的鮮採美味！極嫩葉菜的栽培過程，費時費力，種植過程更是吃力不討好，為了呵護幼苗的鮮嫩，從人工播種、溫室栽培、費時育苗，最重要的田間管理更是馬虎不得，因為連菜蟲都挑最鮮嫩的綠苗大快朵頤，農場阿姨得每天定期巡視，用心照料，人工一株一株剪收，挑選最精華包裝入袋。', 188, NULL, 27, 31, '2021-09-12 16:00:00', 1, '2024-05-19 06:33:28', '2024-05-19 06:33:28'),
(209, 1, '有機青花筍', '青花筍與青花菜（花椰菜）一樣屬於十字花科的深綠色蔬菜，但無論是營養及口感都比青花菜勝出。GREEN&SAFE種植的有機青花筍為專門品種，而不是採收青花菜的側枝，因此青花筍的品質也更穩定、更清甜。不管是涼拌、或蒸煮炒炸都適合，直接生吃也可以。', 289, NULL, 15, 31, '2022-11-12 16:00:00', 1, '2024-05-19 06:33:28', '2024-05-19 06:33:28'),
(210, 1, '有機 Baby leaf 綜合葉菜(未清', '有機農場土壤栽種，吸收土壤內的微量元素，接受陽光洗禮，專人一葉一葉小心採收清洗，含五種小葉菜，一次攝取多元營養。', 289, NULL, 47, 31, '2022-02-20 16:00:00', 1, '2024-05-19 06:33:28', '2024-05-19 06:33:28'),
(211, 1, '有機南瓜塊', '特選台灣在地有機阿成南瓜，果實呈木瓜型，果肉橙黃色， 含有β- 胡蘿蔔素及各種營養價值， 風味甜美又兼具健康，已切好塊狀方便調理。', 199, NULL, 48, 31, '2022-08-12 16:00:00', 1, '2024-05-19 06:33:28', '2024-05-19 06:33:28'),
(212, 1, '有機玉米筍', '玉米筍是小朋友十分喜愛的蔬菜，但玉米筍不易種植病蟲害多愛多，容易有農藥殘留問題。 GREEN&SAFE 嚴選有機玉米筍讓您吃得安心。清早就採收柔嫩鮮甜的玉米筍，立即預冷，鎖住極嫩的口感與香甜風味，營養不流失。', 100, NULL, 10, 31, '2023-06-30 16:00:00', 1, '2024-05-19 06:33:28', '2024-05-19 06:33:28'),
(213, 1, '有機生鮮香菇', '選育純種蕈菇孢子，在精密控制溫度、濕度的密閉空間生長，嚴格避免外界的雜菌及汙染源，讓香菇菌絲分解培養基質內的有機養份，轉換成多糖體、維生素及多種胺基酸，菇體柔嫩而鮮度高菇傘大又厚實，口感十足。', 89, NULL, 31, 31, '2021-07-06 16:00:00', 1, '2024-05-19 06:33:28', '2024-05-19 06:33:28'),
(214, 1, '有機活株陶立克(杏鮑菇)', '小巧玲瓏，口感卻扎實飽滿，香氣濃郁', 79, NULL, 27, 31, '2023-02-27 16:00:00', 1, '2024-05-19 06:33:28', '2024-05-19 06:33:28'),
(215, 1, '有機洋菇(中菇)', '洋菇含有豐富的蛋白質，也因此被稱為「蔬菜中的牛排」。想不出來今晚該煮什麼菜嗎？來盤簡單的洋菇炒蛋也很好喔！', 89, NULL, 46, 31, '2022-10-11 16:00:00', 1, '2024-05-19 06:33:28', '2024-05-19 06:33:28'),
(216, 1, '有機五鮮菇(綜合菇)', '愛吃菇的你怎能錯過！五種不同口感的經典好菇，杏鮑菇、金針菇、黑美人菇、鴻喜菇、黑木耳，GREEN&SAFE幫你打包好啦～', 79, NULL, 50, 31, '2022-05-10 16:00:00', 1, '2024-05-19 06:33:28', '2024-05-19 06:33:28'),
(217, 1, '有機黑木耳', '選育純種蕈菇孢子，在精密控制溫度、濕度的密閉空間生長，嚴格避免外界的雜菌及汙染源，讓黑木耳菌絲分解培養基質內的有機養份，轉換成多糖體、維生素及多種胺基酸，菇體柔嫩滋嫩滑口，新鮮採收的風味，保存甜度與口感，絕非市售乾燥後在復水的黑木耳可以比擬。', 79, NULL, 42, 31, '2022-08-17 16:00:00', 1, '2024-05-19 06:33:28', '2024-05-19 06:33:28');
INSERT INTO `product` (`id`, `category_id`, `product_name`, `product_description`, `product_price`, `discount_price`, `product_stock`, `coupon_id`, `upload_date`, `valid`, `created_at`, `updated_at`) VALUES
(218, 14, '澎湖急凍熟花生(份)', '季節限定商品，每年7 月為澎湖花生的盛產期，將澎湖農民採收後的花生立刻清洗蒸煮，鎖住花生的甘甜滋味，鬆鬆綿綿。完全無添加防腐劑，商品退冰即可直接享用，是你最安心的零嘴選擇！', 69, 59, 42, 31, '2022-01-11 16:00:00', 1, '2024-05-19 06:33:28', '2024-05-19 06:33:28'),
(219, 14, '有機冷凍綠花椰', '1.有機驗證 2.使用台灣有機綠花椰', 89, 79, 13, 31, '2022-01-22 16:00:00', 1, '2024-05-19 06:33:28', '2024-05-19 06:33:28'),
(220, 14, '有機冷凍白花椰', '1.有機驗證 2.使用台灣有機白花椰', 89, 79, 11, 31, '2022-01-17 16:00:00', 1, '2024-05-19 06:33:28', '2024-05-19 06:33:28'),
(221, 14, '有機冷凍玉米塊', '1.有機驗證 2.使用台灣有機玉米', 99, 89, 7, 31, '2021-03-08 16:00:00', 1, '2024-05-19 06:33:28', '2024-05-19 06:33:28'),
(222, 14, '有機 Baby leaf（芝麻菜）', '新鮮現採芝麻菜小葉，葉片經嚼時有微微辛辣味及回甘，有人說它又有芝麻的香氣。非常適合與肉類搭配。', 129, 99, 24, 31, '2022-06-16 16:00:00', 1, '2024-05-19 06:33:28', '2024-05-19 06:33:28'),
(223, 9, '放山古早雞雞胸肉', '．品種選用最接近台灣原生品種放山雞，適應台灣風土，抗病性特佳。 ．成長週齡達14-15週，換肉率不如肉雞，但肉質扎實鮮甜，無腥味。 ．低密度放養，運動量十足。 ．餵食穀物、天然果實、小蟲，營養均衡。', 129, NULL, 31, 31, '2023-09-02 16:00:00', 1, '2024-05-19 06:33:28', '2024-05-19 06:33:28'),
(224, 9, '放山古早雞雞柳', '．古早放山雞品種，接近400年先民渡台品種，適應台灣風土，抗病性特佳。 ．成長週齡達14-15週，換肉率不如肉雞，但肉質扎實鮮甜，無腥味。 ．低密度放養，運動量十足。 ．餵食穀物、天然果實、小蟲，營養均衡。 ．單一牧場來源，安全有保障！', 299, NULL, 24, 31, '2021-05-21 16:00:00', 1, '2024-05-19 06:33:28', '2024-05-19 06:33:28'),
(225, 9, '放山古早雞二節翅', '．古早放山雞品種，接近400年先民渡台品種，適應台灣風土，抗病性特佳。 ．成長週齡達14-15週，換肉率不如肉雞，但肉質扎實鮮甜，無腥味。 ．低密度放養，運動量十足。 ．餵食穀物、天然果實、小蟲，營養均衡。', 299, NULL, 42, 31, '2021-07-02 16:00:00', 1, '2024-05-19 06:33:28', '2024-05-19 06:33:28'),
(226, 9, '放山古早雞翅小腿', '．品種選用最接近台灣原生品種放山雞，適應台灣風土，抗病性特佳。 ．成長週齡達14-15週，換肉率不如肉雞，但肉質扎實鮮甜，無腥味。 ．低密度放養，運動量十足。 ．餵食穀物、天然果實、小蟲，營養均衡。', 299, NULL, 48, 31, '2021-09-23 16:00:00', 1, '2024-05-19 06:33:28', '2024-05-19 06:33:28'),
(227, 9, '放山古早雞去骨雞腿', '．品種選用最接近台灣原生品種放山雞，適應台灣風土，抗病性特佳。 ．成長週齡達14-15週，換肉率不如肉雞，但肉質扎實鮮甜，無腥味。 ．低密度放養，運動量十足。 ．餵食穀物、天然果實、小蟲，營養均衡。', 299, NULL, 26, 31, '2021-11-02 16:00:00', 1, '2024-05-19 06:33:28', '2024-05-19 06:33:28'),
(228, 9, '放山古早雞帶骨雞腿切塊', '．品種選用最接近台灣原生品種放山雞，適應台灣風土，抗病性特佳。 ．成長週齡達14-15週，換肉率不如肉雞，但肉質扎實鮮甜，無腥味。 ．低密度放養，運動量十足。 ．餵食穀物、天然果實、小蟲，營養均衡。', 299, NULL, 16, 31, '2021-03-20 16:00:00', 1, '2024-05-19 06:33:28', '2024-05-19 06:33:28'),
(229, 9, '放山古早雞雞腿切丁', '．古早放山雞品種，接近400年先民渡台品種，適應台灣風土，抗病性特佳。 ．成長週齡達14-15週，換肉率不如肉雞，但肉質扎實鮮甜，無腥味。 ．低密度放養，運動量十足。 ．餵食穀物、天然果實、小蟲，營養均衡。', 299, NULL, 44, 31, '2021-06-13 16:00:00', 1, '2024-05-19 06:33:28', '2024-05-19 06:33:28'),
(230, 9, '放山古早雞半切雞', '．品種選用最接近台灣原生品種放山雞，適應台灣風土，抗病性特佳。 ．成長週齡達14-15週，換肉率不如肉雞，但肉質扎實鮮甜，無腥味。 ．低密度放養，運動量十足。 ．餵食穀物、天然果實、小蟲，營養均衡。', 299, NULL, 13, 31, '2023-03-12 16:00:00', 1, '2024-05-19 06:33:28', '2024-05-19 06:33:28'),
(231, 9, '放山古早雞', '．品種選用最接近台灣原生品種放山雞，適應台灣風土，抗病性特佳。 ．成長週齡達14-15週，換肉率不如肉雞，但肉質扎實鮮甜，無腥味。 ．低密度放養，運動量十足。 ．餵食穀物、天然果實、小蟲，營養均衡。', 399, NULL, 19, 31, '2023-12-10 16:00:00', 1, '2024-05-19 06:33:28', '2024-05-19 06:33:28'),
(232, 17, '台灣正黑豬臉頰肉', '相信堅持的價值，尋找台灣真食物 老品種的台灣黑豬，擁有桃園豬的細緻Q彈肉質，梅山豬柔嫩多汁的脂肪優勢。堅持使用品種選育搭配全素飼料配方，飼養過程絕對不使用瘦肉精及抗生素，人道飼養給予豬隻通風環境及足夠的運動空間，定期幫黑豬沖澡，造就正黑豬獨特的風味與口感。', 499, 399, 38, 31, '2022-07-18 16:00:00', 1, '2024-05-19 06:33:28', '2024-05-19 06:33:28'),
(233, 17, '台灣正黑豬大里肌肉排', '相信堅持的價值，尋找台灣真食物 老品種的台灣黑豬，擁有桃園豬的細緻Q彈肉質，梅山豬柔嫩多汁的脂肪優勢。堅持使用品種選育搭配全素飼料配方，飼養過程絕對不使用瘦肉精及抗生素，人道飼養給予豬隻通風環境及足夠的運動空間，定期幫黑豬沖澡，造就正黑豬獨特的風味與口感。', 599, 499, 1, 31, '2023-12-04 16:00:00', 1, '2024-05-19 06:33:28', '2024-05-19 06:33:28'),
(234, 17, '台灣正黑豬小排', '相信堅持的價值，尋找台灣真食物 老品種的台灣黑豬，擁有桃園豬的細緻Q彈肉質，梅山豬柔嫩多汁的脂肪優勢。堅持使用品種選育搭配全素飼料配方，飼養過程絕對不使用瘦肉精及抗生素，人道飼養給予豬隻通風環境及足夠的運動空間，定期幫黑豬沖澡，造就正黑豬獨特的風味與口感。', 399, 299, 7, 31, '2022-04-27 16:00:00', 1, '2024-05-19 06:33:28', '2024-05-19 06:33:28'),
(235, 17, '台灣正黑豬去皮五花肉', '相信堅持的價值，尋找台灣真食物 老品種的台灣黑豬，擁有桃園豬的細緻Q彈肉質，梅山豬柔嫩多汁的脂肪優勢。堅持使用品種選育搭配全素飼料配方，飼養過程絕對不使用瘦肉精及抗生素，人道飼養給予豬隻通風環境及足夠的運動空間，定期幫黑豬沖澡，造就正黑豬獨特的風味與口感。', 299, 289, 5, 31, '2022-03-16 16:00:00', 1, '2024-05-19 06:33:28', '2024-05-19 06:33:28'),
(236, 17, '台灣正黑豬帶皮五花肉', '相信堅持的價值，尋找台灣真食物 老品種的台灣黑豬，擁有桃園豬的細緻Q彈肉質，梅山豬柔嫩多汁的脂肪優勢。堅持使用品種選育搭配全素飼料配方，飼養過程絕對不使用瘦肉精及抗生素，人道飼養給予豬隻通風環境及足夠的運動空間，定期幫黑豬沖澡，造就正黑豬獨特的風味與口感。', 499, 389, 25, 31, '2023-05-08 16:00:00', 1, '2024-05-19 06:33:28', '2024-05-19 06:33:28'),
(237, 17, '台灣正黑豬大骨', '相信堅持的價值，尋找台灣真食物 老品種的台灣黑豬，擁有桃園豬的細緻Q彈肉質，梅山豬柔嫩多汁的脂肪優勢。堅持使用品種選育搭配全素飼料配方，飼養過程絕對不使用瘦肉精及抗生素，人道飼養給予豬隻通風環境及足夠的運動空間，定期幫黑豬沖澡，造就正黑豬獨特的風味與口感。', 299, 289, 46, 31, '2022-07-17 16:00:00', 1, '2024-05-19 06:33:28', '2024-05-19 06:33:28'),
(238, 17, '台灣正黑豬肉絲', '相信堅持的價值，尋找台灣真食物 老品種的台灣黑豬，擁有桃園豬的細緻Q彈肉質，梅山豬柔嫩多汁的脂肪優勢。堅持使用品種選育搭配全素飼料配方，飼養過程絕對不使用瘦肉精及抗生素，人道飼養給予豬隻通風環境及足夠的運動空間，定期幫黑豬沖澡，造就正黑豬獨特的風味與口感。 ', 499, 399, 18, 31, '2023-07-11 16:00:00', 1, '2024-05-19 06:33:28', '2024-05-19 06:33:28'),
(239, 10, '台灣正黑豬梅花肉片', '相信堅持的價值，尋找台灣真食物 老品種的台灣黑豬，擁有桃園豬的細緻Q彈肉質，梅山豬柔嫩多汁的脂肪優勢。堅持使用品種選育搭配全素飼料配方，飼養過程絕對不使用瘦肉精及抗生素，人道飼養給予豬隻通風環境及足夠的運動空間，定期幫黑豬沖澡，造就正黑豬獨特的風味與口感。\r\n', 599, NULL, 4, 31, '2023-10-05 16:00:00', 1, '2024-05-19 06:33:28', '2024-05-19 06:33:28'),
(240, 10, '台灣正黑豬絞肉', '相信堅持的價值，尋找台灣真食物 老品種的台灣黑豬，擁有桃園豬的細緻Q彈肉質，梅山豬柔嫩多汁的脂肪優勢。堅持使用品種選育搭配全素飼料配方，飼養過程絕對不使用瘦肉精及抗生素，人道飼養給予豬隻通風環境及足夠的運動空間，定期幫黑豬沖澡，造就正黑豬獨特的風味與口感。', 399, NULL, 19, 31, '2023-01-01 16:00:00', 1, '2024-05-19 06:33:28', '2024-05-19 06:33:28'),
(241, 10, '台灣正黑豬胛心肉片', '相信堅持的價值，尋找台灣真食物 老品種的台灣黑豬，擁有桃園豬的細緻Q彈肉質，梅山豬柔嫩多汁的脂肪優勢。堅持使用品種選育搭配全素飼料配方，飼養過程絕對不使用瘦肉精及抗生素，人道飼養給予豬隻通風環境及足夠的運動空間，定期幫黑豬沖澡，造就正黑豬獨特的風味與口感。', 499, NULL, 26, 31, '2021-06-17 16:00:00', 1, '2024-05-19 06:33:28', '2024-05-19 06:33:28'),
(242, 10, '台灣正黑豬去皮五花肉片', '相信堅持的價值，尋找台灣真食物 老品種的台灣黑豬，擁有桃園豬的細緻Q彈肉質，梅山豬柔嫩多汁的脂肪優勢。堅持使用品種選育搭配全素飼料配方，飼養過程絕對不使用瘦肉精及抗生素，人道飼養給予豬隻通風環境及足夠的運動空間，定期幫黑豬沖澡，造就正黑豬獨特的風味與口感。', 299, NULL, 6, 31, '2022-10-26 16:00:00', 1, '2024-05-19 06:33:28', '2024-05-19 06:33:28'),
(243, 10, '台灣正黑豬龍骨', '相信堅持的價值，尋找台灣真食物 老品種的台灣黑豬，擁有桃園豬的細緻Q彈肉質，梅山豬柔嫩多汁的脂肪優勢。堅持使用品種選育搭配全素飼料配方，飼養過程絕對不使用瘦肉精及抗生素，人道飼養給予豬隻通風環境及足夠的運動空間，定期幫黑豬沖澡，造就正黑豬獨特的風味與口感。 ', 289, NULL, 29, 31, '2021-08-24 16:00:00', 1, '2024-05-19 06:33:28', '2024-05-19 06:33:28'),
(244, 10, '台灣正黑豬僧帽肌', '相信堅持的價值，尋找台灣真食物 老品種的台灣黑豬，擁有桃園豬的細緻Q彈肉質，梅山豬柔嫩多汁的脂肪優勢。堅持使用品種選育搭配全素飼料配方，飼養過程絕對不使用瘦肉精及抗生素，人道飼養給予豬隻通風環境及足夠的運動空間，定期幫黑豬沖澡，造就正黑豬獨特的風味與口感。', 589, NULL, 42, 31, '2023-09-23 16:00:00', 1, '2024-05-19 06:33:28', '2024-05-19 06:33:28'),
(245, 10, '台灣正黑豬腰內肉', '相信堅持的價值，尋找台灣真食物 老品種的台灣黑豬，擁有桃園豬的細緻Q彈肉質，梅山豬柔嫩多汁的脂肪優勢。堅持使用品種選育搭配全素飼料配方，飼養過程絕對不使用瘦肉精及抗生素，人道飼養給予豬隻通風環境及足夠的運動空間，定期幫黑豬沖澡，造就正黑豬獨特的風味與口感。', 389, NULL, 9, 31, '2022-11-17 16:00:00', 1, '2024-05-19 06:33:28', '2024-05-19 06:33:28'),
(246, 10, '台灣正黑豬-腱子肉', '台灣正黑豬，以三百年前隨老祖先飄洋過海來台的老品種，桃園豬、梅山豬進行選育，孕育出品質最佳的台灣正黑豬，肉質細緻Q彈又帶著柔嫩多汁的脂肪；在潔淨通風的環境中生長，以多樣榖物、安心沙拉油及益生菌餵養，不失用瘦肉精等藥物，將台灣傳統的好味道傳承下去。', 189, NULL, 47, 31, '2022-01-24 16:00:00', 1, '2024-05-19 06:33:28', '2024-05-19 06:33:28'),
(247, 10, '台灣正黑豬戰斧豬排(小)', '相信堅持的價值，尋找台灣真食物 老品種的台灣黑豬，擁有桃園豬的細緻Q彈肉質，梅山豬柔嫩多汁的脂肪優勢。堅持使用品種選育搭配全素飼料配方，飼養過程絕對不使用瘦肉精及抗生素，人道飼養給予豬隻通風環境及足夠的運動空間，定期幫黑豬沖澡，造就正黑豬獨特的風味與口感。', 489, NULL, 42, 31, '2022-05-12 16:00:00', 1, '2024-05-19 06:33:28', '2024-05-19 06:33:28'),
(248, 10, '台灣正黑豬豬絞肉(瘦)', '嚴選台灣正黑豬前腿腿心部位，去除筋膜後做成的絞肉無多餘油脂是低熱量的肉品 適合：蒸肉、麻婆豆腐', 489, NULL, 3, 31, '2021-02-02 16:00:00', 1, '2024-05-19 06:33:28', '2024-05-19 06:33:28'),
(249, 10, '台灣正黑豬-松?肉', '相信堅持的價值，尋找台灣真食物 老品種的台灣黑豬，擁有桃園豬的細緻Q彈肉質，梅山豬柔嫩多汁的脂肪優勢。堅持使用品種選育搭配全素飼料配方，飼養過程絕對不使用瘦肉精及抗生素，人道飼養給予豬隻通風環境及足夠的運動空間，定期幫黑豬沖澡，造就正黑豬獨特的風味與口感。', 389, NULL, 14, 31, '2022-07-09 16:00:00', 1, '2024-05-19 06:33:28', '2024-05-19 06:33:28'),
(250, 10, '台灣正黑豬梅花肉', '相信堅持的價值，尋找台灣真食物 老品種的台灣黑豬，擁有桃園豬的細緻Q彈肉質，梅山豬柔嫩多汁的脂肪優勢。堅持使用品種選育搭配全素飼料配方，飼養過程絕對不使用瘦肉精及抗生素，人道飼養給予豬隻通風環境及足夠的運動空間，定期幫黑豬沖澡，造就正黑豬獨特的風味與口感。', 589, NULL, 10, 31, '2021-08-27 16:00:00', 1, '2024-05-19 06:33:28', '2024-05-19 06:33:28'),
(251, 10, '台灣正黑豬梅花肉排', '相信堅持的價值，尋找台灣真食物 老品種的台灣黑豬，擁有桃園豬的細緻Q彈肉質，梅山豬柔嫩多汁的脂肪優勢。堅持使用品種選育搭配全素飼料配方，飼養過程絕對不使用瘦肉精及抗生素，人道飼養給予豬隻通風環境及足夠的運動空間，定期幫黑豬沖澡，造就正黑豬獨特的風味與口感。', 99, NULL, 8, 31, '2022-03-27 16:00:00', 1, '2024-05-19 06:33:28', '2024-05-19 06:33:28'),
(252, 10, '台灣正黑豬月亮軟骨', '相信堅持的價值，尋找台灣真食物 老品種的台灣黑豬，擁有桃園豬的細緻Q彈肉質，梅山豬柔嫩多汁的脂肪優勢。堅持使用品種選育搭配全素飼料配方，飼養過程絕對不使用瘦肉精及抗生素，人道飼養給予豬隻通風環境及足夠的運動空間，定期幫黑豬沖澡，造就正黑豬獨特的風味與口感。', 299, NULL, 2, 31, '2023-01-31 16:00:00', 1, '2024-05-19 06:33:28', '2024-05-19 06:33:28'),
(253, 10, '安心豬肋排', '肋排位於背脊旁的肋骨，呈現出連骨帶肉一整塊的塊狀， 肌間脂肪豐富肥瘦均勻。 將整排豬肋一根一根仔細分開，方便烹調也叫好入口。 豬肉的肉香及甜味加上肋骨邊的筋膜，口感香甜有咬勁。 飼養在屏東地區，飲用南臺灣北大武山水源，採契養方式飼養，提供飼料配方。 屠宰到分切包裝一條龍。', 499, NULL, 13, 31, '2021-12-15 16:00:00', 1, '2024-05-19 06:33:28', '2024-05-19 06:33:28'),
(254, 10, '安心松阪肉', '所謂的豬頸肉，這個部位油花分布均勻，有著大理石般的漂亮紋路，口感如同松阪牛，故又有松阪肉之別稱，每頭豬只能生產約兩片，每片大約只有200~300g，故也被稱為黃金六兩肉，其口感充滿嚼勁，又帶有迷人的豬肉風味，是許多高檔餐廳選用之部位肉。', 399, NULL, 4, 31, '2022-11-12 16:00:00', 1, '2024-05-19 06:33:28', '2024-05-19 06:33:28'),
(255, 10, '安心豬頰肉', '豬肉臉頰部位的嘴邊肉，又名「豬頰肉」、，富含結締組織，油脂較少。故肉質軟嫩卻有嚼勁，口感類似牛腱，非常適合滷煮或燉，是「黑白切」常會吃到的肉，因為油脂與瘦肉組成的紋路，類似菊花，所以得名「菊花肉」。', 489, NULL, 40, 31, '2023-05-22 16:00:00', 1, '2024-05-19 06:33:28', '2024-05-19 06:33:28'),
(256, 10, '安心豬月亮軟骨', '月亮軟骨指的是豬的前腿軟骨，因為形狀似彎月，才有月亮軟骨的之稱，而且一隻豬只有二塊軟骨，軟骨Ｑ脆帶肉，數量有限，通常這部位也只有識貨的老饕們才會知道。', 489, NULL, 28, 31, '2021-05-07 16:00:00', 1, '2024-05-19 06:33:28', '2024-05-19 06:33:28'),
(257, 10, '安心僧帽肌', '有著漂亮如雪花般的油花分佈，從豬頸肉再往下延伸一些、里肌的前端，就是僧帽肉了，覆蓋在里脊肉的前端，肉質鮮甜軟嫩，與霜降肉口感最大的差異是較為軟嫩，一隻豬大約只有400克左右。', 189, NULL, 31, 31, '2021-07-25 16:00:00', 1, '2024-05-19 06:33:28', '2024-05-19 06:33:28'),
(258, 11, '日本近江A5和牛肋眼牛排', '富饒的自然環境及琵琶湖之水所養育的和牛，日本滋賀縣有著環繞琵琶湖的群山所流出的純淨山泉水，近江牛就在自然的恩惠與畜牧者的愛之中培育而成。畜牧者以在地近江米的稻草等優質食材餵養，確保牛隻得到最佳營養。在滋賀縣，對人及環境皆友善的「循環系統」已然成形。 以最優質的環境與精湛的肥育技術培育而成的近江牛，肉質肥嫩，充滿甘甜與醇厚香氣，是人生中必定要品嘗過一次的牛肉。', 489, NULL, 41, 31, '2021-10-26 16:00:00', 1, '2024-05-19 06:33:28', '2024-05-19 06:33:28'),
(259, 11, '澳洲和牛沙朗牛排', '精選來自澳洲和牛肉（M7 等級），以日本的飼養技術培育。 澳洲和牛兼具油花密布的日本和牛與安格斯牛的豐富牛肉風味。一般穀物飼養牛的飼養天數大約3 個月至5 個月，但GREEN & SAFE 精選澳洲和牛，在天然的放養環境飼養約18 個月，生長期前15 個月餵食母乳及草，15 個月後餵食穀物，均勻的高能量，讓澳洲和牛的肉質呈現櫻桃紅色，肉質鮮嫩多汁，白色脂肪紋均勻分佈，一入口即可享受豐富的美味口感。 適 合：煎、烤', 279, NULL, 16, 31, '2022-03-24 16:00:00', 1, '2024-05-19 06:33:28', '2024-05-19 06:33:28'),
(260, 11, '美國Prime自然牛肋眼牛排', '肋眼為牛的肋肌部，油花的大理石紋較多且分佈均勻，是老饕的最愛；尤其Prime等級的肉質鮮嫩，柔嫩多汁，風味香醇濃郁。肋眼牛排適合在料理時將油脂燒透，迸發出的牛油香氣隨著柔嫩多汁的牛肉一同入口，實屬一大享受。適 合：煎、烤', 579, NULL, 11, 31, '2021-04-02 16:00:00', 1, '2024-05-19 06:33:28', '2024-05-19 06:33:28'),
(261, 11, '台灣安格斯黑牛沙朗牛排', '台灣安格斯黑牛為澳洲安格斯黑牛 x 澳洲和牛育種，堅持飼養28個月以上熟齡，肉質散發自然熟成香氣與鮮甜。採以亞麻籽作為主要飼料，富含Omega-3的亞麻籽並加入有機狼尾草、有機硒、甜麥稈、熟化飼料(玉米、地瓜)、酒粕，配合高質量維生素及礦物質，提供充足營養，提升肉品的品質。 沙朗牛排取自於牛後腰脊部位，油花均勻豐富、肉質細緻，是最受老饕歡迎的部位。 適 合：煎、烤', 699, NULL, 16, 31, '2021-05-31 16:00:00', 1, '2024-05-19 06:33:28', '2024-05-19 06:33:28'),
(262, 11, '美國Prime自然牛翼板牛排', '嚴選Prime等級頂級牛肉，翼板(Chuck flap ribs)位於牛肩胛部，屬於下肩胛底板肉和肩胛小排之間的精肉，厚實且富含均勻大理石紋油花，肉質細嫩多汁。 產 地：美國 適 合：煎、烤', 499, NULL, 13, 31, '2021-02-23 16:00:00', 1, '2024-05-19 06:33:28', '2024-05-19 06:33:28'),
(263, 11, '紐西蘭草飼沙朗牛排', '純淨天然草原放養，運動量十足，油花適中，肉香味濃郁，肉質甜美。 適 合：煎、烤', 599, NULL, 41, 31, '2021-09-11 16:00:00', 1, '2024-05-19 06:33:28', '2024-05-19 06:33:28'),
(264, 11, '美國Prime自然牛骰子肉', '下肩胛眼肉捲 (Chuck Eye Roll)肩胛部是牛隻經常運動的部位，肌肉發達，筋多，肉質較堅實。骰子肉取自牛肩胛部位，肌肉纖維紮實，帶細筋，切成塊丁之後，經過燒烤 ，口感豐富香濃有嚼勁。 適 合：煎、烤', 799, NULL, 24, 31, '2022-01-21 16:00:00', 1, '2024-05-19 06:33:28', '2024-05-19 06:33:28'),
(265, 11, '頂級澳洲和牛板腱肉片', '精選來自澳洲和牛肉，由日本和牛及安格斯黑牛配種而成，並以日本的飼養技術培育，「澳洲和牛」兼具油花密佈的日本和牛與安格斯牛的豐富牛肉風味，是公認最安全最高級的牛肉首選。雪花般細緻油花均勻分佈在櫻桃紅色的和牛肉片上，切成最完美的0.2 公分火鍋片厚度，輕輕唰幾下，即可享受入口即化的美味。 適 合：燙、炒', 799, NULL, 3, 31, '2021-09-02 16:00:00', 1, '2024-05-19 06:33:28', '2024-05-19 06:33:28'),
(266, 11, '台灣安格斯黑牛肩小排火鍋肉片', '肉質結實、富有嚼勁口感，位於下肩胛部位1-5根肋骨外側，較接近瘦版的霜降，適合害怕吃進過多油脂又想要享受豐富口感的人。 適 合：煮、燙、炒。', 899, NULL, 35, 31, '2023-03-12 16:00:00', 1, '2024-05-19 06:33:28', '2024-05-19 06:33:28'),
(267, 11, '澳洲榖飼安格斯牛小排火鍋肉片', '頂級的牛小排，均勻細緻的油花，香濃肉汁，帶點嚼勁的口感，鮮嫩甘甜，一入口就散發出誘人的肉香。 適 合：燙、炒', 599, NULL, 23, 31, '2021-07-06 16:00:00', 1, '2024-05-19 06:33:28', '2024-05-19 06:33:28'),
(268, 11, '澳洲和牛雪花火鍋肉片', '選自澳洲穀飼300天以上的F1和牛品種，牛隻在澳洲天然草原上放牧，F1和牛結合了和牛及黑安格斯牛品種的優點，飼養過程無施打賀爾蒙、抗生素，僅取決天然純淨的生長環境及飼養的穀物，造就肉質柔嫩、油脂入口即化、馥郁香甜的F1澳洲和牛肉。 適 合：煮、燙、炒。', 399, NULL, 12, 31, '2023-01-28 16:00:00', 1, '2024-05-19 06:33:28', '2024-05-19 06:33:28'),
(269, 11, '澳洲穀飼雪花火鍋肉片', '小牛到達20個月以上，以穀物飼養150天。穀物的營養較為均衡並含有高能量飼料，比如大麥、小麥、高粱和玉米。 瘦肉部分呈現均勻紅色，而肥肉部分則為均勻白色，穀飼牛肉非常細嫩美味。 取自牛的肩胛部的翼板(Chuck Flap) ，是肌肉經常運動的部位，油花分佈均勻，口感Q軟嫩，帶有嚼勁。 適 合：燙', 699, NULL, 29, 31, '2021-08-25 16:00:00', 1, '2024-05-19 06:33:28', '2024-05-19 06:33:28'),
(270, 11, '台灣安格斯黑牛燙肉片', '取自胸腹牛腩、腿肉、臀肉...等，柔嫩且不油膩的部位，純手工分切成0.15~0.2cm的厚度，肉片輕刷就能食用，全程不用藥，無施打賀爾蒙、抗生素，不含瘦肉精。 適 合：煮、燙、炒。', 399, NULL, 32, 31, '2021-03-15 16:00:00', 1, '2024-05-19 06:33:28', '2024-05-19 06:33:28'),
(271, 11, '美國Prime自然牛牛肉片', '下肩胛眼肉捲 (Chuck Eye Roll) 肩胛部是牛隻經常運動的部位，肌肉發達，筋多，肉質較堅實。自然牛牛肉片取自牛肩胛部位，肌肉纖維紮實，帶細筋，切成火鍋片之後，口感豐富有嚼勁。 適 合：炒', 299, NULL, 15, 31, '2021-02-13 16:00:00', 1, '2024-05-19 06:33:28', '2024-05-19 06:33:28'),
(272, 11, '澳洲草飼牛肉片', '澳洲牛生長在不受汙染的廣闊草原，運動量充足，牛隻以天然牧草飼養，肌肉瘦而緊實，精選品質帶著極香的油花，適合簡單燙熟，就能品嘗到那Ｑ彈口感鮮嫩又多汁！ 適 合：燙、炒', 499, NULL, 35, 31, '2023-05-11 16:00:00', 1, '2024-05-19 06:33:28', '2024-05-19 06:33:28'),
(273, 11, '台灣正黃牛牛腩', 'GREEN & SAFE特別嚴選來自嘉南區牧場的省產台灣牛，在自種牧草內添加當地特產「酒糟、地瓜」做為飼料，以補充優良蛋白質，無腥味且口感嫩而不柴。省產台灣牛採當天現宰到包裝全程冷凍保存，口感新鮮，甜度不流失，屠宰後經12 小時預冷，保有肉質天然彈性。 適 合：燉、煮', 599, NULL, 13, 31, '2021-03-23 16:00:00', 1, '2024-05-19 06:33:28', '2024-05-19 06:33:28'),
(274, 11, '澳洲草飼牛肋條', '澳洲牛生長在不受汙染的廣闊草原，運動量充足，牛隻以天然牧草飼養，肌肉瘦而緊實；牛肋條是肋骨間的條狀肉，油花多、帶筋膜，適合用於紅燒、清燉、咖哩牛肉或牛腩煲，用於燒烤亦別有一番風味。', 399, NULL, 3, 31, '2022-06-14 16:00:00', 1, '2024-05-19 06:33:28', '2024-05-19 06:33:28'),
(275, 11, '澳洲穀飼梅花牛肉絲', '瘦肉部分呈現均勻紅色，而肥肉部分則為均勻白色，穀飼牛肉非常細嫩美味。取自牛的肩胛部，是肌肉經常運動的部位，肌肉發達，油花分佈均勻。', 299, NULL, 49, 31, '2023-11-13 16:00:00', 1, '2024-05-19 06:33:28', '2024-05-19 06:33:28'),
(276, 21, '紐西蘭帶骨法式羊排(含蓋)', '來自紐西蘭南島高地的Lumina和羊，精選紐西蘭南島高地技術精湛的17個農場，100%自由放牧的環境讓羊群在紐西蘭南島高地的青翠草原中自由奔馳。 有著媲美和牛細緻的大理石油花，飄散著豐富不飽和脂肪Omega-3的幸福，每一口都是味蕾的幸福之舞。 秉持著最高的品質標準，僅在限定的產季進行宰殺，確保每塊Lumina羊肉都保持最完美的狀態。21天的真空熟成，是時間的香氣，是柔嫩的秘密，更是風味的最高境界。', 599, NULL, 33, 31, '2023-09-22 16:00:00', 1, '2024-05-19 06:33:28', '2024-05-19 06:33:28'),
(277, 21, '台灣櫻桃鴨去骨鴨腿肉', '繁殖血統純正的英國櫻桃谷北鴨，主供高級飯店及各大西式料理指定使用食材。豪野鴨鴨隻品種以「油脂豐厚」聞名，其獨特的飼育技術，孕育出厚實腿肉，最適合製作法國經典名菜 -「Le Confit De Canard」油封鴨腿。 ', 999, NULL, 21, 31, '2023-04-09 16:00:00', 1, '2024-05-19 06:33:28', '2024-05-19 06:33:28'),
(278, 21, '台灣櫻桃鴨胸', '飼養在超過15,000 坪遼闊的青草地上，擁有良好排水功能的砂石地， 使鴨寶寶們能在最好的環境下成長茁壯， 純淨的活水加上露天環境， 使鴨兒們吃得多， 運動的也多， 有別於傳統鴨的一般禽鳥類飼料餵養， 台灣櫻桃鴨搭配原粒玉米、新鮮魚粉，細心呵護飼養7 5 天，使櫻桃鴨的油脂豐富層次分明， 火烤後皮脆肉嫩帶嚼勁無澀感， 更是鴨中之最！', 599, NULL, 27, 31, '2022-09-13 16:00:00', 1, '2024-05-19 06:33:28', '2024-05-19 06:33:28'),
(279, 17, '烏骨雞(整隻未分切)', '烏骨雞從雞皮、雞肉連雞骨頭都是黑的，這烏黑的顏色來自細胞中的黑色色素 : 美拉寧。且在營養價值上，烏骨雞的脂肪含量低於肉雞，但蛋白質、鐵、鋅等營養成分烏骨雞皆高於肉雞，冬令進補燉湯最適合。', 699, 599, 10, 31, '2023-09-03 16:00:00', 1, '2024-05-19 06:33:28', '2024-05-19 06:33:28'),
(280, 17, '烏骨雞半雞切塊', '烏骨雞從雞皮、雞肉連雞骨頭都是黑的，這烏黑的顏色來自細胞中的黑色色素 : 美拉寧。且在營養價值上，烏骨雞的脂肪含量低於肉雞，但蛋白質、鐵、鋅等營養成分烏骨雞皆高於肉雞，冬令進補燉湯最適合。', 699, 599, 44, 31, '2023-01-03 16:00:00', 1, '2024-05-19 06:33:28', '2024-05-19 06:33:28'),
(281, 8, '紐西蘭小羔羊肉片', '嚴選在紐西蘭純淨草原飼育的羊隻，採用六個月以下的小羔羊，肉質軟嫩，絕無腥臊味，汁多甜美。GREEN & SAFE 相信從土壤、牧草、飼養等都有嚴格控制，才能擁有高品質的肉品。適 合：火鍋', 699, NULL, 43, 31, '2022-03-23 16:00:00', 1, '2024-05-19 06:33:28', '2024-05-19 06:33:28'),
(282, 17, '紐西蘭小羔羊肩排', '嚴選在紐西蘭純淨草原飼育的羊隻，採用六個月以下的小羔羊，肉塊較一般市售的帶骨羊排肌肉組織間含筋小。肉質軟嫩，絕無腥臊味，汁多甜美。GREEN & SAFE相信從土壤、牧草、飼養等都有嚴格控制，才能擁有高品質的肉品。適 合：煎、烤。', 499, 399, 28, 31, '2023-10-30 16:00:00', 1, '2024-05-19 06:33:28', '2024-05-19 06:33:28'),
(283, 8, '伊比利豬梅花肉片', '豬肉中最頂級、最鮮甜的肉質就是來自西班牙的伊比利豬。豬隻身體呈黑褐色，以放牧飼養為主於橡木牧場中，秋天橡樹結實時，伊比利豬將會大量食用橡樹的果實橡子，因此肉中會散發榛果香味。伊比利豬的生長速度較慢脂肪均勻分布於肉質中。食用時特殊的堅果香氣滿溢、脂肪爽口香脆。', 499, NULL, 13, 31, '2021-10-12 16:00:00', 1, '2024-05-19 06:33:28', '2024-05-19 06:33:28'),
(284, 8, '伊比利松阪豬肉片', '豬前頸部(Jowl)，一隻豬僅有兩片，極珍貴又稱「黃金六兩肉」，油花分布均勻、肥瘦適中 西班牙伊比利豬 Ib?rico Pig 是原生於伊比利半島的珍貴豬種，外貌是黑色開蹄、尖鼻子、小頭、短頸和少毛，此外牠們的腿細長有力，有助於跋涉尋找食物；現今主要生長在西班牙西南部。公司嚴選「CEBO」穀飼等級，豬隻豢養於農場並餵以飼料、穀物及蔬果、豆類等，沒有進行放養增肥過程。', 599, NULL, 43, 31, '2022-07-31 16:00:00', 1, '2024-05-19 06:33:28', '2024-05-19 06:33:28'),
(285, 8, '亞麻籽羊-去骨帶皮羊肉塊', '◆重視給予動物營養的飼糧：全程以進口加拿大高品質亞麻籽為主軸，再加入天然穀類配合高質量維生素及礦物質，做為動物成長的優良飼料。 ◆尊重生命、重視動物福利：強調人道精神，建設現代化畜舍，保障動物良好的成長環境 ◆堅持高度品質把關：全程把關、高度控管品質，並定期抽驗送檢', 699, NULL, 44, 31, '2021-10-13 16:00:00', 1, '2024-05-19 06:33:28', '2024-05-19 06:33:28'),
(286, 17, '亞麻籽羊-五花羊肉片', '鮮Q帶皮羊五花肉片，擁有美麗油花，肥油部份吃起來Q而不膩呦！ ◆重視給予動物營養的飼糧：全程以進口加拿大高品質亞麻籽為主軸，再加入天然穀類配合高質量維生素及礦物質，做為動物成長的優良飼料 ◆堅持高度品質把關：全程把關、高度控管品質，並定期抽驗檢送', 199, 89, 8, 31, '2021-07-13 16:00:00', 1, '2024-05-19 06:33:28', '2024-05-19 06:33:28'),
(287, 22, '野生海魚-土魠禮盒(半尾)', '冬天是土魠魚油脂最豐富的季節，其豐富的油脂是老饕追捧的美食。土魠魚盛產期從12月至隔年春節結束前，也因此成為最受歡迎的年節魚之一，是家庭年菜桌上的美味代表。 土魠魚的外型別具辨識度，魚身呈灰綠色，腹部閃耀著銀白色光澤，並有獨特的波形黑色橫帶。台灣現流土魠，皮薄油脂豐富，肉質細緻且富有彈性。 在捕撈過程中，有「流刺網」和「延繩釣」兩種方法，其中延繩釣取得的土魠新鮮無損，因此價格較高。GREEN & SAFE以延繩釣方式取得，確保鮮度與品質。【規格：3Kg/約11-13包，分切方式：頭x1、中段x9、後段x1、尾段x1，因魚體大小不同，內容物數量可能不同，依實際內容物為主】', 699, NULL, 35, 31, '2022-05-28 16:00:00', 1, '2024-05-19 06:33:28', '2024-05-19 06:33:28'),
(288, 22, '野生竹午魚禮盒組', '產地：台灣西部海域，頂級海魚-野生竹午，竹午學名「四絲馬?」，每尾一公斤以上的午仔魚稱「竹午」，大竹午相當罕見，且體型愈大，肉質愈鮮甜有彈性，價值愈高。 主要分布於台灣西部和南部海域，每年秋末至初春是竹午主要捕獲的季節。冬春季的野生午魚油脂豐富，魚片呈現美麗的白色，油花豐富，漁民之間流傳「一午、二鯧、三鮸、四嘉?」，竹午排行第一，其美味堪稱海魚中的夢幻逸品。建議料理方式：清蒸、油煎或煮薑絲魚湯 【規格：1000g/5包，分切方式：魚頭x1、魚身x2、尾排x2，共5包】', 3280, NULL, 35, 31, '2023-12-26 16:00:00', 1, '2024-05-19 06:33:28', '2024-05-19 06:33:28'),
(289, 22, '日本青魽片禮盒組', '冬季美味之王-日本青魽，青魽又稱為「鰤魚」(??)，主要分布西北太平洋，包括日本日本海、關西地區、台灣附近海域。外觀最大特徵是貫穿頭尾的黃線。由於肉質甜美、脂膏豐腴，是日本料理中的頂級食材。每年12-1月是日本青魽最肥美也是最佳的品嘗時節，因此被譽為「冬季美味之王」。 【日本青魽片1500g，商品分切包裝：下巴1包、中段3-4包、尾段2包】', 2980, NULL, 48, 31, '2021-10-27 16:00:00', 1, '2024-05-19 06:33:28', '2024-05-19 06:33:28'),
(290, 22, '野生嘉魶分切禮盒組(中)', '嘉魶又名「真鯛」，屬高級的白肉魚。嘉魶魚覆著銀紅色鱗片，其間還點綴著寶藍色斑點，外型十分討喜。在日本被視為料理中的高極食材，擁有極高地位，常被作為吉祥魚出現在喜慶佳節或祭典的料理中，也被譽為「魚中之王」。肉質細緻且口感結實，嚐的到鮮美甘甜的大海滋味。 【規格：1.8Kg/約6-7包，分切方式：魚身3~4包、下巴1包、魚骨魚頭2包，因魚體大小不同，內容物數量可能不同，依實際內容物為主】', 2680, NULL, 45, 31, '2022-09-27 16:00:00', 1, '2024-05-19 06:33:28', '2024-05-19 06:33:28'),
(291, 22, '野生大眼鯛分切禮盒組', '產地：台灣東北部 ◆深海的高經濟魚種，肉質鮮甜細緻無暗刺。 ◆以深海一支釣漁法，兼顧鮮度品質與海洋永續性。 ◆魚眼碩大而豐滿，含豐富的膠質。 ◆市場上一般難以去除大眼鯛的鱗片，GREEN & SAFE以專業技術，去除魚鱗，顧客可安心享用。 【規格：1.2Kg/約7包，分切方式：魚頭連下巴x2、魚排中段x2 、魚排尾段x2 、魚骨x1，因魚體大小不同，內容物數量可能不同，依實際內容物為主】', 2680, NULL, 33, 31, '2021-07-21 16:00:00', 1, '2024-05-19 06:33:28', '2024-05-19 06:33:28'),
(292, 22, '野生青衣分切禮盒組(S)', '野生青衣 頭背側及體部為綠色，鱗片外緣為橙紅色或橙色，體色於腹部漸趨為粉紅色，頰部及鰓蓋為淺橙色；頜部及峽部為藍綠色；背鰭及臀鰭為黃色，外緣及基部有藍綠色縱帶；胸鰭為藍色；腹鰭為淡黃色，硬棘末稍呈藍色；尾鰭為藍綠色，內緣及外緣均為黃色。主要棲息於潟湖與臨海礁石區的斜坡與峭壁旁。 ◆屬高經濟魚種，肉質鮮甜細緻，尾韻帶有淡淡海草香氣。 ◆來自澎湖的青衣魚，有著多彩的魚身，包括綠色、藍色和黃藍等等，其肉質細膩鮮美，因此被譽為「四大魚王」之一。 ◆澎湖海域的高鹽度和純淨海水，賦予了青衣極佳的肉質，魚皮的膠質讓滋味更加甘甜。 ◆以深海一支釣漁法，兼顧鮮度品質與海洋永續性。 【規格：1Kg/約7包，分切方式：魚頭連下巴x2、魚排中段x2 、魚排尾段x2 、魚骨x1，因魚體大小不同，內容物數量可能不同，依實際內容物為主】', 1580, NULL, 49, 31, '2021-05-31 16:00:00', 1, '2024-05-19 06:33:28', '2024-05-19 06:33:28'),
(293, 22, '澎湖野生紅魽分切禮盒組(半尾)', '產地：澎湖，外觀特徵：體背藍灰至橄欖色，腹面銀白至淡褐色。體側另具一條黃色縱帶，但有時不顯。各鰭色暗，尾鰭下葉末端淡色或白色。 特色：◆選用澎湖當令手釣紅魽，釣獲當日即進港，確保最佳鮮度 ◆背肉肉質Q彈少暗刺，肚肉肥美軟嫩，下巴油脂豐富味道香濃◆分切後急速冷凍，獨立包裝，方便調理 【規格：2200g/11包，紅魽分切方式：魚身x7、尾段x1、魚頭x1、下巴x1、魚骨x1】', 2500, NULL, 23, 31, '2022-11-07 16:00:00', 1, '2024-05-19 06:33:28', '2024-05-19 06:33:28'),
(294, 17, '生態養殖筍殼魚', 'GREEN & SAFE 所精選的筍殼魚，是在完善的水循環再生系統下培育成長，有著嚴格的益菌培養與水質控制，在成長過程中堅持不採用任何化學藥劑，以確保每一隻筍殼魚都在優質健康的環境成長，讓您吃得美味又安心。', 780, 699, 17, 31, '2023-08-24 16:00:00', 1, '2024-05-19 06:33:28', '2024-05-19 06:33:28'),
(295, 8, '現撈野生海魚 - 紅喉(特大)', '通常只出現在高級日本料理的紅喉，以亮眼的紅色外表，細緻嫩白的魚肉以及特殊的香味，深深吸引著饕客。棲息在深海的紅喉，因不易捕獲，通常只能經由磯釣獲取，故價格頗高，紅喉油脂豐厚，簡單鹽烤後，濃縮的油脂，香味四溢的魚皮，與細嫩肉質間滿布的融化油脂，滋味格外甜鮮。', 1450, NULL, 15, 31, '2021-07-25 16:00:00', 1, '2024-05-19 06:33:28', '2024-05-19 06:33:28'),
(296, 17, '現撈野生赤? (特級S)', '野生赤?主要產於東海漁場，棲息於水深101公尺以下的海域，因為日照較少，所以橘紅色亮麗的色紋及晶亮的眼睛皆是野生赤?的特徵，赤?是台灣家庭熟悉且喜愛的魚獲，魚體雖不大，但是因為魚肉細緻，刺少且帶有特殊香氣，一直都很受喜愛，GREEN&SAFE 嚴選的現撈野生赤?，讓你吃到美味又安心。', 580, 499, 36, 31, '2022-12-25 16:00:00', 1, '2024-05-19 06:33:28', '2024-05-19 06:33:28'),
(297, 8, '日本喜知次(大)', '1.被日本人視為最珍貴的魚類之一，與河豚、??並稱日本三大魚。 2.肉質細嫩，膠原蛋白豐富，非常鮮美。冬季脂肪豐富，是最佳品嘗時節 3.越新鮮體色越鮮紅，隨著上岸時間越長，體色會漸漸淡掉', 1880, NULL, 47, 31, '2023-06-08 16:00:00', 1, '2024-05-19 06:33:28', '2024-05-19 06:33:28'),
(298, 8, '現撈野生海魚-赤筆(大)', 'GREEN & SAFE嚴選的野生赤筆魚，大多生活在岩礁底質的海域，因為肉質口感柔但不易捕獲，是在海魚界相當具名氣的高貴魚種。 建議烹調方式 : 乾煎', 990, NULL, 29, 31, '2022-10-09 16:00:00', 1, '2024-05-19 06:33:28', '2024-05-19 06:33:28'),
(299, 8, '現撈野生海魚白鯧(大)', 'GREEN&SAFE親赴產地，嚴格挑選漁民出海捕獲的現撈野生白鯧，經去除內臟等作業後，以急速低溫冷凍，封存住野生漁獲的原始鮮美風味！白鯧口感細緻鮮甜，無細小魚刺，是餐桌上的人氣菜色，更是逢年過節必備的吉祥佳餚！ 建議烹調方式 : 油煎、湯(白鯧米粉湯)', 1580, NULL, 48, 31, '2022-02-22 16:00:00', 1, '2024-05-19 06:33:28', '2024-05-19 06:33:28'),
(300, 8, '澎湖現撈野生盤仔魚', '盤仔魚又稱為魬鯛，主要棲息於沙泥地質環境的沿海域，屬於底棲性魚類，十分喜歡礁岩區周圍的，並常會成群洄游，覓食以肉食性以小型類、甲殼類以及無脊動物為食。 盤仔魚，外表看起來與赤?相似，但饕客們通常偏愛盤仔魚，因為肉多且肉質細嫩，油脂豐富相當鮮美，十分受大眾的喜愛。魚皮帶有微微柚子香氣，屬高經濟價值魚種，適合碳烤、油煎和清蒸，細膩的口感令人回味無窮。建議烹飪方式：碳烤、油煎、清蒸', 199, NULL, 16, 31, '2023-09-03 16:00:00', 1, '2024-05-19 06:33:28', '2024-05-19 06:33:28'),
(301, 8, '海水生態養殖午仔魚2入', '午仔魚肉質細緻嫩口，油度豐香，西海岸的漁民有句口訣：「一午、二鯧，三鮸、四嘉?」足見午仔魚的風味，是老饕心中的首選。 建議烹調方式 : 乾煎、鹽烤(210℃烤10~12分鐘)', 220, NULL, 44, 31, '2023-06-25 16:00:00', 1, '2024-05-19 06:33:28', '2024-05-19 06:33:28'),
(302, 8, '日曬熟成澎湖手釣透抽(大)', '澎湖夏日鮮透抽，專屬海洋美味的極致享受！即釣即處理：釣獲後立即在船上洗淨處理，確保絕佳鮮度。 一日曬熟成：透抽船上經陽光日曬熟成，釋放出獨特風味。 海風吹拂：澎湖的鹹鹹海風吹拂，賦予透抽特有的夏日滋味。 獨特口感升華，讓您感受極致美味！半乾濕風味：日曬一天後，透抽呈現半乾濕狀態，完美鎖住鮮甜風味。 彈性十足：保有彈性口感，每一口都散發著鮮嫩飽滿的口感。輕鬆烘烤：簡單烘烤，即可品味絕美滋味，為味蕾帶來無限驚喜。', 680, NULL, 14, 31, '2023-12-03 16:00:00', 1, '2024-05-19 06:33:28', '2024-05-19 06:33:28'),
(303, 8, '澎湖野生冰晶蛋卷(2入/200g)', '澎湖海域當季野生帶卵小卷，捕撈後快速川燙並急速冷凍，鎖住小卷的鮮甜，解凍後即可食用，新鮮Q彈。', 369, NULL, 5, 31, '2022-06-17 16:00:00', 1, '2024-05-19 06:33:28', '2024-05-19 06:33:28'),
(304, 8, '澎湖現撈野生土魠', '來自澎湖海域的野生土魠魚，每年入冬到過年期間，是澎湖土魠魚的盛產季節，因冬季迴游至澎湖海域覓食，此時土魠魚體型飽滿肥美，富含油脂，肉身厚實無細刺，是冬季非常美味的魚種之一，在澎湖又有「白金」之稱。 建議烹調方式 : 蒜燒、紅燒、乾煎', 520, NULL, 42, 31, '2021-05-07 16:00:00', 1, '2024-05-19 06:33:28', '2024-05-19 06:33:28'),
(305, 8, '現撈野生紅魽-後段', '紅魽的主產地為東北海域，一年四季皆有漁獲，野生紅魽，肉質清甜富彈性，脂香濃郁，不論是油煎、清蒸、煮湯?等各式烹調方式，皆美味動人！ 建議烹調方式 : 紅燒、煮湯(味噌湯)', 370, NULL, 20, 31, '2021-01-28 16:00:00', 1, '2024-05-19 06:33:28', '2024-05-19 06:33:28'),
(306, 8, '野生海魚剝皮魚 (大)', '剝皮魚是這個季節才有的限量海魚，G&S嚴選的海魚都是手釣或定置網捕撈，魚體受損小，上岸立即處理保鮮，品質保證。剝皮魚口感紮實且無細刺方便實用，煎、煮、蒸、燒都適合！', 320, NULL, 10, 31, '2021-07-10 16:00:00', 1, '2024-05-19 06:33:28', '2024-05-19 06:33:28'),
(307, 8, '船凍柳葉魚', '產地嚴選現撈魚，精細刀功處理，嚴格品管，封存大海鮮美滋味。只取當日新鮮魚貨，以低生態負擔於法釣取，兼顧品質與永續，依時令捕撈品嘗當季最鮮，從上岸到加工全程冷鏈不間斷，保證最高品質。 建議烹調方式 : 鹽烤(210℃烤5~7分鐘)', 99, NULL, 32, 31, '2023-03-27 16:00:00', 1, '2024-05-19 06:33:28', '2024-05-19 06:33:28'),
(308, 8, '湧泉香魚(2入/份)', '成熟的香魚每年4、5月間會成群蜂湧游上溪流，所以7月間的香魚口感會特別Q彈有勁。香魚含豐富的不飽和脂肪酸DHA與多種營養素，助於小孩發育與身體健康，可以說是大人小孩都適合食用的優質食物。香魚體態優美、肉味佳，抹上鹽巴放入烤箱，好吃的鹽烤香魚輕鬆上桌！', 180, NULL, 25, 31, '2021-01-02 16:00:00', 1, '2024-05-19 06:33:28', '2024-05-19 06:33:28'),
(309, 8, '船凍秋刀魚(2入)', '秋刀魚魚身脂肪油份豐厚，肉質軟滑，鮮甜而不帶腥味，簡單鹽烤或是油煎，就是馬上上桌的好美味，更是日本庶民美食的代表。GREEN & SAFE嚴選的秋刀魚在捕撈後即在漁船上以急速冷凍的方式，將秋刀魚的鮮度及美味口感完整鎖住。 建議烹調方式 : 乾煎、鹽烤(210℃烤8~10分鐘)', 100, NULL, 28, 31, '2023-10-07 16:00:00', 1, '2024-05-19 06:33:28', '2024-05-19 06:33:28'),
(310, 8, '南方澳生凍吻仔魚', '漁船進港時會將生鮮?仔魚送到加工廠-高科技靜電保鮮裝置，透過獨特的技術，讓冷藏庫內產生靜電場，透過電子的細微震動，讓水分子即使是在冰點下，依然不會凍結，不會產生冰晶，創造出低溫的保鮮環境，產生抑制細菌的作用，有效防止食物酸化、腐化，延長食物的鮮度與壽命。', 195, NULL, 34, 31, '2022-11-13 16:00:00', 1, '2024-05-19 06:33:28', '2024-05-19 06:33:28'),
(311, 8, '「味鰻」蒲燒鰻魚(2入組)', '宮崎縣從古至今都是養鰻的名地，新富在這當中更是有名。 許多職人在新富町發展養殖鰻魚的技術，因此新富町的鰻魚特別好吃。 來自養殖鰻魚歷史50年以上的「中村養鰻場」，出產的鰻魚油脂恰到好處，塗上特製醬汁以備長炭直火炭烤後，肉質厚實飽滿又柔嫩，更能品嘗到鰻魚的鮮味。', 1980, NULL, 21, 31, '2022-05-14 16:00:00', 1, '2024-05-19 06:33:28', '2024-05-19 06:33:28'),
(312, 8, '海水生態烏魚卵(中)(2入組)', '尋找最真實的烏魚子風味，產地：台南七股， ◆友善環境、健康無毒 來自台江國家公園認證的「生態友善棲地魚塭」，百大青農-邱創褘先生採生態混養及低密度養殖方式，提供友善環境的水產。 引海水養殖，不使用抗生素及化學藥劑，提供健康無毒的美味。 ◆生鮮烏魚卵 vs. 醃曬烏魚子 生鮮烏魚卵呈輕柔的金黃色澤，散發著溫潤淡雅香氣，與傳統醃曬烏魚子的褐黃色和濃郁風味形成鮮明對比。 不同於醃曬烏魚子的黏牙或硬朗，生煎烏魚卵，口感細緻鬆軟，獨特清爽風味值得您細細品味。', 999, NULL, 7, 31, '2022-10-28 16:00:00', 1, '2024-05-19 06:33:28', '2024-05-19 06:33:28'),
(313, 8, '安心鯛魚火鍋片', '所謂的台灣鯛就是「優質化的改良吳郭魚品種」，具有低油脂、高營養的特性，鯛魚味道清淡，可蒸、可乾煎、也可紅燒，而且不論是魚頭、魚皮、魚骨或內臟，整尾都可食用，GREEN & SAFE 所嚴選的安心鯛魚，堅持不添加一氧化碳增色，讓您可以安心食用。 建議烹調方式 : 蒸、火鍋。', 180, NULL, 16, 31, '2021-05-08 16:00:00', 1, '2024-05-19 06:33:28', '2024-05-19 06:33:28'),
(314, 8, '花魚一夜干', '嚴選日本寒冷海域野生花魚，油脂豐富，油花分布均勻，經過細膩一夜干工法處理，保留原先魚肉的原味，使用薄鹽醃漬過，無須再調味，簡單烘烤過後，油脂香味直撲腦門，肉身自帶甘甜味。', 180, NULL, 31, 31, '2022-01-26 16:00:00', 1, '2024-05-19 06:33:28', '2024-05-19 06:33:28'),
(315, 8, '鰈魚一夜干', '嚴選日本鰈魚，經過細膩一夜干工法處理，保留原先魚肉的原味，使用薄鹽醃漬過，無須再調味，簡單烘烤過後，油脂香味直撲腦門，肉身自帶甘甜味。', 180, NULL, 2, 31, '2022-03-30 16:00:00', 1, '2024-05-19 06:33:28', '2024-05-19 06:33:28'),
(316, 8, '澎湖箱網海鱺魚排', '澎湖是目前全國海鱺箱網養殖最主要的產區，所在的竹灣內海，是個絕佳的天然箱網養殖海域，嚴選澎湖優鮮廠商-通過澎湖優鮮認證之箱網養殖業者，天然無汙染海水養殖，由澎湖縣政府檢驗合格。箱網養殖期約18個月，期間投餵澎湖當地捕撈的小雜魚，不使用動物用藥，合理的飼養密度及管理，造就肥美的海鱺。', 320, NULL, 38, 31, '2022-05-03 16:00:00', 1, '2024-05-19 06:33:28', '2024-05-19 06:33:28'),
(317, 8, '格陵蘭扁鱈(大比目魚輪切)', '嚴選扁鱈來自格陵蘭寒帶海洋。其肉質細緻、油脂多，更為可貴的是，它富含珍貴的Omega - 3 脂肪酸， 對人體健康有幫助。由延繩釣的漁船海釣捕撈，在船上急速冷凍，鮮度遠較拖網或流刺網撈捕佳。 建議烹調方式 : 乾煎、蒸(破布子 蒸6~8分鐘)', 260, NULL, 21, 31, '2021-10-18 16:00:00', 1, '2024-05-19 06:33:28', '2024-05-19 06:33:28'),
(318, 8, '紐西蘭庫克山冰河帝王鮭菲力', '養殖於庫克山冰河國家公園下游的冰河融冰水之中，此冰河水可生飲，人道飼養，不使用抗生素、生長激素，因水流湍急冷冽，因此鮭魚體態優美，肌肉纖維間的脂肪精細分布，單一鮭魚場，餵食磷蝦，米其林三星餐廳The Fat Duck指定用原料。', 525, NULL, 16, 31, '2023-07-06 16:00:00', 1, '2024-05-19 06:33:28', '2024-05-19 06:33:28'),
(319, 8, '蘇格蘭鮭魚輪切(中段) 250g/份', '來自蘇格蘭海域純淨無污染的開放水域，海流波濤洶湧，使得鮭魚活動力旺盛，飼養密度每立方公尺52公斤為市售鮭魚的一半以下。餵食天然飼料:蔬菜、魚邊料、維生素、礦物質。 建議烹調方式 : 乾煎、鹽烤(210℃烤10~12分鐘)', 480, NULL, 10, 31, '2021-07-05 16:00:00', 1, '2024-05-19 06:33:28', '2024-05-19 06:33:28'),
(320, 8, '蘇格蘭鮭魚魚排(中段)100g*2入', '來自蘇格蘭海域純淨無污染的開放水域，海流波濤洶湧，使得鮭魚活動力旺盛，飼養密度每立方公尺52公斤為市售鮭魚的一半以下。餵食天然飼料:蔬菜、魚邊料、維生素、礦物質。 建議烹調方式 : 乾煎、鹽烤(210℃烤8~10分鐘)', 380, NULL, 12, 31, '2021-06-13 16:00:00', 1, '2024-05-19 06:33:28', '2024-05-19 06:33:28'),
(321, 8, '蘇格蘭鮭魚頭(下巴)', '來自蘇格蘭海域純淨無污染的開放水域，海流波濤洶湧，使得鮭魚活動力旺盛，飼養密度每立方公尺52公斤為市售鮭魚的一半以下。餵食天然飼料:蔬菜、魚邊料、維生素、礦物質。 建議烹調方式 : 煮湯(味噌湯)、鹽烤(210℃烤12~16分鐘)', 220, NULL, 41, 31, '2022-10-17 16:00:00', 1, '2024-05-19 06:33:28', '2024-05-19 06:33:28'),
(322, 8, '安心鯛魚片', '所謂的台灣鯛就是「優質化的改良吳郭魚品種」，具有低油脂、高營養的特性，鯛魚味道清淡，可蒸、可乾煎、也可紅燒，而且不論是魚頭、魚皮、魚骨或內臟，整尾都可食用，GREEN & SAFE 所嚴選的安心鯛魚，堅持不添加一氧化碳增色，讓您可以安心食用。 建議烹調方式 : 乾煎、蔭鼓', 180, NULL, 26, 31, '2023-11-06 16:00:00', 1, '2024-05-19 06:33:28', '2024-05-19 06:33:28'),
(323, 8, '圓鱈魚排(犬牙南極魚)', '來自天然無污染的南極深海水域，為罕見的珍貴魚種。因為生活在低溫與深水壓力中，肉質緊密、脂肪厚、膠質多，其口感非一般的淺海魚所能比擬。切成厚片魚排更能吃出圓鱈特有的香氣與鮮甜味。', 680, NULL, 18, 31, '2023-09-29 16:00:00', 1, '2024-05-19 06:33:28', '2024-05-19 06:33:28'),
(324, 8, '現撈野生石老魚排', '青石老(又稱藍豬齒魚)，為一種白肉魚，喜好生長於乾淨無污染的海域，肉質具有絲狀肌理卻極端的滑膩細緻，油脂均勻分布魚肌肉紋理中，造就入口即化的軟綿口感，尾韻帶有淡淡瓜香味。 建議烹調方式 : 煮湯(薑絲清湯)、蒸(加豆腐鋪底鹽冬瓜 蒸3~5分鐘)', 280, NULL, 48, 31, '2021-08-11 16:00:00', 1, '2024-05-19 06:33:28', '2024-05-19 06:33:28'),
(325, 8, '現撈野生紅魽-中段', '紅魽的主產地為東北海域，一年四季皆有漁獲，野生紅魽，肉質清甜富彈性，脂香濃郁，不論是油煎、清蒸、煮湯?等各式烹調方式，皆美味動人！ 建議烹調方式 : 紅燒、煮湯(味噌湯)\r\n', 300, NULL, 19, 31, '2022-09-09 16:00:00', 1, '2024-05-19 06:33:28', '2024-05-19 06:33:28'),
(326, 8, '現撈野生白帶魚清肉捲', 'GREEN&SAFE嚴選船釣白帶魚，因魚體損傷小，且垂釣深度深，新鮮口感佳。現撈野生白帶魚捕撈後，急速冷凍，保留肉質鮮美，魚肉細緻更是分辨鮮度的重要依據，新鮮野生白帶魚，魚肉細緻，絕佳的適口性讓饕客趨之若鶩。 建議烹調方式 :乾煎', 215, NULL, 8, 31, '2022-08-19 16:00:00', 1, '2024-05-19 06:33:28', '2024-05-19 06:33:28'),
(327, 8, '挪威鹽漬鯖魚片', '挪威鯖魚來自北大西洋挪威海域，為抵抗寒冷的氣候及激烈海流，所以寒帶海域所產的鯖魚體富含油脂。經過鹽醃之後，風味絕佳，開封後簡單煎、烤，即可享用。 建議烹調方式 : 乾煎', 120, NULL, 11, 31, '2021-09-12 16:00:00', 1, '2024-05-19 06:33:28', '2024-05-19 06:33:28'),
(328, 8, '海水養殖鱸魚排(中)', '每份200g。嚴選純淨海水養殖的鱸魚，無土腥味，搭配低密度飼養，讓魚有充足的活動空間，健康生長而不使用化學藥劑，肉質細嫩而富含多種胺基酸，可清蒸、紅燒、煮湯，更被視為手術後食補之魚。取魚排清肉，貼心方便。 建議烹調方式 : 乾煎、蒸(蔭鼓(蒸7~9分鐘))', 155, NULL, 11, 31, '2022-11-12 16:00:00', 1, '2024-05-19 06:33:28', '2024-05-19 06:33:28'),
(329, 8, '海水生態虱目魚肚(S)', '以純海水放養的虱目魚，無土味且營養價值高。產地位於紅樹林溼地，水中含豐富有機質及浮游生物，提供充分的天然養份。生態養殖虱目魚活動力高，因而肉質極富彈性，肉色偏粉紅，是老饕心中的夢幻滋味。', 180, NULL, 24, 31, '2022-02-20 16:00:00', 1, '2024-05-19 06:33:28', '2024-05-19 06:33:28'),
(330, 8, '海水龍膽石斑魚肉片', 'GREEN & SAFE嚴選龍膽石斑，來自永安地區的海水生態養殖方式，低密度養殖，無需使用抗生素等藥劑。龍膽石斑魚片，豐富膠質且沒有魚刺，幼童與年長者的營養補品好選擇，料理方便，適合涮上暖呼呼火鍋，或是來一碗鮮魚湯。 建議烹調方式 : 清炒、煮湯(薑絲清湯)', 590, NULL, 18, 31, '2022-08-12 16:00:00', 1, '2024-05-19 06:33:28', '2024-05-19 06:33:28'),
(331, 8, '海水生態龍膽石斑清肉', 'GREEN & SAFE嚴選龍膽石斑，來自永安地區的海水生態養殖方式，低密度養殖，無需使用抗生素等藥劑。龍膽石斑豐富膠質且沒有魚刺，幼童與年長者的營養補品好選擇，料理方便，適合來一碗鮮魚湯。建議烹調方式 : 煮湯(薑絲清湯)、蒸(加豆腐鋪底破布子 蒸3~5分鐘)', 220, NULL, 6, 31, '2023-06-30 16:00:00', 1, '2024-05-19 06:33:28', '2024-05-19 06:33:28'),
(332, 8, '野生海魚 - 剝皮魚(輪切)', '剝皮魚是這個季節才有的限量海魚，G&S嚴選的海魚都是手釣或定置網捕撈，魚體受損小，上岸立即處理保鮮，品質保證。剝皮魚口感紮實且無細刺方便實用，煎、煮、蒸、燒都適合！', 350, NULL, 32, 31, '2021-07-06 16:00:00', 1, '2024-05-19 06:33:28', '2024-05-19 06:33:28'),
(333, 17, '蘇格蘭鮭魚魚排 ( 後段 )', '來自蘇格蘭海域純淨無污染的開放水域，海流波濤洶湧，使得鮭魚活動力旺盛，飼養密度每立方公尺52公斤為市售鮭魚的一半以下。餵食天然飼料:蔬菜、魚邊料、維生素、礦物質。 建議烹調方式 : 乾煎、鹽烤(210℃烤12~16分鐘)', 290, 199, 48, 31, '2023-02-27 16:00:00', 1, '2024-05-19 06:33:28', '2024-05-19 06:33:28'),
(334, 4, '生態軟殼龍蝦 (150g/入)', '通常龍蝦只有約40%的可食部分，軟殼龍蝦則可100%全蝦食用。精準掌握龍蝦剛脫去堅硬外殼的黃金時間，急速冷凍並真空包裝，故可連殼整隻食用，完整保留龍蝦的鮮甜口感。引進宜蘭外海的太平洋海水養殖，無動物用藥、無重金屬殘留，在純淨無污染的環境中成長的龍蝦，美味且安心。', 980, NULL, 27, 31, '2022-10-11 16:00:00', 1, '2024-05-19 06:33:28', '2024-05-19 06:33:28'),
(335, 4, '宮崎日曬?仔魚 (70gx4袋)', '單純僅添加日本產的鹽，經天然日曬乾燥所製成的特上小魚，富含鮮味成分 (UMAMI)與鈣質，冷凍保存時減少小魚結晶化，保持最佳的鮮度與品質。 ?堅持日曬乾燥，不添加化學調味料、漂白劑 ?產自日本宮崎縣，乾淨的空氣與充足的日照生產出的小魚品質極佳 ?漁港到加工廠只有8公尺的距離，保持小魚最佳鮮度 ?特定頻率的電磁波可減少冷凍小魚結晶化', 1200, NULL, 39, 31, '2022-05-10 16:00:00', 1, '2024-05-19 06:33:28', '2024-05-19 06:33:28'),
(336, 4, '野生大白刺蝦', '來自台灣西南部海域，白刺蝦肉質鮮嫩而甜美，產量稀少，因為需要抵抗惡劣的生長環境，蝦體內會較淡水的蝦，產生較多的游離胺基酸，提供蝦體鮮美的風味。', 480, NULL, 34, 31, '2022-08-17 16:00:00', 1, '2024-05-19 06:33:28', '2024-05-19 06:33:28'),
(337, 4, '日本北海道冷凍干貝500g (2S)', '每份500g，每份重量+-5%， 生鮮秤重產品略有差異， 本產品網頁照片因拍攝關係， 若與實體產品有差異， 以實體產品為主。 肉質Q 彈有勁、鮮甜美味，每一口都吃得到最新鮮的風味。通常以燒烤、乾煎、汆燙等方式烹調，能呈現特有的鮮甜味！ 建議烹調方式 : 香煎、清蒸', 1080, NULL, 23, 31, '2022-01-11 16:00:00', 1, '2024-05-19 06:33:28', '2024-05-19 06:33:28'),
(338, 4, '澎湖鮮凍牡蠣', 'GREEN & SAFE 嚴選海水養殖牡蠣，是市面上少見的逸品。生長過程經歷颱風與寒流的考驗，存留的牡蠣皆是最肥美健康的。 建議烹調方式：油煎(蚵酥)、薑絲清湯', 185, NULL, 19, 31, '2022-01-22 16:00:00', 1, '2024-05-19 06:33:28', '2024-05-19 06:33:28'),
(339, 4, 'KAVIARI 鱒魚卵', '法國品牌 Kaviari有40年的歷史，以純淨湖水與優質食物養殖水產，是從原料品質都細細把關的專業品牌。 鱒魚卵的個頭雖然比鮭魚卵小，但是滋味卻更為鮮甜、濃脆。除了味覺的享受之外，也非常適合搭配軍艦壽司、白醬義大利麵或是作為菜餚的裝飾。無添加防腐劑及人工添加物，食用更安心。', 380, NULL, 2, 31, '2022-01-17 16:00:00', 1, '2024-05-19 06:33:28', '2024-05-19 06:33:28'),
(340, 4, 'CAVIAR GIAVERI Belug', '品嘗世界三大珍饈-鱘龍魚魚子醬 品種：Huso huso x Acipense baerii 產地：義大利北部 ◆秉持著傳統工法，為頂級餐桌提供優質的珍饈。 ◆魚卵顆粒尺寸達約3.0mm以上，粒粒圓潤飽滿，色澤為灰棕色，取自約15歲以上的鱘魚，這代表著優質和成熟。 ◆採用傳統薄鹽製法 “Malossol”，鹽度<3.5%，襯托魚子的鮮甜原味。 ◆風味彷彿絲綢般圓潤，質地細緻，風味濃郁，尾韻持久。每一口都是尊貴的享受。', 2450, NULL, 41, 31, '2021-03-08 16:00:00', 1, '2024-05-19 06:33:28', '2024-05-19 06:33:28'),
(341, 4, '東北角放養九孔', '放養於新北市貢寮東北角的周圍海域，解凍方式：食用前一天放入冷藏庫中解凍或流水解凍15分鐘。(建議完全解凍) 調理方式：1、將解凍後的九孔內臟去除，把外殼及九孔肉邊緣刷乾淨，煮一鍋水，水滾放入九孔轉小火悶3~5分鐘，取出後泡冰水，將九孔下緣挑起九孔，背朝上放回殼裡，淋上五味醬及蔥花即可食用。 2、將解凍後九孔內臟去除，放入蒸3分鐘，取出淋上鰹魚昆布醬油後，平底鍋倒入30毫克油，將蔥花、香菜爆香，淋在九孔上，即可食用。', 580, NULL, 42, 31, '2022-06-16 16:00:00', 1, '2024-05-19 06:33:28', '2024-05-19 06:33:28'),
(342, 4, '霸王蝦', '由青年返鄉創業，打破傳統養殖觀念，養殖池為天然砂質地形，接近自然環境，非一般常見的水泥養池場。引進海水養殖，不抽地下水，杜絕對水資源的爭奪。霸王蝦70%的飼料來源為天然螺類、非一般純飼料投餵，每年三月開始養水投放蝦苗，10月開始收成，養殖期長，蝦肉更加飽滿扎實。', 380, NULL, 27, 31, '2023-09-02 16:00:00', 1, '2024-05-19 06:33:28', '2024-05-19 06:33:28'),
(343, 4, '海水生態鮮蝦', 'GREEN & SAFE嚴選海水生態鮮蝦，以源源不斷的新鮮海水養殖，提供蝦子原始天然的生長環境，因此可以不用藥，定期檢驗無動物用藥殘留。 建議烹調方式 : 汆燙(水滾關火泡置2分鐘)', 280, NULL, 24, 31, '2021-05-21 16:00:00', 1, '2024-05-19 06:33:28', '2024-05-19 06:33:28'),
(344, 4, '澎湖野生火燒蝦仁', '火燒蝦，又稱厚殼蝦或狗蝦，名字源自身上的不規則紅斑，是不用煮就已經紅通通的蝦類。 產於台灣西南海域，蝦殼厚且粗糙、蝦肉細緻Q彈、蝦味濃郁鮮甜，是澎湖人相當愛用的食材。 漁船捕撈後，手工去殼，急速冷凍。 不使用磷酸鹽類、化學藥劑澎發蝦仁。', 290, NULL, 33, 31, '2021-07-02 16:00:00', 1, '2024-05-19 06:33:28', '2024-05-19 06:33:28'),
(345, 4, '現撈野生胭脂蝦仁', '胭脂蝦為深海的蝦種，肉質鮮嫩而甜美，產量稀少，因為需要抵抗惡劣的生長環境，蝦體內會較淡水的蝦，產生較多的游離胺基酸，提供蝦體鮮美的風味。', 280, NULL, 13, 31, '2021-09-23 16:00:00', 1, '2024-05-19 06:33:28', '2024-05-19 06:33:28'),
(346, 4, '海水生態蝦仁', '來自生完整的生態系水池，自然健康，不需用藥。放養掠食性的黃金鯧和龍膽石斑，體質虛弱的蝦子自然淘汰成為其食物，捕撈上岸的蝦子都是最健康有活力。當天捕撈，活蝦新鮮現剝，立即急速冷凍，以鎖住活蝦的鮮甜，未使用藥物發泡處理，保持鮮蝦原有的口感與鮮味。', 195, NULL, 1, 31, '2021-11-02 16:00:00', 1, '2024-05-19 06:33:28', '2024-05-19 06:33:28'),
(347, 4, '海水生態文蛤', '【Green&Safe永豐餘生技-海水生態文蛤】 ．友善環境：純海水養殖，不加抽地下水 ．生態放養：混養龍膽石斑、白蝦、虱目魚、草魚打造自然生態體系 ．友善養殖：放養密度只有市面文蛤 1/3並養殖2年以上 ．保鮮運輸：岸邊吐沙後，活體冷藏真空包裝運輸，讓文蛤休眠鎖住新鮮與營養', 165, NULL, 6, 31, '2021-03-20 16:00:00', 1, '2024-05-19 06:33:28', '2024-05-19 06:33:28'),
(348, 4, '東港櫻花蝦乾', '來自東港櫻花蝦產銷班,屏東縣東港三寶之一，為求永續漁業，每年有嚴格禁捕期及每日可捕撈之上限，無添加人工化學物質，外銷等級，含水量僅約15%，香氣更為濃郁，相同重量的情況之下會有更多尾的櫻花蝦乾，市售含水量約25%，市售1g大約7-10尾，我們的1g大約13-15尾。', 195, NULL, 20, 31, '2021-06-13 16:00:00', 1, '2024-05-19 06:33:28', '2024-05-19 06:33:28'),
(349, 4, '船凍透抽(特大)', 'GREEN & SAFE嚴選船凍透抽，新鮮捕撈的透抽活力十足，捕撈後在船上急速冷凍，保持剛捕撈的鮮活，肉質厚嫩甘甜又Q彈，整尾冷凍的透抽，如寶劍一樣的形狀，料理的時候不論是切花、切圈或是切段都很方便。 建議烹調方式 : 汆燙(水滾關火泡置5分鐘)、米粉湯', 290, NULL, 37, 31, '2023-03-12 16:00:00', 1, '2024-05-19 06:33:28', '2024-05-19 06:33:28'),
(350, 4, '活凍花枝切片', '澎湖新鮮現流花枝，上岸後立即加工切片，保留鮮甜滋味，省去媽媽們處理時間，方便烹煮料理。 建議烹調方式 : 清炒', 300, NULL, 48, 31, '2023-12-10 16:00:00', 1, '2024-05-19 06:33:28', '2024-05-19 06:33:28'),
(351, 4, '活凍透抽切片', '澎湖新鮮現流透抽，保留完整鮮甜、Q彈，上岸立即加工切片，輕鬆節省料理時間，適合料理三杯等下酒好菜。 建議烹調方式 : 三杯、清炒', 250, NULL, 17, 31, '2022-07-18 16:00:00', 1, '2024-05-19 06:33:28', '2024-05-19 06:33:28'),
(352, 4, '澎湖野生扁蟹去殼蟹腳肉(小)', '來自澎湖野生扁蟹盛產期，此時的蟹腳肥美鮮甜。將新鮮的扁蟹，純粹以人工方式將新鮮扁蟹的蟹殼切除，留下新鮮美味的蟹腳，以急速冷凍瞬間，保鮮鎖住原味，肉質鮮甜Q嫩。只保留鮮甜的蟹腳，非常方便烹煮及快炒。 建議烹調方式 : 清炒、醬炒、沙拉', 390, NULL, 11, 31, '2023-12-04 16:00:00', 1, '2024-05-19 06:33:28', '2024-05-19 06:33:28'),
(353, 4, '熟凍櫻花蝦', '於無受汙染的南方澳海域捕撈，帶有黑潮洋流乾淨的營養鹽，到港後直送工廠，採用CAS細胞活存冷凍技術保存，使櫻花蝦細胞完整，保持最佳新鮮度。嚴選銷日等級品規，蝦體紅潤且肥美飽滿，肉質鮮甜，無腥味。 建議烹調方式：炒蛋、拌飯', 110, NULL, 7, 31, '2022-04-27 16:00:00', 1, '2024-05-19 06:33:28', '2024-05-19 06:33:28'),
(354, 4, '馬祖淡菜清肉', '??特選來自馬祖淡菜，天然乾淨的水質造就肉質飽滿Ｑ彈的淡菜 ??經東部海域深層海水淨化去除雜質，純淨安心 ??單顆獨立冷凍淡菜清肉，想吃多少解凍多少，鎖住淡菜鮮甜滋味 ??無須去殼去鬚，烹煮省時又方便', 299, NULL, 19, 31, '2022-03-16 16:00:00', 1, '2024-05-19 06:33:28', '2024-05-19 06:33:28'),
(355, 4, '船凍透抽(大)', 'GREEN & SAFE嚴選船凍透抽，新鮮捕撈的透抽活力十足，捕撈後在船上急速冷凍，保持剛捕撈的鮮活，肉質厚嫩甘甜又Q彈，整尾冷凍的透抽，如寶劍一樣的形狀，料理的時候不論是切花、切圈或是切段都很方便。 建議烹調方式 : 汆燙(水滾關火泡置5分鐘)、米粉湯', 200, NULL, 48, 31, '2023-05-08 16:00:00', 1, '2024-05-19 06:33:28', '2024-05-19 06:33:28');

-- --------------------------------------------------------

--
-- 資料表結構 `product_categories`
--

CREATE TABLE `product_categories` (
  `id` int(11) NOT NULL,
  `name` varchar(255) NOT NULL,
  `cate_png` varchar(255) DEFAULT NULL,
  `description` text DEFAULT NULL,
  `parent_id` int(11) DEFAULT NULL
) ENGINE=InnoDB DEFAULT CHARSET=utf8 COLLATE=utf8_general_ci;

--
-- 傾印資料表的資料 `product_categories`
--

INSERT INTO `product_categories` (`id`, `name`, `cate_png`, `description`, `parent_id`) VALUES
(1, '蔬菜', 'cateVegetable01.png', '蔬菜是重要的副食品，一年四季有不同的蔬菜種類。不僅提供食物的變化，增進食慾，也提供人體所需要的營養，維持身體健康。近年有更多證明攝取蔬菜與水果，罹患癌症的危險性較低，對人體十份有益', NULL),
(2, '水果', 'cateFruit.png', '水果是大自然的美味恩賜，它們是植物的成果，具有多種色彩、形狀和風味。', NULL),
(3, '肉類', 'cateMeat.png', '包含肉類', NULL),
(4, '季節水產', 'cateFish.png', '季節水產是根據不同季節提供的時令水產產品。這種商業模式強調在特定季節性時期，以最佳的品質和新鮮度供應當季水產產品，滿足消費者對新鮮、多樣和營養豐富食材的需求。', NULL),
(5, '蛋', 'cateEgg.png', '蛋雞非傳統格子籠飼養，低密度平飼或放養方式飼養或友善人道飼養。 生長過程無使用荷爾蒙?合成開胃劑?人工色素， 均衡的穀物飼料配方，雞蛋品質良好，無腥味。 不強迫雞隻換羽，讓母雞自然生產，生產兼顧人道。', NULL),
(6, '豆乳製品', 'cateMilk.png', '豆製品和乳製品', NULL),
(7, '素料', 'cateVegetable02.png', '不包含任何動物成分的食材，也稱為素食食材。這些食材主要由植物來源製成。', NULL),
(8, '魚', '', '魚類是水中的脊椎動物，被廣泛視為健康食品之一。魚肉含有高質量的蛋白質、不飽和脂肪酸（例如歐米茄-3脂肪酸）、維生素和礦物質。不同種類的魚提供不同的風味和營養價值。', 3),
(9, '雞', '', '雞肉是最受歡迎和廣泛消費的肉類之一。它是富含蛋白質的食物，同時也提供維生素B、維生素D和礦物質。', 3),
(10, '豬', '', '豬類包括豬肉，是全球各地廣泛食用的肉類之一。豬肉富含蛋白質、維生素B、鐵和鋅。', 3),
(11, '牛', '', '牛類包括牛肉，也是世界各地廣泛食用的肉類。牛肉含有高質量的蛋白質、鐵、鋅和維生素B。', 3),
(12, '豆製品', '', '堅持無基改、友善農法栽培的豆類，以及人道飼養的飼養的蛋品與乳品，讓您補充最優質的蛋白質', 6),
(13, '乳製品', '', '乳源單純可追溯，確保乳品安全及風味，鮮乳牧場從飼養?殺菌?充填，一條龍供應乳源，每日限量，產地直送。 無動物用藥殘留，不使用荷爾蒙催乳，生產並秉持人道精神。', 6),
(14, '優惠蔬菜', '', '蔬菜的優惠商品', 23),
(15, '優惠水果', '', '水果的優惠商品', 23),
(16, '優惠素料', '', '素料的優惠商品', 23),
(17, '優惠肉類', '', '肉類的優惠商品', 23),
(18, '優惠蛋類', '', '蛋類的優惠商品', 23),
(19, '優惠豆乳製品', '', '豆乳製品的優惠商品', 23),
(20, '優惠季節水產', '', '季節水產的優惠商品', 23),
(21, '其他精選肉', '', NULL, 3),
(22, '豪華禮盒組', '', '所有禮盒組不分類', NULL),
(23, '優惠商品', '', '所有優惠商品', NULL);

-- --------------------------------------------------------

--
-- 資料表結構 `product_image`
--

CREATE TABLE `product_image` (
  `id` int(11) NOT NULL,
  `product_id` int(11) NOT NULL,
  `image_url` varchar(255) NOT NULL,
  `discription` varchar(255) DEFAULT NULL,
  `sort_order` int(11) NOT NULL DEFAULT 0,
  `upload_date` varchar(255) DEFAULT NULL
) ENGINE=InnoDB DEFAULT CHARSET=utf8 COLLATE=utf8_general_ci;

--
-- 傾印資料表的資料 `product_image`
--

INSERT INTO `product_image` (`id`, `product_id`, `image_url`, `discription`, `sort_order`, `upload_date`) VALUES
(1, 153, 'egg05.jpg', '', 0, '2023/5/12 00:00'),
(2, 154, '127_qkECaWmOmr.jpeg', '', 0, '2021/3/24 00:00'),
(3, 155, '240_IhCMZFSltR.jpeg', '', 0, '2022/6/15 00:00'),
(4, 156, '123_bZntanmbSi.jpeg', '', 0, '2023/11/14 00:00'),
(5, 156, '124_vGAsQDSwYx.jpeg', '', 1, '2023/11/14 00:00'),
(6, 157, '102_AxTTWNfwCr.png', '', 0, '2023/9/23 00:00'),
(7, 158, '214_fmqYvgmruH.jpeg', '', 0, '2023/4/10 00:00'),
(8, 159, '176_CPhnwTMfoX.jpeg', '', 0, '2022/9/14 00:00'),
(9, 160, '105_KSDUwtyyCc.jpeg', '', 0, '2023/9/4 00:00'),
(10, 160, '106_aYJzKJzjzA.jpeg', '', 1, '2023/9/4 00:00'),
(11, 160, '107_nUuFCMzzJN.jpeg', '', 2, '2023/9/4 00:00'),
(12, 161, '82_oyFuhTRFmi.jpeg', '', 0, '2023/1/4 00:00'),
(13, 162, '103_CrcgZDNXUm.jpeg', '', 0, '2022/3/24 00:00'),
(14, 163, '89_LhjDEVEFTg.jpeg', '', 0, '2023/10/31 00:00'),
(15, 164, '90_OcSrLXVyBZ.jpeg', '', 0, '2021/10/13 00:00'),
(16, 165, '81_dAidjjPGUa.jpeg', '', 0, '2022/8/1 00:00'),
(17, 166, '140_CQONJHwKGF.jpeg', '', 0, '2021/10/14 00:00'),
(18, 167, '110_vkOrMISJVJ.jpeg', '', 0, '2021/7/14 00:00'),
(19, 168, '91_BjjAKzmbJr.jpeg', '', 0, '2022/5/29 00:00'),
(20, 168, '92_XnHCcKxDzR.jpeg', '', 1, '2022/5/29 00:00'),
(21, 169, 'TofuSkinSushi03.jpeg', '', 0, '2023/12/27 00:00'),
(22, 170, '4_SmEQqnXNBz.jpeg', '', 0, '2021/10/28 00:00'),
(23, 171, '217_VttBjNivQt.jpeg', '', 0, '2022/9/28 00:00'),
(24, 171, '218_DGaGfoAsUs.jpeg', '', 1, '2022/9/28 00:00'),
(25, 172, '209_aqckOdWDLs.jpeg', '', 0, '2021/7/22 00:00'),
(26, 173, '111_Mfwvlmxrml.jpeg', '', 0, '2021/6/1 00:00'),
(27, 174, '208_piWrFKJPbn.jpeg', '', 0, '2022/11/8 00:00'),
(28, 175, '128_KKyaEZGOTQ.jpeg', '', 0, '2023/8/25 00:00'),
(29, 176, '11_ShwLgpgLjw.jpeg', '', 0, '2021/7/26 00:00'),
(30, 176, '12_uGfigIRlbx.jpeg', '', 1, '2021/7/26 00:00'),
(31, 177, '167_GRFOVVMybD.png', '', 0, '2022/12/26 00:00'),
(32, 178, '8_QcDJzokrPy.jpeg', '', 0, '2023/6/9 00:00'),
(33, 178, '9_MJCRbhcYCD.jpeg', '', 1, '2023/6/9 00:00'),
(34, 178, '10_zwnRcoSEwd.jpeg', '', 2, '2023/6/9 00:00'),
(35, 179, '100_TsdNwpdway.jpeg', '', 0, '2022/10/10 00:00'),
(36, 179, '101_nhvOxoMFRL.png', '', 1, '2022/10/10 00:00'),
(37, 180, '19_mdpZclLDyU.jpeg', '', 0, '2022/2/23 00:00'),
(38, 180, '20_mXJLmCepNH.jpeg', '', 1, '2022/2/23 00:00'),
(39, 181, '13_MKkjPbUfck.jpeg', '', 0, '2023/9/4 00:00'),
(40, 181, '14_MmMxRgeIAG.jpeg', '', 1, '2023/9/4 00:00'),
(41, 182, '268_mkEOjSARjM.jpeg', '', 0, '2023/6/26 00:00'),
(42, 183, '174_FvtGPZGOcB.jpeg', '', 0, '2023/12/4 00:00'),
(43, 183, '175_xvkSqHouui.jpeg', '', 1, '2023/12/4 00:00'),
(44, 184, '57_zafIPLrKfE.jpeg', '', 0, '2022/6/18 00:00'),
(45, 185, '23_TIPWHqcpKP.jpeg', '', 0, '2021/5/8 00:00'),
(46, 185, '24_bMAuuBKckn.jpeg', '', 1, '2021/5/8 00:00'),
(47, 185, '25_JmzGOYfeGy.jpeg', '', 2, '2021/5/8 00:00'),
(48, 186, '269_jctpGhMCWH.jpeg', '', 0, '2021/1/29 00:00'),
(49, 187, '177_dKXxMONFXJ.jpeg', '', 0, '2021/7/11 00:00'),
(50, 187, '178_QsKEwavJGD.jpeg', '', 1, '2021/7/11 00:00'),
(51, 188, '54_XHIyYUufRr.jpeg', '', 0, '2023/3/28 00:00'),
(52, 189, '213_hURTzwckye.jpeg', '', 0, '2021/1/3 00:00'),
(53, 190, '63_JiqgWASTpc.jpeg', '', 0, '2023/10/8 00:00'),
(54, 191, '164_ZRtmVeCQIA.png', '', 0, '2022/11/14 00:00'),
(55, 192, '95_xpgYnVElff.jpeg', '', 0, '2022/5/15 00:00'),
(56, 193, '215_eACiYcvYqp.jpeg', '', 0, '2022/10/29 00:00'),
(57, 194, '87_EUutIfKlrz.jpeg', '', 0, '2021/5/9 00:00'),
(58, 195, '219_KBWtacHaYW.jpeg', '', 0, '2022/1/27 00:00'),
(59, 196, '220_tPLJCeYCvs.jpeg', '', 0, '2022/3/31 00:00'),
(60, 197, '88_KPWmMZPVbm.jpeg', '', 0, '2022/5/4 00:00'),
(61, 198, '104_XziJIqWzqw.jpeg', '', 0, '2021/10/19 00:00'),
(62, 199, '109_wqwZInpNEx.jpeg', '', 0, '2023/7/7 00:00'),
(63, 200, '108_VDyNFVwWiD.jpeg', '', 0, '2021/7/6 00:00'),
(64, 201, '241_PPDbctdkjE.jpeg', '', 0, '2021/6/14 00:00'),
(65, 201, '242_RmTaMCDbeL.jpeg', '', 1, '2021/6/14 00:00'),
(66, 202, '243_sVlCgBbqSR.jpeg', '', 0, '2022/10/18 00:00'),
(67, 202, '244_AgLmCaYrpE.jpeg', '', 1, '2022/10/18 00:00'),
(68, 202, '245_rsRlQygRDZ.jpeg', '', 2, '2022/10/18 00:00'),
(69, 202, '246_naCPJEkeOZ.jpeg', '', 3, '2022/10/18 00:00'),
(70, 203, '222_VhzpIaMvsK.jpeg', '', 0, '2023/11/7 00:00'),
(71, 203, '223_kAJFnoGEFM.jpeg', '', 1, '2023/11/7 00:00'),
(72, 203, '224_EEqnuhsdsv.jpeg', '', 2, '2023/11/7 00:00'),
(73, 203, '225_WPpxzQiIif.jpeg', '', 3, '2023/11/7 00:00'),
(74, 204, '99_lYHdIOzRAQ.jpeg', '', 0, '2023/9/30 00:00'),
(75, 205, '26_tXQNLiUiCl.jpeg', '', 0, '2021/8/12 00:00'),
(76, 206, '96_FrwPaQhuxA.jpeg', '', 0, '2022/9/10 00:00'),
(77, 207, '93_JSogBThHpB.jpeg', '', 0, '2022/8/20 00:00'),
(78, 207, '94_JksvLRGftu.jpeg', '', 1, '2022/8/20 00:00'),
(79, 208, '98_ewPUochGte.jpeg', '', 0, '2021/9/13 00:00'),
(80, 209, '83_bTibQEQfoK.jpeg', '', 0, '2022/11/13 00:00'),
(81, 210, '71_mxZqEYfZOF.png', '', 0, '2022/2/21 00:00'),
(82, 210, '72_ZdIzvmRyzQ.jpeg', '', 1, '2022/2/21 00:00'),
(83, 211, '84_gkJeJGzUDs.png', '', 0, '2022/8/13 00:00'),
(84, 212, '76_NIYdZLXITn.jpeg', '', 0, '2023/7/1 00:00'),
(85, 213, '77_KCLttDiWfr.png', '', 0, '2021/7/7 00:00'),
(86, 214, '86_etUIztUBCX.png', '', 0, '2023/2/28 00:00'),
(87, 215, '85_CoWsOVEJEB.jpeg', '', 0, '2022/10/12 00:00'),
(88, 216, '75_MmyAlFNBnH.png', '', 0, '2022/5/11 00:00'),
(89, 217, '97_WdmChDnbVc.png', '', 0, '2022/8/18 00:00'),
(90, 218, '226_NvFqEdNFPV.jpeg', '', 0, '2022/1/12 00:00'),
(91, 219, '80_NnYPByzKDX.jpeg', '', 0, '2022/1/23 00:00'),
(92, 220, '79_VdbmKGLEAw.jpeg', '', 0, '2022/1/18 00:00'),
(93, 221, '78_WsavoisMIf.jpeg', '', 0, '2021/3/9 00:00'),
(94, 222, '73_rmhNvHOBVK.jpeg', '', 0, '2022/6/17 00:00'),
(95, 222, '74_rLNgYSJrHB.jpeg', '', 1, '2022/6/17 00:00'),
(96, 223, '121_eUmmdSGpzG.jpeg', '', 0, '2023/9/3 00:00'),
(97, 224, '120_HzQYwVHvtA.png', '', 0, '2021/5/22 00:00'),
(98, 225, '115_cIxmeBAwoY.jpeg', '', 0, '2021/7/3 00:00'),
(99, 226, '118_YjMWIjyvKK.jpeg', '', 0, '2021/9/24 00:00'),
(100, 227, '117_GymKSXLQFj.jpeg', '', 0, '2021/11/3 00:00'),
(101, 228, '119_wIlrMdfgZx.jpeg', '', 0, '2021/3/21 00:00'),
(102, 229, '122_EXaqCtKnyh.jpeg', '', 0, '2021/6/14 00:00'),
(103, 230, '116_PVAsaxdNqO.jpeg', '', 0, '2023/3/13 00:00'),
(104, 231, '114_gaCGMsGFNm.jpeg', '', 0, '2023/12/11 00:00'),
(105, 232, '50_WDYcyFkUnE.jpeg', '', 0, '2022/7/19 00:00'),
(106, 233, '29_caqgVQOheL.jpeg', '', 0, '2023/12/5 00:00'),
(107, 234, '31_uAiagzTwla.jpeg', '', 0, '2022/4/28 00:00'),
(108, 235, '33_TyMozbkPnL.jpeg', '', 0, '2022/3/17 00:00'),
(109, 236, '39_DtpqDNfSvR.jpeg', '', 0, '2023/5/9 00:00'),
(110, 237, '30_mkdptQQNmp.jpeg', '', 0, '2022/7/18 00:00'),
(111, 238, '35_aSxNZsVFUG.jpeg', '', 0, '2023/7/12 00:00'),
(112, 239, '41_gsIPdnDFZh.jpeg', '', 0, '2023/10/6 00:00'),
(113, 240, '43_BBkbuaKOjw.jpeg', '', 0, '2023/1/2 00:00'),
(114, 241, '37_pXKfTaCRaK.jpeg', '', 0, '2021/6/18 00:00'),
(115, 241, '38_PUuLOeYiZZ.jpeg', '', 1, '2021/6/18 00:00'),
(116, 242, '34_FCvUQvvNGP.jpeg', '', 0, '2022/10/27 00:00'),
(117, 243, '49_ZjNMaNAhCP.jpeg', '', 0, '2021/8/25 00:00'),
(118, 244, '46_LbTzunMkvj.jpeg', '', 0, '2023/9/24 00:00'),
(119, 245, '44_EQniKuAvQl.jpeg', '', 0, '2022/11/18 00:00'),
(120, 246, '45_ibasieuPNp.jpeg', '', 0, '2022/1/25 00:00'),
(121, 247, '48_jWpUoaSXzA.jpeg', '', 0, '2022/5/13 00:00'),
(122, 248, '47_ewfnwRsyuJ.png', '', 0, '2021/2/3 00:00'),
(123, 249, '36_TYRjNxfacT.jpeg', '', 0, '2022/7/10 00:00'),
(124, 250, '40_zghJWxmeeq.jpeg', '', 0, '2021/8/28 00:00'),
(125, 251, '42_pBBNaPZnqW.jpeg', '', 0, '2022/3/28 00:00'),
(126, 252, '32_LCXIeJAGXL.jpeg', '', 0, '2023/2/1 00:00'),
(127, 253, '66_YGszxWCMlJ.jpeg', '', 0, '2021/12/16 00:00'),
(128, 254, '62_GrJoDOqNOf.jpeg', '', 0, '2022/11/13 00:00'),
(129, 255, '67_fxHFJhYRIt.jpeg', '', 0, '2023/5/23 00:00'),
(130, 256, '65_iDlfjbQfkj.jpeg', '', 0, '2021/5/8 00:00'),
(131, 257, '64_zHeQbODPGI.jpeg', '', 0, '2021/7/26 00:00'),
(132, 258, '7_CQTvQfmWoY.jpeg', '', 0, '2021/10/27 00:00'),
(133, 259, '247_fhNgJNOpNN.jpeg', '', 0, '2022/3/25 00:00'),
(134, 259, '248_bgDBGkZJyk.jpeg', '', 1, '2022/3/25 00:00'),
(135, 259, '249_jYJhLVslgT.jpeg', '', 2, '2022/3/25 00:00'),
(136, 260, '136_fgSfAFvGRZ.jpeg', '', 0, '2021/4/3 00:00'),
(137, 260, '137_GFXJEuReej.png', '', 1, '2021/4/3 00:00'),
(138, 261, '51_YUocTtGasr.jpeg', '', 0, '2021/6/1 00:00'),
(139, 262, '139_lZJwnGWLuc.jpeg', '', 0, '2021/2/24 00:00'),
(140, 263, '169_LfweNSVLvf.jpeg', '', 0, '2021/9/12 00:00'),
(141, 263, '170_lnbQBrzVGP.jpeg', '', 1, '2021/9/12 00:00'),
(142, 264, '138_PclOCaZbri.jpeg', '', 0, '2022/1/22 00:00'),
(143, 265, '210_MUkvzmIGVw.jpeg', '', 0, '2021/9/3 00:00'),
(144, 266, '52_vccOAZUvwQ.jpeg', '', 0, '2023/3/13 00:00'),
(145, 267, '256_PPAkHweSIL.jpeg', '', 0, '2021/7/7 00:00'),
(146, 268, '250_vYqUliWpcr.jpeg', '', 0, '2023/1/29 00:00'),
(147, 269, '259_cjefeswNte.jpeg', '', 0, '2021/8/26 00:00'),
(148, 270, '53_PIMWqJFXoI.jpeg', '', 0, '2021/3/16 00:00'),
(149, 271, '135_pnafvgjuXn.jpeg', '', 0, '2021/2/14 00:00'),
(150, 272, '251_QWcnJDQRKZ.jpeg', '', 0, '2023/5/12 00:00'),
(151, 272, '252_vMqWpgRcwa.jpeg', '', 1, '2023/5/12 00:00'),
(152, 272, '253_dczpHBvGZD.jpeg', '', 2, '2023/5/12 00:00'),
(153, 273, '27_lhlBZjPFlV.jpeg', '', 0, '2021/3/24 00:00'),
(154, 273, '28_uUKdlyzAaR.jpeg', '', 1, '2021/3/24 00:00'),
(155, 274, '254_tYXDHaTjIa.jpeg', '', 0, '2022/6/15 00:00'),
(156, 274, '255_LaGtcCYyCm.jpeg', '', 1, '2022/6/15 00:00'),
(157, 275, '257_POhBPEfxXb.jpeg', '', 0, '2023/11/14 00:00'),
(158, 275, '258_GJOlgzwswc.jpeg', '', 1, '2023/11/14 00:00'),
(159, 276, '171_GoFxeigyDv.jpeg', '', 0, '2023/9/23 00:00'),
(160, 276, '172_mlUuSsAZIe.jpeg', '', 1, '2023/9/23 00:00'),
(161, 277, '55_RiBRIQNxnC.jpeg', '', 0, '2023/4/10 00:00'),
(162, 278, '56_sMbTmsDUsJ.jpeg', '', 0, '2022/9/14 00:00'),
(163, 279, '161_TSJjRSHRsP.jpeg', '', 0, '2023/9/4 00:00'),
(164, 279, '162_JWzlJmkKIn.jpeg', '', 1, '2023/9/4 00:00'),
(165, 280, '163_xfbLXqCZAL.jpeg', '', 0, '2023/1/4 00:00'),
(166, 281, '165_gYmizOtvvy.jpeg', '', 0, '2022/3/24 00:00'),
(167, 282, '166_FtAGEjjXXj.jpeg', '', 0, '2023/10/31 00:00'),
(168, 283, '61_MxXJxHUbNL.jpeg', '', 0, '2021/10/13 00:00'),
(169, 284, '60_epYGXvXWlP.jpeg', '', 0, '2022/8/1 00:00'),
(170, 285, '113_SPrIwYgcXE.jpeg', '', 0, '2021/10/14 00:00'),
(171, 286, '112_KuLXNmPHqf.jpeg', '', 0, '2021/7/14 00:00'),
(172, 287, '203_KVSmbDRrap.jpeg', '', 0, '2022/5/29 00:00'),
(173, 288, '198_ivFmTcwOwy.jpeg', '', 0, '2023/12/27 00:00'),
(174, 288, '199_RgQDdaNswx.jpeg', '', 1, '2023/12/27 00:00'),
(175, 288, '200_WOCFDsPeFY.jpeg', '', 2, '2023/12/27 00:00'),
(176, 289, '15_CjFyJWcvim.jpeg', '', 0, '2021/10/28 00:00'),
(177, 289, '16_OeHPVjQkPa.jpeg', '', 1, '2021/10/28 00:00'),
(178, 290, '205_dHjfLUWVqn.jpeg', '', 0, '2022/9/28 00:00'),
(179, 290, '206_nbrEqPRVuE.jpeg', '', 1, '2022/9/28 00:00'),
(180, 290, '207_dQOxlHHaxd.jpeg', '', 2, '2022/9/28 00:00'),
(181, 291, '196_lFlTYNNkIG.jpeg', '', 0, '2021/7/22 00:00'),
(182, 291, '197_NBaOHgtipg.jpeg', '', 1, '2021/7/22 00:00'),
(183, 292, '201_TtfjIylXVA.jpeg', '', 0, '2021/6/1 00:00'),
(184, 293, '234_sKHWzJjiVi.jpeg', '', 0, '2022/11/8 00:00'),
(185, 293, '235_elnUJjWJib.jpeg', '', 1, '2022/11/8 00:00'),
(186, 294, '59_YCSXBaAyqR.jpeg', '', 0, '2023/8/25 00:00'),
(187, 295, '185_mcOPVZbQWu.jpeg', '', 0, '2021/7/26 00:00'),
(188, 296, '181_QnHeWOQYWL.jpeg', '', 0, '2022/12/26 00:00'),
(189, 296, '182_YNRFakIrSr.jpeg', '', 1, '2022/12/26 00:00'),
(190, 297, '17_PlAHfkpDfs.jpeg', '', 0, '2023/6/9 00:00'),
(191, 297, '18_wIwcTwUqNP.jpeg', '', 1, '2023/6/9 00:00'),
(192, 298, '187_zytxTJBPqk.jpeg', '', 0, '2022/10/10 00:00'),
(193, 299, '186_VyczRXjAHH.jpeg', '', 0, '2022/2/23 00:00'),
(194, 300, '228_JINZvHkjbh.jpeg', '', 0, '2023/9/4 00:00'),
(195, 300, '229_kSycanlPdm.jpeg', '', 0, '2023/9/4 00:00'),
(196, 300, '230_hBIyuRNZCM.jpeg', '', 1, '2023/9/4 00:00'),
(197, 301, 'MidnightFish01.jpg', '', 0, '2023/6/26 00:00'),
(198, 302, '21_dAbwYGhtJi.jpeg', '', 0, '2023/12/4 00:00'),
(199, 302, '22_ZjvUAlUWRj.jpeg', '', 1, '2023/12/4 00:00'),
(200, 303, '232_JPSvsxMUIY.jpeg', '', 0, '2022/6/18 00:00'),
(201, 304, '227_YDxDMofvWi.jpeg', '', 0, '2021/5/8 00:00'),
(202, 305, '184_INwIcXfejh.jpeg', '', 0, '2021/1/29 00:00'),
(203, 306, '204_MAHpPeYolY.jpeg', '', 0, '2021/7/11 00:00'),
(204, 307, '189_eXFjQfplTv.jpeg', '', 0, '2023/3/28 00:00'),
(205, 308, '211_ESfPQfHpbA.jpeg', '', 0, '2021/1/3 00:00'),
(206, 308, '212_AWOaJYMgfo.jpeg', '', 1, '2021/1/3 00:00'),
(207, 309, '190_PWkubklmeP.jpeg', '', 0, '2023/10/8 00:00'),
(208, 310, '130_igonclhGoq.jpeg', '', 0, '2022/11/14 00:00'),
(209, 311, '1_XgSstTWhjT.jpeg', '', 0, '2022/5/15 00:00'),
(210, 311, '2_cZabPhiwoU.jpeg', '', 1, '2022/5/15 00:00'),
(211, 311, '3_guQAJATGJJ.jpeg', '', 2, '2022/5/15 00:00'),
(212, 312, '149_hOXIOBRBWm.jpeg', '', 0, '2022/10/29 00:00'),
(213, 312, '150_TdVjhhcdys.jpeg', '', 1, '2022/10/29 00:00'),
(214, 313, '68_epYYTshXZM.jpeg', '', 0, '2021/5/9 00:00'),
(215, 314, '129_hRShijsXYM.jpeg', '', 0, '2022/1/27 00:00'),
(216, 315, '266_lEtoUcfxqF.jpeg', '', 0, '2022/3/31 00:00'),
(217, 316, '236_pkDqghzYHi.jpeg', '', 0, '2022/5/4 00:00'),
(218, 316, '237_jFUawuJESe.jpeg', '', 1, '2022/5/4 00:00'),
(219, 317, '146_SsSPDAnEyK.jpeg', '', 0, '2021/10/19 00:00'),
(220, 318, '168_FMrFwcgnOE.jpeg', '', 0, '2023/7/7 00:00'),
(221, 319, '263_TtWvOklIeA.jpeg', '', 0, '2021/7/6 00:00'),
(222, 320, '262_xpZgxLMpwX.jpeg', '', 0, '2021/6/14 00:00'),
(223, 321, '264_zYASdqxTrr.jpeg', '', 0, '2022/10/18 00:00'),
(224, 321, '265_dYMAwYHSRv.jpeg', '', 1, '2022/10/18 00:00'),
(225, 322, '69_MyHzcYGeXx.jpeg', '', 0, '2023/11/7 00:00'),
(226, 322, '70_dBovFpipqF.jpeg', '', 1, '2023/11/7 00:00'),
(227, 323, '216_ViqeMFsLrZ.jpeg', '', 0, '2023/9/30 00:00'),
(228, 324, '180_kMNugcsQCS.jpeg', '', 0, '2021/8/12 00:00'),
(229, 325, '183_ORSRLnoBvn.jpeg', '', 0, '2022/9/10 00:00'),
(230, 326, '179_FdVRkjpjMY.jpeg', '', 0, '2022/8/20 00:00'),
(231, 327, '143_syBcmmRCiL.jpeg', '', 0, '2021/9/13 00:00'),
(232, 327, '144_PHVonCvFDn.jpeg', '', 1, '2021/9/13 00:00'),
(233, 327, '145_QxzipfwPNh.jpeg', '', 2, '2021/9/13 00:00'),
(234, 328, '157_XFYkFczTbx.jpeg', '', 0, '2022/11/13 00:00'),
(235, 329, '148_gGaUIyvIdg.jpeg', '', 0, '2022/2/21 00:00'),
(236, 330, '158_SfNYgQSmJi.jpeg', '', 0, '2022/8/13 00:00'),
(237, 330, '159_VbMMWCbpFW.jpeg', '', 1, '2022/8/13 00:00'),
(238, 330, '160_dUeIIrDpbW.jpeg', '', 2, '2022/8/13 00:00'),
(239, 331, '153_prtGkXGUiq.jpeg', '', 0, '2023/7/1 00:00'),
(240, 332, '202_cAYnEHdfmZ.jpeg', '', 0, '2021/7/7 00:00'),
(241, 333, '261_RaSiPMChSq.jpeg', '', 0, '2023/2/28 00:00'),
(242, 334, '58_OSqlPLIJzt.jpeg', '', 0, '2022/10/12 00:00'),
(243, 335, '141_gMXoFgqTqZ.jpeg', '', 0, '2022/5/11 00:00'),
(244, 335, '142_ZpdVGgHKqd.jpeg', '', 1, '2022/5/11 00:00'),
(245, 336, '195_YUNruOgHfd.jpeg', '', 0, '2022/8/18 00:00'),
(246, 337, '5_dQadbOeAFT.jpeg', '', 0, '2022/1/12 00:00'),
(247, 337, '6_zTRGDXuxXU.jpeg', '', 1, '2022/1/12 00:00'),
(248, 338, '238_NDyPXqsRnt.jpeg', '', 0, '2022/1/23 00:00'),
(249, 339, '274_SHybeIcLnJ.jpeg', '', 0, '2022/1/18 00:00'),
(250, 339, '275_UDPTLIemvQ.jpeg', '', 1, '2022/1/18 00:00'),
(251, 340, '270_JGyvfMrcBt.jpeg', '', 0, '2021/3/9 00:00'),
(252, 340, '271_RbrxKYDNVm.jpeg', '', 1, '2021/3/9 00:00'),
(253, 340, '272_CoouKSTrBx.jpeg', '', 2, '2021/3/9 00:00'),
(254, 340, '273_AakkTAMHXe.jpeg', '', 3, '2021/3/9 00:00'),
(255, 341, '125_LOkWEPcSnn.jpeg', '', 0, '2022/6/17 00:00'),
(256, 342, '267_vNTMdKerbW.jpeg', '', 0, '2023/9/3 00:00'),
(257, 343, '154_SqiwWStCoc.jpeg', '', 0, '2021/5/22 00:00'),
(258, 343, '155_ricCLaeHAr.jpeg', '', 1, '2021/5/22 00:00'),
(259, 343, '156_XRBGpwdVQt.jpeg', '', 2, '2021/5/22 00:00'),
(260, 344, '231_ebMAjSkTDJ.jpeg', '', 0, '2021/7/3 00:00'),
(261, 345, '188_kyKwPhezaD.jpeg', '', 0, '2021/9/24 00:00'),
(262, 346, '151_ASVBDMOIkc.jpeg', '', 0, '2021/11/3 00:00'),
(263, 347, '147_BzcWCXJiYS.png', '', 0, '2021/3/21 00:00'),
(264, 348, '126_anqxklYnwH.jpeg', '', 0, '2021/6/14 00:00'),
(265, 349, '193_hViPUFejWo.jpeg', '', 0, '2023/3/13 00:00'),
(266, 349, '194_JjiGsiPSiz.jpeg', '', 1, '2023/3/13 00:00'),
(267, 350, '131_OqSlkUVCXM.jpeg', '', 0, '2023/12/11 00:00'),
(268, 350, '132_gpZSyGNgUe.jpeg', '', 1, '2023/12/11 00:00'),
(269, 351, '133_plPkZgksgH.jpeg', '', 0, '2022/7/19 00:00'),
(270, 351, '134_XbiWlEYbLP.jpeg', '', 1, '2022/7/19 00:00'),
(271, 352, '233_ZTGjGNKCfD.jpeg', '', 0, '2023/12/5 00:00'),
(272, 353, '239_kPUnxbsIPu.jpeg', '', 0, '2022/4/28 00:00'),
(273, 354, '173_XsalvvQcUb.jpeg', '', 0, '2022/3/17 00:00'),
(274, 355, '191_RqEPOyNgWe.jpeg', '', 0, '2023/5/9 00:00'),
(275, 355, '192_lBLlFiAQik.jpeg', '', 1, '2023/5/9 00:00'),
(276, 1, '1_umhunRxzqn.jpg', '', 0, '2023/5/12 00:00'),
(277, 2, '2_dUxHmeJCmu.jpg', '', 0, '2021/3/24 00:00'),
(278, 3, '3_FbERIZlNzA.jpg', '', 0, '2022/6/15 00:00'),
(279, 4, '4_rpIKbLFKBY.jpg', '', 0, '2023/11/14 00:00'),
(280, 5, '5_oizkSSVmUK.jpg', '', 0, '2023/9/23 00:00'),
(281, 6, '6_oqblupbLOm.jpg', '', 0, '2023/4/10 00:00'),
(282, 7, 'lettuce01.jpg', '', 0, '2022/9/14 00:00'),
(283, 8, '8_JwwXRlVggC.jpg', '', 0, '2023/9/4 00:00'),
(284, 9, '9_mUSNpviqVS.jpg', '', 0, '2023/1/4 00:00'),
(285, 10, '10_armOsivqoP.jpg', '', 0, '2022/3/24 00:00'),
(286, 11, '11_hFiIEuSuSg.jpg', '', 0, '2023/10/31 00:00'),
(287, 12, '12_gwdHstwlqO.jpg', '', 0, '2021/10/13 00:00'),
(288, 13, '13_joOUUvqwic.jpg', '', 0, '2022/8/1 00:00'),
(289, 14, '14_gpWvObGHHp.jpg', '', 0, '2021/10/14 00:00'),
(290, 15, '15_bOwCOAsKYV.jpg', '', 0, '2021/7/14 00:00'),
(291, 16, '16_bUdKSBsaOr.jpg', '', 0, '2022/5/29 00:00'),
(292, 17, '17_hiGEtzHPcu.jpg', '', 0, '2023/12/27 00:00'),
(293, 18, '18_mdFdiaNeRl.jpg', '', 0, '2021/10/28 00:00'),
(294, 19, '19_CSnLHoZTQc.jpg', '', 0, '2022/9/28 00:00'),
(295, 20, '20_kPtiFWkVCw.jpg', '', 0, '2021/7/22 00:00'),
(296, 21, '21_VXkLaiAkPi.jpg', '', 0, '2021/6/1 00:00'),
(297, 22, '22_weczYNXvKy.jpg', '', 0, '2022/11/8 00:00'),
(298, 23, '23_edrHWCKhwU.jpg', '', 0, '2023/8/25 00:00'),
(299, 24, '24_gDfXXlFNfD.jpg', '', 0, '2021/7/26 00:00'),
(300, 25, '25_OtNHIvpUye.jpg', '', 0, '2022/12/26 00:00'),
(301, 26, '26_DCfOWOKoUm.jpg', '', 0, '2023/6/9 00:00'),
(302, 27, '1_JyCmVbkgfy.jpg', '', 0, '2022/10/10 00:00'),
(303, 28, '2_LNVEqzvMCY.jpg', '', 0, '2022/2/23 00:00'),
(304, 29, '3_tGCajDBTlL.jpg', '', 0, '2023/9/4 00:00'),
(305, 30, '4_pqjecuYCYe.jpg', '', 0, '2023/6/26 00:00'),
(306, 31, '5_BLQWqVIzLH.jpg', '', 0, '2023/12/4 00:00'),
(307, 32, '6_sYjgrwHGgH.jpg', '', 0, '2022/6/18 00:00'),
(308, 33, '7_wdFHUzkhhx.jpg', '', 0, '2021/5/8 00:00'),
(309, 34, '8_LdsfJPeKLo.jpg', '', 0, '2021/1/29 00:00'),
(310, 35, '1_hBwJZjYtct.jpg', '', 0, '2021/7/11 00:00'),
(311, 36, '2_SIDNjqLiOr.jpg', '', 0, '2023/3/28 00:00'),
(312, 37, '3_YtdrZJhGNS.jpg', '', 0, '2021/1/3 00:00'),
(313, 38, '4_MqiFXJepuW.jpg', '', 0, '2023/10/8 00:00'),
(314, 39, '5_HXUsCbCJkv.jpg', '', 0, '2022/11/14 00:00'),
(315, 40, '6_ZhPUqsZTej.jpg', '', 0, '2022/5/15 00:00'),
(316, 41, '7_tzYOytiEIz.jpg', '', 0, '2022/10/29 00:00'),
(317, 42, '8_SPacAKaBNF.jpg', '', 0, '2021/5/9 00:00'),
(318, 43, '9_YQZoASGnii.jpg', '', 0, '2022/1/27 00:00'),
(319, 44, '10_mZaGJdTjzO.jpg', '', 0, '2022/3/31 00:00'),
(320, 45, '11_SivztOCjjL.jpg', '', 0, '2022/5/4 00:00'),
(321, 46, '1_JqEaVKmkld.jpg', '', 0, '2021/10/19 00:00'),
(322, 47, '2_mChyPjroVZ.jpg', '', 0, '2023/7/7 00:00'),
(323, 48, '3_nJJmsObnTQ.jpg', '', 0, '2021/7/6 00:00'),
(324, 49, '4_DQeTUrHOSi.jpg', '', 0, '2021/6/14 00:00'),
(325, 50, '5_lKCKFBDVAZ.jpg', '', 0, '2022/10/18 00:00'),
(326, 51, '6_YLsgPtVuAy.jpg', '', 0, '2023/11/7 00:00'),
(327, 52, '7_KbqLLufFsm.jpg', '', 0, '2023/9/30 00:00'),
(328, 53, '8_UACsTnGXKi.jpg', '', 0, '2021/8/12 00:00'),
(329, 54, '9_MchUGJOdRa.jpg', '', 0, '2022/9/10 00:00'),
(330, 55, '10_bcwMEOWlFI.jpg', '', 0, '2022/8/20 00:00'),
(331, 56, '11_isQynfkstn.jpg', '', 0, '2021/9/13 00:00'),
(332, 57, '12_DOFTmPaAGX.jpg', '', 0, '2022/11/13 00:00'),
(333, 58, '13_GSdPPwrXmr.jpg', '', 0, '2022/2/21 00:00'),
(334, 59, '14_fbeObYCALh.jpg', '', 0, '2022/8/13 00:00'),
(335, 60, '15_SQdlofMMnM.jpg', '', 0, '2023/7/1 00:00'),
(336, 61, '16_zmBGokdOLm.jpg', '', 0, '2021/7/7 00:00'),
(337, 62, '17_NaqXBUgyQu.jpg', '', 0, '2023/2/28 00:00'),
(338, 63, '18_PBDipFIJns.jpg', '', 0, '2022/10/12 00:00'),
(339, 64, '1_JVEfVBikJh.jpg', '', 0, '2022/5/11 00:00'),
(340, 65, '2_uShEIiqQfW.jpg', '', 0, '2022/8/18 00:00'),
(341, 66, '3_woQJCtlkwv.jpg', '', 0, '2022/1/12 00:00'),
(342, 67, '4_fhacwQzjVd.jpg', '', 0, '2022/1/23 00:00'),
(343, 68, '5_DAJKLachIH.jpg', '', 0, '2022/1/18 00:00'),
(344, 69, '6_PIldvUfozJ.jpg', '', 0, '2021/3/9 00:00'),
(345, 70, '7_CYhoqJIhlw.jpg', '', 0, '2022/6/17 00:00'),
(346, 71, '8_NGjTXuaeyO.jpg', '', 0, '2023/9/3 00:00'),
(347, 72, '9_VzPMjQPHHX.jpg', '', 0, '2021/5/22 00:00'),
(348, 73, '10_EzeteaBUNT.jpg', '', 0, '2021/7/3 00:00'),
(349, 74, '11_rxmLKLWyBF.jpg', '', 0, '2021/9/24 00:00'),
(350, 75, '12_UxwMyroOLY.jpg', '', 0, '2021/11/3 00:00'),
(351, 76, '1_OYvlfNStBh.jpg', '', 0, '2021/3/21 00:00'),
(352, 77, '2_ultvLvCUbq.jpg', '', 0, '2021/6/14 00:00'),
(353, 78, '3_vNtJyYaTer.jpg', '', 0, '2023/3/13 00:00'),
(354, 79, '4_tXzHzixpAP.jpg', '', 0, '2023/12/11 00:00'),
(355, 80, '5_yOcBNOkIJN.jpg', '', 0, '2022/7/19 00:00'),
(356, 81, '6_KeOHybUTZo.jpg', '', 0, '2023/12/5 00:00'),
(357, 82, '7_iapnTYINZr.jpg', '', 0, '2022/4/28 00:00'),
(358, 83, '8_WaiBRoSrqo.jpg', '', 0, '2022/3/17 00:00'),
(359, 84, '9_ugDwqLrUDm.jpg', '', 0, '2023/5/9 00:00'),
(360, 85, '10_kpsGwSVtau.jpg', '', 0, '2022/7/18 00:00'),
(361, 86, '11_qfGWCqNhOh.jpg', '', 0, '2023/7/12 00:00'),
(362, 87, '12_yPaqNQFQZp.jpg', '', 0, '2023/10/6 00:00'),
(363, 88, '13_SqopaFgZNX.jpg', '', 0, '2023/1/2 00:00'),
(364, 89, '14_SOlUsedCig.jpg', '', 0, '2021/6/18 00:00'),
(365, 90, '15_sGWDoNSAsY.jpg', '', 0, '2022/10/27 00:00'),
(366, 91, '16_ToSuTkBQrD.jpg', '', 0, '2021/8/25 00:00'),
(367, 92, '17_xmACebbLxS.jpg', '', 0, '2023/9/24 00:00'),
(368, 93, '18_enSCyDimxR.jpg', '', 0, '2022/11/18 00:00'),
(369, 94, '19_qjaiEbfGah.jpg', '', 0, '2022/1/25 00:00'),
(370, 95, '20_UkNLlQiTGW.jpg', '', 0, '2022/5/13 00:00'),
(371, 96, '21_noAzrcYNJN.jpg', '', 0, '2021/2/3 00:00'),
(372, 97, '22_iyNnfIJGed.jpg', '', 0, '2022/7/10 00:00'),
(373, 98, '23_TtrxNUVGKJ.jpg', '', 0, '2021/8/28 00:00'),
(374, 99, '24_zizjdFxaGi.jpg', '', 0, '2022/3/28 00:00'),
(375, 100, 'salmon02.jpg', '', 0, '2023/2/1 00:00'),
(376, 101, '26_VRDIoobwCC.jpg', '', 0, '2021/12/16 00:00'),
(377, 102, '27_MywVZFFMGv.jpg', '', 0, '2022/11/13 00:00'),
(378, 103, '1_sCASDDSGBs.jpg', '', 0, '2023/5/23 00:00'),
(379, 104, '2_iEICEvZoYl.jpg', '', 0, '2021/5/8 00:00'),
(380, 105, '3_bboSvlSHMK.jpg', '', 0, '2021/7/26 00:00'),
(381, 106, '4_wIduOqWBLy.jpg', '', 0, '2021/10/27 00:00'),
(382, 107, '5_XAmZPucXMm.jpg', '', 0, '2022/3/25 00:00'),
(383, 108, '6_mnlbqkihIz.jpg', '', 0, '2021/4/3 00:00'),
(384, 109, '7_TbIzFRNfSd.jpg', '', 0, '2021/6/1 00:00'),
(385, 110, '8_wmCzqKQptH.jpg', '', 0, '2021/2/24 00:00'),
(386, 111, 'lobster01.png', '', 0, '2021/9/12 00:00'),
(387, 112, '10_dvcdxHYxzK.jpg', '', 0, '2022/1/22 00:00'),
(388, 113, '11_gyNClFmkoQ.jpg', '', 0, '2021/9/3 00:00'),
(389, 114, '1_hPmOAxveUa.jpg', '', 0, '2023/3/13 00:00'),
(390, 115, '2_VlIAodVTUR.jpg', '', 0, '2021/7/7 00:00'),
(391, 116, '3_nDwWKRUPkH.jpg', '', 0, '2023/1/29 00:00'),
(392, 117, '4_YRQakYJJbc.jpg', '', 0, '2021/8/26 00:00'),
(393, 118, 'lemon.png', '', 0, '2021/3/16 00:00'),
(394, 119, '6_VrqgJSpjZk.jpg', '', 0, '2021/2/14 00:00'),
(395, 120, '7_JqcpwOFntZ.jpg', '', 0, '2022/2/3 00:00'),
(396, 121, '8_UJUikZDyYM.jpg', '', 0, '2022/1/14 00:00'),
(397, 122, '1_lPaoEakhNM.jpg', '', 0, '2021/9/11 00:00'),
(398, 123, '2_KyTmqytIjs.jpg', '', 0, '2023/9/9 00:00'),
(399, 124, '3_XqasZcZjWb.jpg', '', 0, '2022/3/8 00:00'),
(400, 125, '4_LdZpJtmGtG.jpg', '', 0, '2021/5/6 00:00'),
(401, 126, '5_WduhLfBzFs.jpg', '', 0, '2021/2/16 00:00'),
(402, 127, '6_sHYJOHzsnw.jpg', '', 0, '2023/5/22 00:00'),
(403, 128, '7_hsPFZggwKw.jpg', '', 0, '2021/7/27 00:00'),
(404, 129, '8_TjaVhGpGJF.jpg', '', 0, '2022/6/17 00:00'),
(405, 130, '9_FMsEfprmRm.jpg', '', 0, '2021/5/24 00:00'),
(406, 131, '10_vIIsETKkNR.jpg', '', 0, '2022/3/29 00:00'),
(407, 132, '11_CiTAOPmBeF.jpg', '', 0, '2021/5/28 00:00'),
(408, 133, '12_lBanDICdnx.jpg', '', 0, '2022/9/9 00:00'),
(409, 134, '13_pfYXdbzCRC.jpg', '', 0, '2022/12/19 00:00'),
(410, 135, '14_NrkWlFfWKl.jpg', '', 0, '2023/6/13 00:00'),
(411, 136, '15_UoklzRFiMR.jpg', '', 0, '2022/1/5 00:00'),
(412, 137, '1_hDMKTKyGfB.jpg', '', 0, '2021/5/6 00:00'),
(413, 138, '2_tuClrsSebZ.jpg', '', 0, '2023/10/29 00:00'),
(414, 139, '3_qISzxFzODJ.jpg', '', 0, '2023/8/15 00:00'),
(415, 140, '4_IzcbQEFFxR.jpg', '', 0, '2021/3/22 00:00'),
(416, 141, '5_OfUaPlQyyk.jpg', '', 0, '2021/7/26 00:00'),
(417, 142, '6_SCnNeeZaSz.jpg', '', 0, '2023/3/13 00:00'),
(418, 143, '7_raiMIHyXRh.jpg', '', 0, '2022/2/13 00:00'),
(419, 144, '8_XJSSeNVIbM.jpg', '', 0, '2022/6/17 00:00'),
(420, 145, '9_oyRzAjaqnP.jpg', '', 0, '2023/1/5 00:00'),
(421, 146, '10_aXtVYgiKmy.jpg', '', 0, '2023/8/22 00:00'),
(422, 147, '11_gGDPGsbFdM.jpg', '', 0, '2021/12/13 00:00'),
(423, 148, '12_jSssWXTFiU.jpg', '', 0, '2022/2/21 00:00'),
(424, 149, '13_jXELYuzpSQ.jpg', '', 0, '2021/4/29 00:00'),
(425, 150, '14_kkZZEZbDcK.jpg', '', 0, '2021/11/21 00:00'),
(426, 151, '15_yLpafZrOAP.jpg', '', 0, '2021/11/21 00:00'),
(427, 152, '16_sygBaXExrh.jpg', '', 0, '2021/11/21 00:00'),
(437, 356, '1706866861_t_product_image14.jpg', '', 0, '2024'),
(438, 357, '1706866785_t_product_image6.jpg', '', 0, '2024'),
(439, 358, 't_product_image8.jpg', '', 0, '2024'),
(440, 3, 'cuoombur06.jpg', '', 1, '2022/6/15 00:00'),
(441, 3, 'cuoombur04.jpg', '', 2, '2022/6/15 00:00'),
(442, 3, 'cuoombur01.jpg', '', 3, '2022/6/15 00:00'),
(443, 7, 'lettuce01.jpg', '', 1, '2022/9/14 00:00'),
(444, 7, 'lettuce02.jpg', '', 2, '2022/9/14 00:00'),
(445, 36, 'PorkChops04.jpg', '', 1, '2023/3/28 00:00'),
(446, 45, 'PorkChops01.jpg', '', 1, '2022/5/4 00:00'),
(447, 45, 'PorkChops02.jpg', '', 2, '2022/5/4 00:00'),
(448, 45, 'PorkChops03.jpg', '', 3, '2022/5/4 00:00'),
(449, 100, 'salmon03.jpg', '', 1, '2023/2/1 00:00'),
(450, 100, 'salmon01.jpg', '', 2, '2023/2/1 00:00'),
(451, 100, 'salmon04.jpg', '', 3, '2023/2/1 00:00'),
(452, 111, 'lobster02.png', '', 1, '2021/9/12 00:00'),
(453, 111, 'lobster03.png', '', 2, '2021/9/12 00:00'),
(454, 111, 'lobster04.png', '', 3, '2021/9/12 00:00'),
(455, 153, 'egg04.jpg', '', 1, '2023/5/12 00:00'),
(456, 153, 'egg02.jpg', '', 2, '2023/5/12 00:00'),
(457, 153, '260_CMorEApaht.jpeg', '', 3, '2023/5/12 00:00'),
(458, 301, 'MidnightFish03.jpg', '', 1, '2023/6/26 00:00'),
(459, 301, 'MidnightFish04.jpg', '', 2, '2023/6/26 00:00'),
(460, 301, 'MidnightFish02.jpg', '', 3, '2023/6/26 00:00'),
(461, 7, 'lettuce03.jpg', '', 1, '2022/9/14 00:00'),
(462, 7, 'lettuce04.jpg', '', 2, '2022/9/14 00:00'),
(463, 169, 'TofuSkinSushi01.jpeg', '', 0, '2023/12/27 00:00'),
(464, 169, 'TofuSkinSushi02.jpeg', '', 0, '2023/12/27 00:00'),
(465, 169, '221_NaqOEcUCWt.jpeg', '', 0, '2023/12/27 00:00');

-- --------------------------------------------------------

--
-- 資料表結構 `product_review`
--

CREATE TABLE `product_review` (
  `id` int(11) NOT NULL,
  `product_id` int(11) NOT NULL,
  `user_id` int(11) DEFAULT NULL,
  `order_detail_id` int(11) DEFAULT NULL,
  `comment` mediumtext DEFAULT NULL,
  `rating` int(11) DEFAULT NULL,
  `created_at` date DEFAULT NULL
) ENGINE=InnoDB DEFAULT CHARSET=utf8 COLLATE=utf8_general_ci;

--
-- 傾印資料表的資料 `product_review`
--

INSERT INTO `product_review` (`id`, `product_id`, `user_id`, `order_detail_id`, `comment`, `rating`, `created_at`) VALUES
(1, 20, 36, NULL, '實用性強，非常適合家用。', 4, '2024-04-28'),
(2, 22, 45, NULL, '新鮮，蔬菜狀態非常好。', 5, '2024-04-18'),
(3, 30, 12, NULL, '出貨快，服務好。', 4, '2024-04-20'),
(4, 56, 25, NULL, '品質優異，肉類非常新鮮。', 5, '2024-04-22'),
(5, 88, 37, NULL, '海鮮新鮮，口感好。', 5, '2024-04-24'),
(6, 117, 6, NULL, '水果非常甜，品質上乘。', 4, '2024-04-26'),
(7, 23, 19, NULL, '品牌值得信赖，蔬菜非常新鮮。', 5, '2024-04-28'),
(8, 29, 28, NULL, '快遞迅速，蝦很好吃。', 4, '2024-04-25'),
(9, 60, 14, NULL, '肉类非常满意，下次还会再买。', 5, '2024-04-27'),
(10, 80, 22, NULL, '海鮮包装很好，没有任何损坏。', 5, '2024-04-29'),
(11, 120, 3, NULL, '水果质量很好，家人都很喜欢。', 4, '2024-04-21'),
(12, 1, 12, NULL, '這個產品非常好，推薦給大家。', 5, '2024-04-28'),
(13, 2, 34, NULL, '出貨迅速，服務態度很好。', 4, '2024-04-28'),
(14, 3, 45, NULL, '品質上乘，值得信賴。', 4, '2024-04-28'),
(15, 4, 4, NULL, '新鮮度足夠，下次還會再買。', 4, '2024-04-28'),
(16, 5, 11, NULL, '完全符合預期，非常滿意。', 4, '2024-04-28'),
(17, 6, 18, NULL, '價格合理，品質相符。', 4, '2024-04-28'),
(19, 8, 7, NULL, '顧客服務非常到位，解答了我所有問題。', 4, '2024-04-28'),
(20, 9, 46, NULL, '運送包裝完整無損，速度也很快。', 4, '2024-04-28'),
(21, 10, 16, NULL, '很滿意，商品跟描述的一樣好。', 4, '2024-04-28'),
(22, 11, 30, NULL, '非常耐用，質量好。', 4, '2024-04-28'),
(23, 12, 30, NULL, '簡直超值，推薦購買。', 5, '2024-04-28'),
(24, 13, 45, NULL, '商品正如所述，非常滿意。', 4, '2024-04-28'),
(25, 14, 32, NULL, '快遞速度很快，包裝也很仔細。', 4, '2024-04-28'),
(26, 15, 46, NULL, '客服態度非常好，問題快速解決。', 5, '2024-04-28'),
(27, 16, 43, NULL, '品牌值得信賴，質量一流。', 5, '2024-04-28'),
(28, 17, 42, NULL, '產品質感很好，設計也很合理。', 4, '2024-04-28'),
(29, 18, 14, NULL, '這個牌子的商品總是讓人滿意。', 5, '2024-04-28'),
(30, 19, 27, NULL, '送貨及時，服務周到。', 4, '2024-04-28'),
(31, 20, 42, NULL, '質量堅固，非常服務周到。', 5, '2024-04-28'),
(32, 1, 6, NULL, '商品品質很好，推薦購買。', 5, '2024-04-28'),
(33, 2, 50, NULL, '運送速度快，服務態度好。', 4, '2024-04-28'),
(34, 3, 6, NULL, '物超所值，非常滿意。', 6, '2024-04-28'),
(35, 4, 7, NULL, '包裝完整，沒有損壞。', 6, '2024-04-28'),
(36, 5, 16, NULL, '產品與描述相符，質量上乘。', 5, '2024-04-28'),
(37, 6, 27, NULL, '顏色鮮豔，看起來很不錯。', 5, '2024-04-28'),
(39, 8, 14, NULL, '質感不錯，手感舒適。', 5, '2024-04-28'),
(40, 9, 39, NULL, '設計合理，使用方便。', 6, '2024-04-28'),
(41, 10, 15, NULL, '價格合理，很划算。', 5, '2024-04-28'),
(42, 11, 20, NULL, '品牌值得信賴，下次還會再來。', 4, '2024-04-28'),
(43, 12, 2, NULL, '送貨及時，態度親切。', 4, '2024-04-28'),
(44, 13, 42, NULL, '品質有保證，滿意度高。', 5, '2024-04-28'),
(45, 14, 39, NULL, '售後服務好，解決了我的問題。', 4, '2024-04-28'),
(46, 15, 15, NULL, '好用，會推薦給朋友。', 4, '2024-04-28'),
(47, 16, 24, NULL, '性能穩定，沒有出現故障。', 4, '2024-04-28'),
(48, 17, 20, NULL, '外觀時尚，受到家人喜愛。', 5, '2024-04-28'),
(49, 18, 13, NULL, '簡單易懂，操作簡便。', 5, '2024-04-28'),
(50, 19, 47, NULL, '物流迅速，包裝嚴實。', 5, '2024-04-28'),
(51, 30, 23, NULL, '這個產品真的很棒，使用後感覺很好。', 4, '2023-09-14'),
(52, 24, 24, NULL, '這個產品一般般，沒有特別的地方。', 3, '2022-08-30'),
(53, 32, 25, NULL, '這個產品非常好，值得推薦。', 5, '2023-12-05'),
(54, 33, 26, NULL, '這個產品超出了我的期望，非常棒！', 5, '2022-11-18'),
(55, 34, 27, NULL, '這個產品讓我很失望，不值得購買。', 2, '2024-02-20'),
(56, 35, 28, NULL, '這個產品質量非常好，我很滿意。', 5, '2023-05-07'),
(57, 36, 29, NULL, '這個產品真的很差，不建議購買！', 1, '2022-06-11'),
(58, 37, 30, NULL, '這個產品還可以，但價格稍微貴了點。', 3, '2022-12-29'),
(59, 38, 31, NULL, '這個產品挺不錯的，性價比很高。', 4, '2023-02-03'),
(60, 39, 32, NULL, '這個產品太棒了，我非常喜歡！', 5, '2024-03-17'),
(61, 40, 33, NULL, '這個產品真的很實用，非常推薦。', 5, '2023-07-22'),
(62, 41, 34, NULL, '這個產品讓我滿意，物超所值。', 4, '2022-10-06'),
(63, 42, 35, NULL, '這個產品沒有我預期的好，有些失望。', 2, '2022-07-04'),
(64, 43, 36, NULL, '這個產品真的太棒了，值得一試！', 5, '2024-04-02'),
(65, 44, 37, NULL, '這個產品正是我所需，非常滿意。', 5, '2023-11-09'),
(66, 45, 38, NULL, '這個產品一般般，沒有特別的優勢。', 3, '2022-08-15'),
(67, 46, 39, NULL, '我買了這個產品後非常後悔，真是浪費錢。', 1, '2022-05-22'),
(68, 47, 40, NULL, '這個產品質量很好，物有所值。', 4, '2023-01-26'),
(69, 48, 41, NULL, '這個產品還可以，但沒有什麼特別的。', 3, '2024-01-10'),
(70, 49, 42, NULL, '這個產品不錯，性價比很高。', 4, '2023-04-25'),
(71, 50, 43, NULL, '這個產品絕對是驚人的！我強力推薦。', 5, '2022-11-01'),
(72, 51, 44, NULL, '這個產品真的太好了，我非常滿意。', 5, '2024-03-31'),
(73, 52, 45, NULL, '這個產品一般般，沒有特別的優勢。', 3, '2022-08-15'),
(74, 53, 46, NULL, '我後悔買這個產品了，浪費錢。', 1, '2022-05-22'),
(75, 54, 47, NULL, '這個產品質量很好，物有所值。', 4, '2023-01-26'),
(76, 55, 48, NULL, '這個產品還可以，但沒有什麼特別的。', 3, '2024-01-10'),
(77, 56, 49, NULL, '這個產品不錯，性價比很高。', 4, '2023-04-25'),
(78, 57, 50, NULL, '這個產品絕對是驚人的！我強力推薦。', 5, '2022-11-01'),
(79, 58, 51, NULL, '這個產品真的太好了，我非常滿意。', 5, '2024-03-31'),
(80, 59, 52, NULL, '這個產品一般般，沒有特別的優勢。', 3, '2022-08-15'),
(81, 60, 53, NULL, '我後悔買這個產品了，浪費錢。', 1, '2022-05-22'),
(82, 61, 54, NULL, '這個產品質量很好，物有所值。', 4, '2023-01-26'),
(83, 62, 55, NULL, '這個產品還可以，但沒有什麼特別的。', 3, '2024-01-10'),
(84, 63, 56, NULL, '這個產品不錯，性價比很高。', 4, '2023-04-25'),
(85, 64, 57, NULL, '這個產品絕對是驚人的！我強力推薦。', 5, '2022-11-01'),
(86, 65, 58, NULL, '這個產品真的太好了，我非常滿意。', 5, '2024-03-31'),
(87, 66, 59, NULL, '這個產品一般般，沒有特別的優勢。', 3, '2022-08-15'),
(88, 67, 60, NULL, '我後悔買這個產品了，浪費錢。', 1, '2022-05-22'),
(89, 68, 61, NULL, '這個產品質量很好，物有所值。', 4, '2023-01-26'),
(90, 69, 62, NULL, '這個產品還可以，但沒有什麼特別的。', 3, '2024-01-10'),
(91, 70, 63, NULL, '這個產品不錯，性價比很高。', 4, '2023-04-25'),
(92, 71, 64, NULL, '這個產品絕對是驚人的！我強力推薦。', 5, '2022-11-01'),
(93, 72, 65, NULL, '這個產品真的太好了，我非常滿意。', 5, '2024-03-31'),
(94, 73, 66, NULL, '這個產品一般般，沒有特別的優勢。', 3, '2022-08-15'),
(95, 74, 67, NULL, '我後悔買這個產品了，浪費錢。', 1, '2022-05-22'),
(96, 75, 68, NULL, '這個產品質量很好，物有所值。', 4, '2023-01-26'),
(97, 76, 69, NULL, '這個產品還可以，但沒有什麼特別的。', 3, '2024-01-10'),
(98, 77, 70, NULL, '這個產品不錯，性價比很高。', 4, '2023-04-25'),
(99, 78, 71, NULL, '這個產品絕對是驚人的！我強力推薦。', 5, '2022-11-01'),
(100, 79, 72, NULL, '這個產品真的太好了，我非常滿意。', 5, '2024-03-31'),
(101, 80, 73, NULL, '這個產品一般般，沒有特別的優勢。', 3, '2022-08-15'),
(102, 81, 74, NULL, '我後悔買這個產品了，浪費錢。', 1, '2022-05-22'),
(103, 82, 75, NULL, '這個產品質量很好，物有所值。', 4, '2023-01-26'),
(104, 83, 76, NULL, '這個產品還可以，但沒有什麼特別的。', 3, '2024-01-10'),
(105, 84, 77, NULL, '這個產品不錯，性價比很高。', 4, '2023-04-25'),
(106, 85, 78, NULL, '這個產品絕對是驚人的！我強力推薦。', 5, '2022-11-01'),
(107, 86, 79, NULL, '這個產品真的太好了，我非常滿意。', 5, '2024-03-31'),
(108, 87, 80, NULL, '這個產品一般般，沒有特別的優勢。', 3, '2022-08-15'),
(109, 88, 81, NULL, '我後悔買這個產品了，浪費錢。', 1, '2022-05-22'),
(110, 89, 82, NULL, '這個產品質量很好，物有所值。', 4, '2023-01-26'),
(111, 90, 83, NULL, '這個產品還可以，但沒有什麼特別的。', 3, '2024-01-10'),
(112, 91, 84, NULL, '這個產品不錯，性價比很高。', 4, '2023-04-25'),
(113, 92, 85, NULL, '這個產品絕對是驚人的！我強力推薦。', 5, '2022-11-01'),
(114, 93, 86, NULL, '這個產品真的太好了，我非常滿意。', 5, '2024-03-31'),
(115, 94, 87, NULL, '這個產品一般般，沒有特別的優勢。', 3, '2022-08-15'),
(116, 95, 88, NULL, '我後悔買這個產品了，浪費錢。', 1, '2022-05-22'),
(117, 96, 89, NULL, '這個產品質量很好，物有所值。', 4, '2023-01-26'),
(118, 97, 90, NULL, '這個產品還可以，但沒有什麼特別的。', 3, '2024-01-10'),
(119, 98, 91, NULL, '這個產品不錯，性價比很高。', 4, '2023-04-25'),
(120, 99, 92, NULL, '這個產品絕對是驚人的！我強力推薦。', 5, '2022-11-01'),
(121, 100, 93, NULL, '這個產品真的太好了，我非常滿意。', 5, '2024-03-31'),
(122, 101, 94, NULL, '這個產品一般般，沒有特別的優勢。', 3, '2022-08-15'),
(123, 102, 95, NULL, '我後悔買這個產品了，浪費錢。', 1, '2022-05-22'),
(124, 103, 96, NULL, '這個產品質量很好，物有所值。', 4, '2023-01-26'),
(125, 104, 97, NULL, '這個產品還可以，但沒有什麼特別的。', 3, '2024-01-10'),
(126, 105, 98, NULL, '這個產品不錯，性價比很高。', 4, '2023-04-25'),
(127, 106, 99, NULL, '這個產品絕對是驚人的！我強力推薦。', 5, '2022-11-01'),
(128, 107, 100, NULL, '這個產品真的太好了，我非常滿意。', 5, '2024-03-31'),
(129, 108, 101, NULL, '這個產品一般般，沒有特別的優勢。', 3, '2022-08-15'),
(130, 109, 102, NULL, '我後悔買這個產品了，浪費錢。', 1, '2022-05-22'),
(131, 110, 103, NULL, '這個產品質量很好，物有所值。', 4, '2023-01-26'),
(132, 111, 104, NULL, '這個產品還可以，但沒有什麼特別的。', 3, '2024-01-10'),
(133, 112, 105, NULL, '這個產品不錯，性價比很高。', 4, '2023-04-25'),
(134, 113, 106, NULL, '這個產品絕對是驚人的！我強力推薦。', 5, '2022-11-01'),
(135, 114, 107, NULL, '這個產品真的太好了，我非常滿意。', 5, '2024-03-31'),
(136, 115, 108, NULL, '這個產品一般般，沒有特別的優勢。', 3, '2022-08-15'),
(137, 116, 109, NULL, '我後悔買這個產品了，浪費錢。', 1, '2022-05-22'),
(138, 117, 110, NULL, '這個產品質量很好，物有所值。', 4, '2023-01-26'),
(139, 118, 111, NULL, '這個產品還可以，但沒有什麼特別的。', 3, '2024-01-10'),
(140, 119, 112, NULL, '這個產品不錯，性價比很高。', 4, '2023-04-25'),
(141, 120, 113, NULL, '這個產品絕對是驚人的！我強力推薦。', 5, '2022-11-01'),
(142, 121, 114, NULL, '這個產品真的太好了，我非常滿意。', 5, '2024-03-31'),
(143, 122, 115, NULL, '這個產品一般般，沒有特別的優勢。', 3, '2022-08-15'),
(144, 123, 116, NULL, '我後悔買這個產品了，浪費錢。', 1, '2022-05-22'),
(145, 124, 117, NULL, '這個產品質量很好，物有所值。', 4, '2023-01-26'),
(146, 125, 118, NULL, '這個產品還可以，但沒有什麼特別的。', 3, '2024-01-10'),
(147, 126, 119, NULL, '這個產品不錯，性價比很高。', 4, '2023-04-25'),
(148, 127, 120, NULL, '這個產品絕對是驚人的！我強力推薦。', 5, '2022-11-01'),
(149, 128, 121, NULL, '這個產品真的太好了，我非常滿意。', 5, '2024-03-31'),
(150, 129, 122, NULL, '這個產品一般般，沒有特別的優勢。', 3, '2022-08-15'),
(151, 130, 123, NULL, '我後悔買這個產品了，浪費錢。', 1, '2022-05-22'),
(152, 131, 124, NULL, '這個產品質量很好，物有所值。', 4, '2023-01-26'),
(153, 132, 125, NULL, '這個產品還可以，但沒有什麼特別的。', 3, '2024-01-10'),
(154, 133, 126, NULL, '這個產品不錯，性價比很高。', 4, '2023-04-25'),
(155, 134, 127, NULL, '這個產品絕對是驚人的！我強力推薦。', 5, '2022-11-01'),
(156, 135, 128, NULL, '這個產品真的太好了，我非常滿意。', 5, '2024-03-31'),
(157, 136, 129, NULL, '這個產品一般般，沒有特別的優勢。', 3, '2022-08-15'),
(158, 137, 130, NULL, '我後悔買這個產品了，浪費錢。', 1, '2022-05-22'),
(159, 138, 131, NULL, '這個產品質量很好，物有所值。', 4, '2023-01-26'),
(160, 139, 132, NULL, '這個產品還可以，但沒有什麼特別的。', 3, '2024-01-10'),
(161, 140, 133, NULL, '這個產品不錯，性價比很高。', 4, '2023-04-25'),
(162, 141, 134, NULL, '這個產品絕對是驚人的！我強力推薦。', 5, '2022-11-01'),
(163, 142, 135, NULL, '這個產品真的太好了，我非常滿意。', 5, '2024-03-31'),
(164, 143, 136, NULL, '這個產品一般般，沒有特別的優勢。', 3, '2022-08-15'),
(165, 144, 137, NULL, '我後悔買這個產品了，浪費錢。', 1, '2022-05-22'),
(166, 145, 138, NULL, '這個產品質量很好，物有所值。', 4, '2023-01-26'),
(167, 146, 139, NULL, '這個產品還可以，但沒有什麼特別的。', 3, '2024-01-10'),
(168, 147, 140, NULL, '這個產品不錯，性價比很高。', 4, '2023-04-25'),
(169, 148, 141, NULL, '這個產品絕對是驚人的！我強力推薦。', 5, '2022-11-01'),
(170, 149, 142, NULL, '這個產品真的太好了，我非常滿意。', 5, '2024-03-31'),
(171, 150, 143, NULL, '這個產品一般般，沒有特別的優勢。', 3, '2022-08-15'),
(172, 151, 144, NULL, '我後悔買這個產品了，浪費錢。', 1, '2022-05-22'),
(173, 152, 145, NULL, '這個產品質量很好，物有所值。', 4, '2023-01-26'),
(174, 153, 146, NULL, '這個產品還可以，但沒有什麼特別的。', 3, '2024-01-10'),
(175, 154, 147, NULL, '這個產品不錯，性價比很高。', 4, '2023-04-25'),
(176, 155, 148, NULL, '這個產品絕對是驚人的！我強力推薦。', 5, '2022-11-01'),
(177, 156, 149, NULL, '這個產品真的太好了，我非常滿意。', 5, '2024-03-31'),
(178, 157, 150, NULL, '這個產品一般般，沒有特別的優勢。', 3, '2022-08-15'),
(179, 158, 151, NULL, '我後悔買這個產品了，浪費錢。', 1, '2022-05-22'),
(180, 159, 152, NULL, '這個產品質量很好，物有所值。', 4, '2023-01-26'),
(181, 160, 153, NULL, '這個產品還可以，但沒有什麼特別的。', 3, '2024-01-10'),
(182, 161, 154, NULL, '這個產品不錯，性價比很高。', 4, '2023-04-25'),
(183, 162, 155, NULL, '這個產品絕對是驚人的！我強力推薦。', 5, '2022-11-01'),
(184, 163, 156, NULL, '這個產品真的太好了，我非常滿意。', 5, '2024-03-31'),
(185, 164, 157, NULL, '這個產品一般般，沒有特別的優勢。', 3, '2022-08-15'),
(186, 165, 158, NULL, '我後悔買這個產品了，浪費錢。', 1, '2022-05-22'),
(187, 166, 159, NULL, '這個產品質量很好，物有所值。', 4, '2023-01-26'),
(188, 167, 160, NULL, '這個產品還可以，但沒有什麼特別的。', 3, '2024-01-10'),
(189, 168, 161, NULL, '這個產品不錯，性價比很高。', 4, '2023-04-25'),
(190, 169, 162, NULL, '這個產品絕對是驚人的！我強力推薦。', 5, '2022-11-01'),
(191, 170, 163, NULL, '這個產品真的太好了，我非常滿意。', 5, '2024-03-31'),
(192, 171, 164, NULL, '這個產品一般般，沒有特別的優勢。', 3, '2022-08-15'),
(193, 172, 165, NULL, '我後悔買這個產品了，浪費錢。', 1, '2022-05-22'),
(194, 173, 166, NULL, '這個產品質量很好，物有所值。', 4, '2023-01-26'),
(195, 174, 167, NULL, '這個產品還可以，但沒有什麼特別的。', 3, '2024-01-10'),
(196, 175, 168, NULL, '這個產品不錯，性價比很高。', 4, '2023-04-25'),
(197, 176, 169, NULL, '這個產品絕對是驚人的！我強力推薦。', 5, '2022-11-01'),
(198, 177, 170, NULL, '這個產品真的太好了，我非常滿意。', 5, '2024-03-31'),
(199, 178, 171, NULL, '這個產品一般般，沒有特別的優勢。', 3, '2022-08-15'),
(200, 179, 172, NULL, '我後悔買這個產品了，浪費錢。', 1, '2022-05-22'),
(201, 180, 173, NULL, '這個產品質量很好，物有所值。', 4, '2023-01-26'),
(202, 181, 174, NULL, '這個產品還可以，但沒有什麼特別的。', 3, '2024-01-10'),
(203, 182, 175, NULL, '這個產品不錯，性價比很高。', 4, '2023-04-25'),
(204, 183, 176, NULL, '這個產品絕對是驚人的！我強力推薦。', 5, '2022-11-01'),
(205, 184, 177, NULL, '這個產品真的太好了，我非常滿意。', 5, '2024-03-31'),
(206, 185, 178, NULL, '這個產品一般般，沒有特別的優勢。', 3, '2022-08-15'),
(207, 186, 179, NULL, '我後悔買這個產品了，浪費錢。', 1, '2022-05-22'),
(208, 187, 180, NULL, '這個產品質量很好，物有所值。', 4, '2023-01-26'),
(209, 188, 181, NULL, '這個產品還可以，但沒有什麼特別的。', 3, '2024-01-10'),
(210, 189, 182, NULL, '這個產品不錯，性價比很高。', 4, '2023-04-25'),
(211, 190, 183, NULL, '這個產品絕對是驚人的！我強力推薦。', 5, '2022-11-01'),
(212, 191, 184, NULL, '這個產品真的太好了，我非常滿意。', 5, '2024-03-31'),
(213, 192, 185, NULL, '這個產品一般般，沒有特別的優勢。', 3, '2022-08-15'),
(214, 193, 186, NULL, '我後悔買這個產品了，浪費錢。', 1, '2022-05-22'),
(215, 194, 187, NULL, '這個產品質量很好，物有所值。', 4, '2023-01-26'),
(216, 195, 188, NULL, '這個產品還可以，但沒有什麼特別的。', 3, '2024-01-10'),
(217, 196, 189, NULL, '這個產品不錯，性價比很高。', 4, '2023-04-25'),
(218, 197, 190, NULL, '這個產品絕對是驚人的！我強力推薦。', 5, '2022-11-01'),
(219, 198, 191, NULL, '這個產品真的太好了，我非常滿意。', 5, '2024-03-31'),
(220, 199, 192, NULL, '這個產品一般般，沒有特別的優勢。', 3, '2022-08-15'),
(222, 200, 193, NULL, '這個產品質量很好，性價比高。', 4, '2023-01-26'),
(223, 201, 194, NULL, '這個產品功能強大，物超所值。', 5, '2024-01-10'),
(224, 202, 195, NULL, '這個產品非常實用，推薦給大家。', 5, '2023-04-25'),
(225, 203, 196, NULL, '這個產品性價比超高，非常滿意。', 4, '2022-11-01'),
(226, 204, 197, NULL, '這個產品功能完善，物有所值。', 4, '2024-03-31'),
(227, 205, 198, NULL, '這個產品品質優良，物超所值。', 5, '2022-08-15'),
(228, 206, 199, NULL, '這個產品用途廣泛，非常實用。', 5, '2022-05-22'),
(229, 207, 200, NULL, '這個產品價格合理，性能穩定。', 4, '2023-01-26'),
(230, 208, 201, NULL, '這個產品功能強大，性價比高。', 5, '2024-01-10'),
(231, 209, 202, NULL, '這個產品非常實用，物超所值。', 5, '2023-04-25'),
(232, 210, 203, NULL, '這個產品性價比超高，非常滿意。', 4, '2022-11-01'),
(233, 211, 204, NULL, '這個產品功能完善，物有所值。', 4, '2024-03-31'),
(234, 212, 205, NULL, '這個產品品質優良，物超所值。', 5, '2022-08-15'),
(235, 213, 206, NULL, '這個產品用途廣泛，非常實用。', 5, '2022-05-22'),
(236, 214, 207, NULL, '這個產品價格合理，性能穩定。', 4, '2023-01-26'),
(237, 215, 208, NULL, '這個產品功能強大，性價比高。', 5, '2024-01-10'),
(238, 216, 209, NULL, '這個產品非常實用，物超所值。', 5, '2023-04-25'),
(239, 217, 210, NULL, '這個產品性價比超高，非常滿意。', 4, '2022-11-01'),
(240, 218, 211, NULL, '這個產品功能完善，物有所值。', 4, '2024-03-31'),
(241, 219, 212, NULL, '這個產品品質優良，物超所值。', 5, '2022-08-15'),
(242, 220, 213, NULL, '這個產品用途廣泛，非常實用。', 5, '2022-05-22'),
(243, 221, 214, NULL, '這個產品價格合理，性能穩定。', 4, '2023-01-26'),
(244, 222, 215, NULL, '這個產品功能強大，性價比高。', 5, '2024-01-10'),
(245, 223, 216, NULL, '這個產品非常實用，物超所值。', 5, '2023-04-25'),
(246, 224, 217, NULL, '這個產品性價比超高，非常滿意。', 4, '2022-11-01'),
(247, 225, 218, NULL, '這個產品功能完善，物有所值。', 4, '2024-03-31'),
(248, 226, 219, NULL, '這個產品品質優良，物超所值。', 5, '2022-08-15'),
(249, 227, 220, NULL, '這個產品用途廣泛，非常實用。', 5, '2022-05-22'),
(250, 228, 221, NULL, '這個產品價格合理，性能穩定。', 4, '2023-01-26'),
(251, 229, 222, NULL, '這個食物味道不錯，物超所值。', 5, '2024-01-10'),
(252, 230, 223, NULL, '這個食物非常美味，推薦給大家。', 5, '2023-04-25'),
(253, 231, 224, NULL, '這個食物真的超好吃，我非常滿意。', 5, '2022-11-01'),
(254, 232, 225, NULL, '這個食物口感極佳，物超所值。', 5, '2024-03-31'),
(255, 233, 226, NULL, '這個食物味道不錯，性價比高。', 4, '2022-08-15'),
(256, 234, 227, NULL, '這個食物非常美味，物有所值。', 4, '2022-05-22'),
(257, 235, 228, NULL, '這個食物味道很好，物超所值。', 5, '2023-01-26'),
(258, 236, 229, NULL, '這個食物口感極佳，推薦給大家。', 5, '2024-01-10'),
(259, 237, 230, NULL, '這個食物真的超好吃，我非常滿意。', 5, '2023-04-25'),
(260, 238, 231, NULL, '這個食物口感極佳，物超所值。', 5, '2022-11-01'),
(261, 239, 232, NULL, '這個食物味道不錯，性價比高。', 4, '2024-03-31'),
(262, 240, 233, NULL, '這個食物非常美味，物有所值。', 4, '2022-08-15'),
(263, 241, 234, NULL, '這個食物味道很好，物超所值。', 5, '2022-05-22'),
(264, 242, 235, NULL, '這個食物口感極佳，推薦給大家。', 5, '2023-01-26'),
(265, 243, 236, NULL, '這個食物真的超好吃，我非常滿意。', 5, '2024-01-10'),
(266, 244, 237, NULL, '這個食物口感極佳，物超所值。', 5, '2023-04-25'),
(267, 245, 238, NULL, '這個食物味道不錯，性價比高。', 4, '2022-11-01'),
(268, 246, 239, NULL, '這個食物非常美味，物有所值。', 4, '2024-03-31'),
(269, 247, 240, NULL, '這個食物味道很好，物超所值。', 5, '2022-08-15'),
(270, 248, 241, NULL, '這個食物口感極佳，推薦給大家。', 5, '2022-05-22'),
(271, 249, 242, NULL, '這個食物真的超好吃，我非常滿意。', 5, '2023-01-26'),
(272, 250, 243, NULL, '這個食物口感極佳，物超所值。', 5, '2024-01-10'),
(273, 251, 244, NULL, '這個食物味道不錯，性價比高。', 4, '2023-04-25'),
(274, 252, 245, NULL, '這個食物非常美味，物有所值。', 4, '2022-11-01'),
(275, 253, 246, NULL, '這個食物味道很好，物超所值。', 5, '2024-03-31'),
(276, 254, 247, NULL, '這個食物口感極佳，推薦給大家。', 5, '2022-08-15'),
(277, 255, 248, NULL, '這個食物真的超好吃，我非常滿意。', 5, '2022-05-22'),
(278, 256, 249, NULL, '這個食物口感極佳，物超所值。', 5, '2023-01-26'),
(279, 257, 250, NULL, '這個食物味道不錯，性價比高。', 4, '2024-01-10'),
(280, 258, 251, NULL, '這個食物非常美味，物有所值。', 4, '2023-04-25'),
(281, 259, 252, NULL, '這個食物味道很好，物超所值。', 5, '2022-11-01'),
(282, 260, 253, NULL, '這個食物口感極佳，推薦給大家。', 5, '2024-03-31'),
(283, 261, 254, NULL, '這個食物真的超好吃，我非常滿意。', 5, '2022-08-15'),
(284, 262, 255, NULL, '這個食物口感極佳，物超所值。', 5, '2022-05-22'),
(285, 263, 256, NULL, '這個食物味道不錯，性價比高。', 4, '2023-01-26'),
(286, 264, 257, NULL, '這個食物非常美味，物有所值。', 4, '2024-01-10'),
(287, 265, 258, NULL, '這個食物味道很好，物超所值。', 5, '2023-04-25'),
(288, 266, 259, NULL, '這個食物口感極佳，推薦給大家。', 5, '2022-11-01'),
(289, 267, 260, NULL, '這個食物真的超好吃，我非常滿意。', 5, '2024-03-31'),
(290, 268, 261, NULL, '這個食物口感極佳，物超所值。', 5, '2022-08-15'),
(291, 269, 262, NULL, '這個食物味道很好，性價比高。', 4, '2022-05-22'),
(292, 270, 263, NULL, '這個食物非常美味，物有所值。', 4, '2023-01-26'),
(293, 271, 264, NULL, '這個食物味道不錯，物超所值。', 5, '2024-01-10'),
(294, 272, 265, NULL, '這個食物口感極佳，推薦給大家。', 5, '2023-04-25'),
(295, 273, 266, NULL, '這個食物真的超好吃，我非常滿意。', 5, '2024-01-10'),
(296, 274, 267, NULL, '這個食物口感極佳，物超所值。', 5, '2023-04-25'),
(297, 275, 268, NULL, '這個食物味道不錯，性價比高。', 4, '2022-11-01'),
(298, 276, 269, NULL, '這個食物非常美味，物有所值。', 4, '2024-03-31'),
(299, 277, 270, NULL, '這個食物味道很好，物超所值。', 5, '2022-08-15'),
(300, 278, 271, NULL, '這個食物口感極佳，推薦給大家。', 5, '2022-05-22'),
(301, 279, 272, NULL, '這個食物真的超好吃，我非常滿意。', 5, '2023-01-26'),
(302, 280, 273, NULL, '這個食物口感極佳，物超所值。', 5, '2024-01-10'),
(303, 281, 274, NULL, '這個食物味道不錯，性價比高。', 4, '2023-04-25'),
(304, 282, 275, NULL, '這個食物非常美味，物有所值。', 4, '2022-11-01'),
(305, 283, 276, NULL, '這個食物味道很好，物超所值。', 5, '2024-03-31'),
(306, 284, 277, NULL, '這個食物口感極佳，推薦給大家。', 5, '2022-08-15'),
(307, 285, 278, NULL, '這個食物真的超好吃，我非常滿意。', 5, '2022-05-22'),
(308, 286, 279, NULL, '這個食物口感極佳，物超所值。', 5, '2023-01-26'),
(309, 287, 280, NULL, '這個食物味道不錯，性價比高。', 4, '2024-01-10'),
(310, 288, 281, NULL, '這個食物非常美味，物有所值。', 4, '2023-04-25'),
(311, 289, 282, NULL, '這個食物味道很好，物超所值。', 5, '2022-11-01'),
(312, 290, 283, NULL, '這個食物口感極佳，推薦給大家。', 5, '2024-03-31'),
(313, 291, 284, NULL, '這個食物真的超好吃，我非常滿意。', 5, '2022-08-15'),
(314, 292, 285, NULL, '這個食物口感極佳，物超所值。', 5, '2022-05-22'),
(315, 293, 286, NULL, '這個食物味道不錯，性價比高。', 4, '2023-01-26'),
(316, 294, 287, NULL, '這個食物非常美味，物有所值。', 4, '2024-01-10'),
(317, 295, 288, NULL, '這個食物味道很好，物超所值。', 5, '2023-04-25'),
(318, 296, 289, NULL, '這個食物口感極佳，推薦給大家。', 5, '2022-11-01'),
(319, 297, 290, NULL, '這個食物真的超好吃，我非常滿意。', 5, '2024-03-31'),
(320, 298, 291, NULL, '這個食物口感極佳，物超所值。', 5, '2022-08-15'),
(321, 299, 292, NULL, '這個食物味道不錯，性價比高。', 4, '2022-05-22'),
(322, 300, 293, NULL, '這個食物非常美味，物有所值。', 4, '2023-01-26'),
(323, 301, 294, NULL, '這個食物味道很好，物超所值。', 5, '2024-01-10'),
(324, 302, 295, NULL, '這個食物口感極佳，推薦給大家。', 5, '2023-04-25'),
(325, 303, 296, NULL, '這個食物真的超好吃，我非常滿意。', 5, '2022-11-01'),
(326, 304, 297, NULL, '這個食物口感極佳，物超所值。', 5, '2024-03-31'),
(327, 305, 298, NULL, '這個食物味道很好，性價比高。', 4, '2022-08-15'),
(328, 306, 299, NULL, '這個食物非常美味，物有所值。', 4, '2022-05-22'),
(329, 307, 300, NULL, '這個食物味道不錯，性價比高。', 4, '2023-01-26'),
(330, 308, 301, NULL, '這個食物口感極佳，推薦給大家。', 5, '2024-01-10'),
(331, 309, 302, NULL, '這個食物真的超好吃，我非常滿意。', 5, '2023-04-25'),
(332, 310, 303, NULL, '這個食物口感極佳，物超所值。', 5, '2022-11-01'),
(333, 311, 304, NULL, '這個食物味道很好，物超所值。', 5, '2024-03-31'),
(334, 312, 305, NULL, '這個食物非常美味，性價比高。', 4, '2022-08-15'),
(335, 313, 306, NULL, '這個食物口感極佳，物有所值。', 4, '2022-05-22'),
(336, 314, 307, NULL, '這個食物味道很好，性價比高。', 4, '2023-01-26'),
(337, 315, 308, NULL, '這個食物真的超好吃，我非常滿意。', 5, '2024-01-10'),
(338, 316, 309, NULL, '這個食物口感極佳，推薦給大家。', 5, '2023-04-25'),
(339, 317, 310, NULL, '這個食物真的超好吃，我非常滿意。', 5, '2022-11-01'),
(340, 318, 311, NULL, '這個食物口感極佳，物超所值。', 5, '2024-03-31'),
(341, 319, 312, NULL, '這個食物味道很好，性價比高。', 4, '2022-08-15'),
(342, 320, 313, NULL, '這個食物非常美味，物有所值。', 4, '2022-05-22'),
(343, 321, 314, NULL, '這個食物味道不錯，性價比高。', 4, '2023-01-26'),
(344, 322, 315, NULL, '這個食物口感極佳，推薦給大家。', 5, '2024-01-10'),
(345, 323, 316, NULL, '這個食物真的超好吃，我非常滿意。', 5, '2023-04-25'),
(346, 324, 317, NULL, '這個食物口感極佳，物超所值。', 5, '2022-11-01'),
(347, 325, 318, NULL, '這個食物味道很好，物超所值。', 5, '2024-03-31'),
(348, 326, 319, NULL, '這個食物非常美味，性價比高。', 4, '2022-08-15'),
(349, 327, 320, NULL, '這個食物口感極佳，物有所值。', 4, '2022-05-22'),
(350, 328, 321, NULL, '這個食物味道很好，性價比高。', 4, '2023-01-26'),
(351, 329, 322, NULL, '這個食物真的超好吃，我非常滿意。', 5, '2024-01-10'),
(352, 330, 323, NULL, '這個食物口感極佳，推薦給大家。', 5, '2023-04-25'),
(353, 331, 324, NULL, '這個食物真的超好吃，我非常滿意。', 5, '2022-11-01'),
(354, 332, 325, NULL, '這個食物口感極佳，物超所值。', 5, '2024-03-31'),
(355, 333, 326, NULL, '這個食物味道很好，性價比高。', 4, '2022-08-15'),
(356, 334, 327, NULL, '這個食物非常美味，物有所值。', 4, '2022-05-22'),
(357, 335, 328, NULL, '這個食物味道不錯，性價比高。', 4, '2023-01-26'),
(358, 336, 329, NULL, '這個食物口感極佳，推薦給大家。', 5, '2024-01-10'),
(359, 337, 330, NULL, '這個食物真的超好吃，我非常滿意。', 5, '2023-04-25'),
(360, 338, 331, NULL, '這個食物口感極佳，物超所值。', 5, '2022-11-01'),
(361, 339, 332, NULL, '這個食物味道很好，物超所值。', 5, '2024-03-31'),
(362, 340, 333, NULL, '這個食物非常美味，性價比高。', 4, '2022-08-15'),
(363, 341, 334, NULL, '這個食物口感極佳，物有所值。', 4, '2022-05-22'),
(364, 342, 335, NULL, '這個食物味道不錯，性價比高。', 4, '2023-01-26'),
(365, 343, 336, NULL, '這個食物口感極佳，推薦給大家。', 5, '2024-01-10'),
(366, 344, 337, NULL, '這個食物真的超好吃，我非常滿意。', 5, '2023-04-25'),
(367, 345, 338, NULL, '這個食物口感極佳，物超所值。', 5, '2022-11-01'),
(368, 346, 339, NULL, '這個食物味道很好，物超所值。', 5, '2024-03-31'),
(369, 347, 340, NULL, '這個食物非常美味，性價比高。', 4, '2022-08-15'),
(370, 348, 341, NULL, '這個食物口感極佳，物有所值。', 4, '2022-05-22'),
(371, 349, 342, NULL, '這個食物味道不錯，性價比高。', 4, '2023-01-26'),
(372, 350, 343, NULL, '這個食物口感極佳，推薦給大家。', 5, '2024-01-10'),
(373, 351, 344, NULL, '這個食物真的超好吃，我非常滿意。', 5, '2023-04-25'),
(374, 352, 345, NULL, '這個食物口感極佳，物超所值。', 5, '2022-11-01'),
(375, 353, 346, NULL, '這個食物味道很好，物超所值。', 5, '2024-03-31'),
(376, 354, 347, NULL, '這個食物非常美味，性價比高。', 4, '2022-08-15'),
(377, 355, 348, NULL, '這個食物口感極佳，物有所值。', 4, '2022-05-22'),
(378, 356, 349, NULL, '這個食物味道不錯，性價比高。', 4, '2023-01-26'),
(379, 357, 350, NULL, '這個食物口感極佳，推薦給大家。', 5, '2024-01-10'),
(380, 26, 25, NULL, '這個產品非常好，值得推薦。', 5, '2023-12-05'),
(381, 27, 25, NULL, '這個產品非常好，值得推薦。', 5, '2023-12-05'),
(382, 28, 25, NULL, '這個產品非常好，值得推薦。', 5, '2023-12-05'),
(400, 21, 42, NULL, '質量堅固，非常服務周到。', 5, '2024-04-28'),
(401, 25, 24, NULL, '這個產品一般般，沒有特別的地方。', 3, '2022-08-30'),
(481, 7, 18, NULL, '價格合理，品質相符。', 4, '2024-04-28');

-- --------------------------------------------------------

--
-- 資料表結構 `recipe`
--

CREATE TABLE `recipe` (
  `recipe__i_d` int(11) NOT NULL,
  `title__r_name` varchar(255) NOT NULL,
  `image__u_r_l` varchar(255) NOT NULL,
  `content` text NOT NULL,
  `publish_date` datetime NOT NULL,
  `recipe_category__i_d` int(11) NOT NULL,
  `recipe_valid` tinyint(1) NOT NULL,
  `servings` int(11) NOT NULL,
  `ingredients__count` int(11) NOT NULL,
  `cooking__time` int(11) NOT NULL,
  `ingredients` varchar(255) NOT NULL,
  `portion` varchar(255) NOT NULL,
  `steps` text NOT NULL,
  `created_at` datetime NOT NULL,
  `updated_at` datetime NOT NULL
) ENGINE=InnoDB DEFAULT CHARSET=utf8 COLLATE=utf8_general_ci;

--
-- 傾印資料表的資料 `recipe`
--

INSERT INTO `recipe` (`recipe__i_d`, `title__r_name`, `image__u_r_l`, `content`, `publish_date`, `recipe_category__i_d`, `recipe_valid`, `servings`, `ingredients__count`, `cooking__time`, `ingredients`, `portion`, `steps`, `created_at`, `updated_at`) VALUES
(1, '刈包封肉', '3_ZOkgQunKsr.jpeg', '刈包外型像錢包打開般，而「錢包」中間夾了滷肉、花生粉等豐富飽滿配料後，如同錢包塞滿錢財，象徵著「財運旺旺來」的祈福含意。', '2021-11-01 00:00:00', 5, 1, 4, 7, 20, '刈包麵團&4個,五花肉&400克,辣椒&2條,青菜&200克,花生粉&適量,香菜&適量,酸菜&適量', 'test', '準備刈包麵團、五花肉、辣椒、青菜、花生粉、香菜和酸菜。T將五花肉放入滾水中煮熟，取出後切成薄片。T將青菜汆燙或炒熟，備用。T將辣椒切成絲或片，根據口味適量調整辣度。T將刈包麵團加熱至微暖，使其變軟。T將軟化的麵團打開，放入煮熟的五花肉、青菜、辣椒，撒上花生粉，加入香菜和酸菜，包裹成包子形狀。T將包好的刈包放入蒸籠中，蒸煮約15-20分鐘，至麵團熟透即可食用。', '2024-05-19 06:33:28', '2024-05-19 06:33:28'),
(2, '法式經典油封鴨腿', '14_qnjaGlzcGi.jpg', '法式經典油封鴨腿 選用宜蘭的櫻桃鴨，以法式古法鹽漬風乾後浸泡在大量鴨油與香料裡，低溫烘烤至酥爛。', '2023-02-02 00:00:00', 1, 1, 3, 5, 90, '鴨腿&3支,鹽&適量,胡椒&適量,乾香草&適量,橄欖油&適量', 'test', '準備鴨腿、鹽、胡椒、乾香草等調味料。T將鴨腿表面均勻地塗抹鹽、胡椒和乾香草。T將調味好的鴨腿放入真空袋中，加入適量橄欖油，真空密封。T將真空袋中的鴨腿放入煮水中，以低溫（攝氏60-80度）浸泡2-3小時。T將浸泡過的鴨腿放入預熱至180度的烤箱中烤約1.5小時，至金黃色和熟透。T取出烤好的鴨腿，讓其休息約10分鐘，然後切片享用。', '2024-05-19 06:33:28', '2024-05-19 06:33:28'),
(3, '客家鮮肉鹹湯圓', '17_DJCsXdXtzp.jpeg', '湯圓象徵圓滿、團圓，因此這一天吃湯圓能祈求下一年圓滿順利，小孩子吃湯圓也表示平安增歲！ 我們特別邀請研發主廚親自示範，美味的客家鮮肉鹹湯圓的做法。', '2022-05-03 00:00:00', 3, 1, 4, 4, 20, '鹹湯圓皮&適量,鮮肉餡&400克,蒜片&2瓣,蔬菜&適量', 'test', '準備鹹湯圓皮、鮮肉餡、蒜片、蔬菜等食材。T將一鍋水煮沸，加入適量的鹹湯圓皮，煮至浮起。T將鮮肉餡與蒜片和蔬菜混合，製成小丸子狀。T將製好的餡料小丸子放入煮好的湯圓中，繼續煮至湯圓浮起，肉熟透。T根據個人口味加入鹽、胡椒等調味料，煮至湯汁濃郁。T將煮好的客家鮮肉鹹湯圓盛裝在碗中，撒上少許蔬菜裝飾即可食用。', '2024-05-19 06:33:28', '2024-05-19 06:33:28'),
(4, '羊肉燉湯', '11_mrqcobkSlT.jpg', '滋味鮮美的羊肉燉湯，以鮮嫩的羊肉和香氣四溢的香料烹調而成。濃郁的湯汁融合了羊肉的鮮甜和香料的香氣，帶來溫暖身心的美味享受。', '2022-11-04 00:00:00', 3, 1, 4, 6, 60, '羊肉&600g,薑&30g,蔥&2根,白蘿蔔&400g,洋蔥&1顆,大蒜&4粒', 'test', '將羊肉切成適口大小，用清水徹底洗淨去除血水，瀝乾備用。T煮開一鍋清水，放入切好的羊肉和調味料，如薑片、蔥段、料酒等，慢火燉煮，直到羊肉質地變得極為軟嫩，充分釋放出香氣和風味。T為了增加湯的營養和口感，可以添加一些蔬菜，如去皮切塊的蘿蔔、洋蔥等，這些蔬菜會為湯汁帶來更豐富的風味。T讓蔬菜在湯中燉煮，直到它們變得軟透，並且湯汁與蔬菜的風味完美融合，讓整個湯都變得更加美味可口。T根據個人口味加入適量的鹽和胡椒粉進行調味，調整湯的鹹度和味道，使其更加適合自己的口味。T最後，撒上一些新鮮的香菜或蔥花作為點綴，這不僅可以增加湯的色彩，還可以為湯增添一絲清新的香氣，使其更加誘人可口。準備好的羊肉燉湯可以趁熱享用，為您的餐桌增添一道美味的佳餚。', '2024-05-19 06:33:28', '2024-05-19 06:33:28'),
(5, '古早味炒米粉', '6_NfDoaCNUoD.jpeg', '古早味炒米粉，融合了經典的家鄉風味和豐富的香料，讓你回味童年的美好時光。米粉香脆可口，配上新鮮蔬菜和鮮嫩肉片，每一口都是懷舊的味道，令人陶醉其中。', '2023-03-05 00:00:00', 1, 1, 3, 6, 35, '高麗菜&150g,香菇&50g,豬肉末&200g,蔥&2根,芹菜&50g,米粉&300g', 'test', '準備食材，將高麗菜、香菇、蔥和大蒜切碎成適合的大小，備用。T在鍋中燒熱油，加入新鮮薑和蔥段，爆香出濃郁的香氣，為湯底增添風味。T加入豬肉末，炒至金黃香嫩，使其釋放出豐富的肉汁，增添湯的濃郁度。T放入切好的高麗菜和香菇，快速翻炒，讓蔬菜充分吸收肉汁和香氣。T將泡軟的米粉加入鍋中，再倒入適量的清水，繼續煮至米粉熟透，口感彈牙。T調入適量的鹽和胡椒粉，提味調色，讓湯的風味更加均衡和豐富。T最後，加入新鮮的芹菜，煮至芹菜微軟，增添湯的清香和口感，即可關火享用。', '2024-05-19 06:33:28', '2024-05-19 06:33:28'),
(6, '南靖雞', '16_goZrcehTMD.jpeg', '源於福建漳州，古時候只有達官貴人才能品嘗的好滋味，做法非常耗時，需經過炸、滷、蒸三個步驟，經過三道烹調程序的雞，用筷子一夾就會分離，並搭配著香菇、 金針花、 筍片、鳳梨與栗子和加入雞高湯製成的滷汁一起食用，精選食材與精準火侯就完成了美妙滋味。', '2022-10-06 00:00:00', 1, 1, 5, 3, 40, '雞肉&1公斤,香菇&200克,紅蘿蔔&1根', 'test', '準備雞肉、香菇、胡蘿蔔等食材。T將雞肉清洗乾淨，放入鍋中加水煮至八分熟，撇去浮沫。T將切好的香菇和紅蘿蔔加入煮軟的雞肉中，繼續煮至雞肉和蔬菜熟透。T根據個人口味加入鹽、胡椒等調味料，煮至湯汁濃郁。T將煮好的南靖雞盛裝在碗中，撒上少許香菜裝飾即可食用。', '2024-05-19 06:33:28', '2024-05-19 06:33:28'),
(7, '蹄膀封筍', '45_zeilsrerOz.jpeg', '遵循古早傳統做法，細火熬煮三小時以上，待蹄膀滷的香濃入味後，再用滷汁將筍乾滷入味。蹄膀肉質Q 軟卻不油膩，外皮彈牙富有膠質，筍乾爽脆。麻竹筍經殺菁發酵後，以人工翻面曝曬讓筍乾成自然褐黃並散發濃厚筍香，搭配出最經典的美味。', '2021-01-08 00:00:00', 1, 1, 3, 2, 35, '蹄膀&1條,筍子&300克', 'test', '準備蹄膀、筍子等食材。T將蹄膀清洗乾淨，放入沸水中煮熟，取出備用。T將筍子去皮，切成適當大小的片狀。T在鍋中加入適量水，放入煮熟的蹄膀和切好的筍子，加入適量調味料（例如鹽、胡椒、生抽等），煮至筍子軟熟。T將煮好的蹄膀和筍子盛裝在盤中，即可享用。', '2024-05-19 06:33:28', '2024-05-19 06:33:28'),
(8, '五柳枝石老魚', '2_wZjAdXeBgr.jpeg', '濃濃古早味經典台菜，五柳枝選用五種配料切成柳絲狀__筍絲、紅蘿蔔、黑木耳、香菇、金針花，再搭配用三種不同的醋下去調和，有果香味的醋酸，蔬菜甜味的醋酸，層層分明且互相融合，有種繽紛又豐富的酸甜口感。', '2023-12-08 00:00:00', 1, 1, 3, 4, 20, '五柳枝石老魚&1條,香菜&適量,香菇&100克,木耳&50克', 'test', '準備五柳枝石老魚、香菜、香菇、木耳等食材。T將魚清洗乾淨，去除內臟和鱗片，剖成兩片。T將香菜洗淨切段，香菇和木耳洗淨切片。T將魚放入鍋中，加入適量水，加入香菇和木耳，用中火煮約15分鐘。T根據個人口味加入鹽、胡椒等調味料。T將煮好的五柳枝石老魚盛裝在碟中，撒上香菜裝飾即可食用。', '2024-05-19 06:33:28', '2024-05-19 06:33:28'),
(9, '香酥芋泥鴨', '18_YDMLgaciEz.jpg', '這是一道功夫手工菜,先將全鴨以多種辛香料和酒醃漬數小時,去除鴨腥味,然後蒸炊入味,趁熱片下整塊多汁的鴨肉,佐以精心調配之大甲檳榔心芋泥餡,芋芯鬆軟，油炸之後口感外酥脆內綿密，淡淡芋香襯托鴨肉的鮮美，而鴨肉也大有來頭,是選用法國土番鴨，肉質甘甜，採自然飼養法，在飼料中添加益生菌，不施打藥物，還有駐廠獸醫師檢驗，吃得安心有健康。', '2022-04-08 00:00:00', 1, 1, 2, 3, 25, '鴨肉&200克,芋頭&200克,青江菜&100克', 'test', '準備鴨肉、芋頭、青江菜等食材。T將鴨肉和芋頭清洗乾淨，切成適當大小的塊狀。T將鴨肉和芋頭分別煮熟。T將煮熟的芋頭搗成泥狀，加入適量調味料。T將煮熟的鴨肉塊用適量調味料醃製片刻。T將醃製好的鴨肉裹上芋頭泥，下油鍋中炸至金黃酥脆。T將青江菜炒至熟透，加入適量調味料。T將炸好的香酥芋泥鴨和炒好的青江菜盛裝在碟中，即可享用。', '2024-05-19 06:33:28', '2024-05-19 06:33:28'),
(10, '沙茶炒螃蟹', '13_QAAiizEIQZ.jpeg', '在家也可以享受，沙茶炒螃蟹一起簡單快速上桌做做看吧。', '2021-08-10 00:00:00', 1, 1, 3, 6, 30, '螃蟹&3隻,沙茶醬&3湯匙,蔥&2根,蒜&3瓣,生薑&一小塊,辣椒&1條', 'test', '準備螃蟹、沙茶醬、蔥、蒜、生薑、辣椒等食材。T將螃蟹清洗乾淨，切成適當大小的塊狀，去除螃蟹殼外殼，剁碎螃蟹腳。T將蔥、蒜、生薑切末，辣椒切片。T在鍋中熱油，爆香蔥、蒜、生薑、辣椒，加入沙茶醬炒香。T將處理好的螃蟹放入鍋中，翻炒至螃蟹變色。T根據個人口味加入鹽、糖等調味料，繼續翻炒均勻。T將炒好的沙茶炒螃蟹盛裝在盤中，即可享用。', '2024-05-19 06:33:28', '2024-05-19 06:33:28'),
(11, '椒鹽溪蝦', '31_GzEHCHjXEQ.jpeg', '在家也可以享受，椒鹽溪蝦一起簡單快速上桌做做看吧。', '2022-07-11 00:00:00', 1, 1, 3, 4, 15, '溪蝦&300克,椒鹽&2湯匙,蔥&1根,蒜&2瓣', 'test', '準備溪蝦、椒鹽、蔥、蒜等食材。T將溪蝦清洗乾淨，去除蝦頭、蝦殼等，去腸泥。T將蔥切段，蒜切片。T在鍋中熱油，爆香蔥段、蒜片，加入溪蝦翻炒。T將溪蝦炒至變色後，加入適量的椒鹽，繼續炒至溪蝦均勻沾滿椒鹽。T將炒好的椒鹽溪蝦盛裝在盤中，即可享用。', '2024-05-19 06:33:28', '2024-05-19 06:33:28'),
(12, '紹興醉蝦', '27_yyierqDGAY.jpeg', '嚴選活凍鮮蝦，並以多種安心中藥材小火熬煮的藥膳湯頭浸泡而成，鮮蝦紮實的口感加上紹興藥膳的濃濃酒香，在口中交織。解凍後無需加熱，冰涼吃口感更Q彈，實屬一道最佳的下酒菜。', '2021-12-12 00:00:00', 1, 1, 2, 5, 20, '蝦子&200克,紹興酒&3湯匙,蔥&1根,姜&2片,鹽&少許', 'test', '準備蝦子、紹興酒、蔥、姜、鹽等食材。T將蝦子清洗乾淨，去除蝦腸，用鹽水浸泡片刻，洗淨後瀝乾。T將蔥切段，姜切片。T在鍋中熱油，爆香蔥段、姜片，加入蝦子翻炒至變色。T將煮至蝦子變色後，加入適量的紹興酒，繼續翻炒至酒精揮發。T將炒好的紹興醉蝦盛裝在盤中，即可享用。', '2024-05-19 06:33:28', '2024-05-19 06:33:28'),
(13, '紅紋鵝掌鮑魚', '18_YDMLgaciEz.jpg', '使用自家契養的放山古早雞骨與香甜甘潤的桂圓肉長時間熬煮成高湯底後，加入本土鵝掌及高檔鮑魚以炆火慢慢燉煮而成。鮑魚的Q彈加上鵝掌的滑嫩，滷至入味後完成這道工序繁複的年節大菜，每一口都是濃郁香滑的滋味。再搭配新鮮蔬菜一起食用，清爽解膩，澎湃上桌且美味滿分！', '2022-10-13 00:00:00', 1, 1, 9, 3, 25, 'test', 'test', 'test', '2024-05-19 06:33:28', '2024-05-19 06:33:28'),
(14, '紅燒獅子頭', '35_lfaQHEDvLy.jpeg', '以特規的去筋去油台灣豬後腿肉適度添加洋蔥丁及荸薺，增加風味及中和肉的口感。全程純手工製作，外表紮實，口感豐富。', '2023-11-14 00:00:00', 1, 1, 9, 4, 30, 'test', 'test', 'test', '2024-05-19 06:33:28', '2024-05-19 06:33:28'),
(15, '野生白鯧米粉', '28_SsjFmnudSH.jpeg', '以當季現流白鯧為主角，嚴格挑選漁民出海捕獲的野生白鯧，經去除內臟等作業後急速冷凍，封存野生漁獲的原始鮮美風味！以放山雞骨架、柴魚片及新鮮文蛤汁做為高湯底，搭配炸白鯧口感細緻鮮甜，及當令蔬菜等安心食材，最後加入100%純米米粉及自製油蔥酥，吸收所有食材的鮮香精華，每個入口都是滿足，且寓意圓滿，象徵著未來的一年運勢昌盛！', '2021-12-15 00:00:00', 1, 1, 9, 5, 35, 'test', 'test', 'test', '2024-05-19 06:33:28', '2024-05-19 06:33:28'),
(16, '野生烏魚子(頂級)', '29_dGJSoEiUAK.jpeg', '日本人將烏魚子、鵝肝醬及魚子醬並列為世界三大美食，對日本人而言，烏魚子與寶石同等尊貴。一向被日本人視為珍寶的烏魚子，其實為台灣的名產，每年冬季冬至過後，太平洋的烏魚會洄遊南下產卵，經過台灣海峽，從鹿港附近靠近台灣沿岸，一直沿著海岸線南下到屏東南方外海交配後折返北方。烏魚貼近台灣沿岸期間，其卵巢正值交配前最成熟階段，所以台灣產的烏魚子特別肥大。', '2022-10-16 00:00:00', 5, 1, 9, 6, 40, 'test', 'test', 'test', '2024-05-19 06:33:28', '2024-05-19 06:33:28'),
(17, '海菜魩仔魚湯', '20_XkrEhRzJUt.jpg', '在家也可以享受，海菜魩仔魚湯一起簡單快速上桌做做看吧。', '2021-09-28 00:00:00', 3, 1, 9, 3, 25, 'test', 'test', 'test', '2024-05-19 06:33:28', '2024-05-19 06:33:28'),
(18, '酸菜白肉鍋', '41_WmIEebTguK.jpeg', '嚴選安心無農藥殘留的山東大白菜做為原料，堅持遵循古法製作經過整菜、殺青、平鋪、壓石、醱酵，完全不添加醋酸，堅持以最天然的方式產生乳酸菌醱酵，並依照天氣的溫度變化來決定熟成程度，通常冬天需要4至5個星期，才能做出香、脆、甘、酸的東北酸白菜。', '2021-01-18 00:00:00', 1, 1, 9, 4, 30, 'test', 'test', 'test', '2024-05-19 06:33:28', '2024-05-19 06:33:28'),
(19, '涼拌柚子沙拉', '25_RowlULrKws.jpg', '飽滿鮮香酸甜的柚子果肉，搭配著新鮮生菜一起食用，淋上柚子汁與和風醬混合的特調柚香醬汁，柚汁加柚肉一次滿足，多層次風味令人著迷。', '2023-06-19 00:00:00', 6, 1, 2, 7, 30, '柚子&1顆,小番茄&10-12顆,生菜&2杯,橄欖油&2湯匙,檸檬汁&1湯匙,蜂蜜&1茶匙,鹽&少許', 'test', '剝柚子，將小番茄對半切開，洗淨生菜並瀝乾。T將剝好的柚子撕成小塊，去除白色的部分。T將生菜放入大碗中，加入處理好的柚子和小番茄。T在小碗中混合橄欖油、檸檬汁、蜂蜜和少許鹽，攪拌均勻。T將製作好的醬汁淋在沙拉上，輕輕拌勻。T將拌好的沙拉裝盤，可以加點堅果或薄荷葉裝飾。', '2024-05-19 06:33:28', '2024-05-19 06:33:28'),
(20, '白菜豆腐卷', '9_nUXCjcHOkR.jpg', '冬日盛產的大白菜清甜，用來炒香菇、煮湯都好，白菜豆腐卷是簡單的中式麵食，吃起來爽口，可以當早餐，也可以當點心。', '2021-01-20 00:00:00', 1, 1, 3, 8, 40, '豆腐&300g,白菜葉&9片,油&2湯匙,醬油&3湯匙,香油&1湯匙,蒜末&2瓣,糖&1茶匙,蔥花&適量', 'test', '將豆腐切成條狀，瀝乾水分。T白菜葉洗淨，放入熱水中燙軟，瀝乾備用。T將豆腐條放在燙軟的白菜葉上，捲起固定。T在平底鍋中加熱少許油，放入白菜豆腐卷煎至兩面金黃。T調製醬汁：在小碗中混合醬油、香油、蒜末和少許糖。T將煎好的白菜豆腐卷裝盤，淋上調製好的醬汁，撒上蔥花裝飾。', '2024-05-19 06:33:28', '2024-05-19 06:33:28'),
(21, '藍靛果汁氣泡飲', '48_TCaRMYbfKm.jpg', '運用藍靛果醬的甜與檸檬汁搭配，再加上氣泡水的口感，酸酸甜甜的好解膩！', '2021-01-02 00:00:00', 4, 1, 1, 3, 15, '藍靛果&1顆,蜂蜜或糖&適量,碳酸水或汽水&適量', 'test', '將藍靛果去皮、去籽，切成小塊。T將藍靛果塊放入攪拌機中，加入適量水，打成果汁。T將打好的藍靛果汁過濾，去除果渣。T根據個人口味加入適量蜂蜜或糖調味。T將藍靛果汁倒入杯中，加入適量碳酸水或汽水，輕輕攪拌即可飲用。', '2024-05-19 06:33:28', '2024-05-19 06:33:28'),
(22, '蔬菜濃湯', '43_KjffMprfRY.jpg', '有時候蔬菜一次用不完，可以切下邊邊角角或菜梗煮濃湯，香甜好喝，又多出一道菜，完全不浪費。以下是建議蔬菜，可自由選配。', '2023-01-07 00:00:00', 3, 1, 2, 7, 30, '紅蘿蔔&150克,玉米&1條,豌豆&100克,水&600毫升,蔬菜湯或雞湯底&600毫升,鹽&適量,胡椒&適量', 'test', '洗淨紅蘿蔔、玉米、豌豆，去皮並切成小塊。T將切好的紅蘿蔔、玉米、豌豆放入鍋中，加入適量水，煮至蔬菜變軟。T使用攪拌器將煮軟的蔬菜打成泥狀。T加入蔬菜湯或雞湯底，調整濃度和口感。T根據個人口味加入鹽、胡椒等調味料。T將濃湯煮沸後即可食用，可以加入奶油或乳酪增添口感。', '2024-05-19 06:33:28', '2024-05-19 06:33:28'),
(23, '麻婆豆腐', '30_PNrPsLjOIi.jpg', '有時候難免想吃重口味的食物，麻婆豆腐就是一道辛香下飯的菜，有了它，多吃兩口飯。', '2023-08-23 00:00:00', 1, 1, 9, 5, 35, 'test', 'test', 'test', '2024-05-19 06:33:28', '2024-05-19 06:33:28'),
(24, '高麗菜飯', '23_yAKldzmCJN.jpg', '利用冬天盛產的高麗菜、菇類炒香，加入白飯，做成一道高麗菜飯，放在電鍋保溫，隨時都可享有鮮甜熱呼呼的菜飯。', '2022-10-24 00:00:00', 1, 1, 9, 6, 40, 'test', 'test', 'test', '2024-05-19 06:33:28', '2024-05-19 06:33:28'),
(25, '臭豆腐粉絲煲', '21_DSUqkeSzWE.jpg', '臭豆腐帶著濃郁的鹹味和特殊的發酵味，其湯汁加上香菇、金針菇等菇類長時間熬煮所帶來的鮮甜滋味，更讓每一口冬粉都充滿多層次的美味，一口臭豆腐再加上一口冬粉，就是超級日常卻也超級滿足的美味享受～', '2021-12-25 00:00:00', 1, 1, 9, 3, 25, 'test', 'test', 'test', '2024-05-19 06:33:28', '2024-05-19 06:33:28'),
(26, '馬鈴薯紅蘿蔔燒雞翅', '22_eqRcvpvAFZ.jpg', '馬鈴薯紅蘿蔔燒雞翅是一道美味的燒烤菜品，融合了雞翅的嫩滑、馬鈴薯的綿密口感和紅蘿蔔的甜脆。這道菜的特色在於將多種食材的風味融合在一起，創造出濃郁的口感和美味。', '2021-05-03 00:00:00', 1, 1, 9, 4, 30, 'test', 'test', 'test', '2024-05-19 06:33:28', '2024-05-19 06:33:28'),
(27, '蒜香奶油蝦', '39_ZhBZgMgyCK.jpg', '蒜香奶油白蝦是一道美味可口的海鮮菜品，以新鮮的白蝦為主要食材，搭配濃郁的奶油和香氣十足的蒜味。這道菜結合了蝦的嫩滑口感、奶油的濃郁香氣以及蒜的獨特風味，呈現出豐富的口味層次。', '2022-05-03 00:00:00', 1, 1, 9, 5, 35, 'test', 'test', 'test', '2024-05-19 06:33:28', '2024-05-19 06:33:28'),
(28, '蒜香奶油醬佐牛排', '40_cftijOfagi.jpg', '蒜香奶油醬佐牛排是一道經典的牛排料理，結合了牛排的肉質鮮嫩與奶油蒜香醬的濃郁風味。這道菜以嫩煎或烤熟的牛排為基礎，搭配上香濃的奶油和蒜末調製的醬汁，味道豐富且美味。', '2023-11-22 00:00:00', 1, 1, 9, 6, 40, 'test', 'test', 'test', '2024-05-19 06:33:28', '2024-05-19 06:33:28'),
(29, '藜麥飯佐彩蔬鱸魚', '44_KztjGweVpY.jpg', '藜麥飯佐彩蔬鱸魚是一道營養豐富的料理，以藜麥飯為主，搭配多彩的蔬菜和鱸魚，味道豐富而健康。', '2021-10-05 00:00:00', 1, 1, 9, 3, 25, 'test', 'test', 'test', '2024-05-19 06:33:28', '2024-05-19 06:33:28'),
(30, '地中海風味洋芋雞', '10_RvFnWYNlbf.jpg', '地中海風味洋芋雞是一道結合地中海地區特色風味的料理，主要使用洋芋和雞肉搭配各種地中海香料，呈現豐富的口感和風味。', '2022-04-18 00:00:00', 1, 1, 9, 4, 30, 'test', 'test', 'test', '2024-05-19 06:33:28', '2024-05-19 06:33:28'),
(31, '黑蒜麻油鱸魚湯', '33_HKiBBtWiOy.jpg', '黑蒜麻油鱸魚湯是一道以新鮮鱸魚為主要食材，加入黑蒜和麻油等調味料製作而成的湯品。這道湯結合了黑蒜的深厚風味和麻油的香氣，為鱸魚湯增添了特殊的口感和風味。', '2023-06-29 00:00:00', 3, 1, 9, 5, 35, 'test', 'test', 'test', '2024-05-19 06:33:28', '2024-05-19 06:33:28'),
(32, '冬瓜排骨湯', '5_DBEbrlehGl.png', '冬瓜排骨湯是一道清燉湯品，使用冬瓜和豬排骨作為主要食材，烹煮出清爽鮮美的湯汁。這道湯在中國料理中很受歡迎，尤其在夏天時因為湯汁清淡，能夠解渴消暑。', '2022-11-13 00:00:00', 3, 1, 9, 6, 40, 'test', 'test', 'test', '2024-05-19 06:33:28', '2024-05-19 06:33:28'),
(33, '蜂蜜香蒜雞翅  ', '38_mwcopfbbTG.png', '蜂蜜香蒜雞翅是一道美味的雞翅料理，結合了蜂蜜的甜味和香蒜的香氣，烹調出香甜多汁的雞翅。', '2023-01-27 00:00:00', 1, 1, 9, 3, 25, 'test', 'test', 'test', '2024-05-19 06:33:28', '2024-05-19 06:33:28'),
(34, '落英繽紛養生粥', '36_KSihoEthta.jpg', '落英繽紛養生粥是一道注重健康的營養粥品，取名源自「落英繽紛」的浪漫意象。這款粥通常包含各種營養成分，如雞肉、蔬菜、薏仁、紅棗等，搭配簡單而精緻的烹調方式，味道清淡且養生。', '2021-08-02 00:00:00', 1, 1, 9, 4, 30, 'test', 'test', 'test', '2024-05-19 06:33:28', '2024-05-19 06:33:28'),
(35, '錦囊八珍舞莎莎', '46_SQglzKZqeo.jpg', '是一道中國菜式，主要以番茄和肉類搭配製作而成。這道菜的特色在於番茄的酸甜口感與肉類的鮮嫩搭配，呈現一道色香味俱佳的美味佳餚。', '2023-01-02 00:00:00', 1, 1, 9, 5, 35, 'test', 'test', 'test', '2024-05-19 06:33:28', '2024-05-19 06:33:28'),
(36, '嚴選養生燉湯', '49_KjbjfyLKCU.jpg', '嚴選養生燉湯通常指的是精心挑選高營養、低熱量的食材，搭配適量的調味料，以燉煮的方式製作而成的湯品。這樣的湯品追求均衡營養，同時注重食材的天然滋養成分。', '2022-09-20 00:00:00', 3, 1, 9, 6, 40, 'test', 'test', 'test', '2024-05-19 06:33:28', '2024-05-19 06:33:28'),
(37, '紫薯地瓜麵包', '32_RsZFAwbqOU.jpg', '\n紫薯地瓜麵包是一款以紫薯和地瓜為主要成分，製作而成的麵包。這款麵包因添加了紫薯和地瓜，呈現出獨特的色澤、口感和風味，同時也增加了麵包的營養價值。', '2023-08-10 00:00:00', 5, 1, 9, 3, 25, 'test', 'test', 'test', '2024-05-19 06:33:28', '2024-05-19 06:33:28'),
(38, '田園蔬菜總匯', '8_ajZzXAmxVP.png', '是一道以多種新鮮蔬菜搭配而成的綜合菜品，展現豐富的色彩和口感，並提供多種營養。', '2022-02-24 00:00:00', 1, 1, 9, 4, 30, 'test', 'test', 'test', '2024-05-19 06:33:28', '2024-05-19 06:33:28'),
(39, '健康滿分-胡蘿蔔蔬果汁', '24_MqmXKRcJmN.png', '胡蘿蔔的營養，講也講不完，不愛胡蘿蔔的民眾，不妨可以動手製作胡蘿蔔蔬果汁，餐後來上一杯，清爽解油膩、健康滿分。 \n\n', '2023-11-26 00:00:00', 4, 1, 9, 5, 35, 'test', 'test', 'test', '2024-05-19 06:33:28', '2024-05-19 06:33:28'),
(40, '玫瑰蘋果派', '15_JAzNHIdKFU.png', '衛生福利部的每日飲食指南建議一日水果為2-4份，一般可攝取2份水果即可，市售的富士蘋果大多1顆即達2份。你知道嗎?有時候蘋果也能做成小點心呢！', '2022-06-03 00:00:00', 5, 1, 9, 6, 40, 'test', 'test', 'test', '2024-05-19 06:33:28', '2024-05-19 06:33:28'),
(41, '牛蒡吻仔魚燉飯', '4_IDKqtczFFo.jpg', '牛蒡吻仔魚燉飯是一種以牛蒡和吻仔魚為主要材料，搭配米飯製作而成的燉飯。這道料理結合了牛蒡的清爽口感和吻仔魚的鮮香，是一道風味獨特的台灣經典料理。', '2023-11-26 00:00:00', 1, 1, 9, 3, 25, 'test', 'test', 'test', '2024-05-19 06:33:28', '2024-05-19 06:33:28'),
(42, '蘆筍肉捲佐梅子醬', '50_YjbZXykVqB.jpg', '蘆筍肉捲佐梅子醬是一道美味而特色的料理，結合了新鮮的蘆筍、嫩肉和梅子醬的風味。', '2022-06-03 00:00:00', 2, 1, 9, 4, 30, 'test', 'test', 'test', '2024-05-19 06:33:28', '2024-05-19 06:33:28'),
(43, '搖搖蜂蜜檸檬愛玉凍', '34_GLxNunkcYZ.jpg', '搖搖蜂蜜檸檬愛玉凍是一道清涼可口的甜品，結合了蜂蜜、檸檬和愛玉，呈現出豐富的口感和風味。', '2023-05-08 00:00:00', 5, 1, 9, 5, 35, 'test', 'test', 'test', '2024-05-19 06:33:28', '2024-05-19 06:33:28'),
(44, '小黃瓜飲品', '1_iKkfUcuLAT.jpg', '小黃瓜飲品是一種清新爽口的飲品，通常以新鮮的小黃瓜為主要成分，搭配其他水果或調味料製成。這種飲品不僅美味，還具有消暑解渴的效果。利用小黃瓜的清爽及含水量高的特性，搭配抹茶含的多酚兒茶素和奇異果維生素C，除了解渴外，還能夠抗氧化，且優酪乳能夠增加腸道好菌，養好健康的腸道環境！喝完肚子會很有感，可以清除宿便唷~', '2021-12-09 00:00:00', 4, 1, 9, 3, 40, 'test', 'test', 'test', '2024-05-19 06:33:28', '2024-05-19 06:33:28'),
(45, '葡萄銀耳飲', '37_RnGcPMsjlw.jpg', '葡萄銀耳飲是一種以葡萄和銀耳為主要成分，製成的涼爽飲品。這種飲品不僅口感清新，而且富含營養。', '2022-01-17 00:00:00', 4, 1, 9, 4, 25, 'test', 'test', 'test', '2024-05-19 06:33:28', '2024-05-19 06:33:28'),
(46, '低油菠菜青糰', '12_QlLSDItRZI.jpg', '「青糰」是清明時節常吃的傳統美食，翠綠、軟Q的青糰在台灣為俗稱的草仔粿。草仔粿在製作過程中往往需要添加許多的油脂，所以小小一顆熱量卻不低!', '2023-09-14 00:00:00', 5, 1, 9, 5, 30, 'test', 'test', 'test', '2024-05-19 06:33:28', '2024-05-19 06:33:28'),
(47, '古早味芝麻燒', '7_skFUyPntTL.jpg', '古早味芝麻燒是一種傳統的中式點心，以芝麻為主要材料，外皮酥脆，內餡香甜。', '2021-04-30 00:00:00', 5, 1, 9, 6, 35, 'test', 'test', 'test', '2024-05-19 06:33:28', '2024-05-19 06:33:28'),
(48, '清蒸比目魚', '26_ECKPGoqDRo.jpg', '清蒸比目魚，是一道清爽健康的料理，以新鮮的比目魚為主料，經過精心蒸製而成。魚肉鮮嫩細膩，搭配清淡的調味，保留了魚肉的原汁原味，口感鮮美，營養豐富，是一道營養美味的佳餚。', '2023-02-28 00:00:00', 1, 1, 2, 9, 45, '比目魚&500克,花椰菜&1顆,薑絲&30克,青蔥&2根,鹽&適量,米酒&2湯匙,生抽&2湯匙,白胡椒粉&少許,葵花籽油&1湯匙', 'test', '將比目魚洗淨並去鱗，花椰菜切小朵，薑切絲，青蔥切段。T將比目魚兩面均勻塗抹鹽、米酒、生抽、薑絲和青蔥，醃製片刻。T在蒸碗底部鋪上一層花椰菜朵，放上調味好的比目魚。T將蒸碗放入蒸鍋中，加蓋蒸10-15分鐘，至魚肉熟透。T取出蒸好的比目魚，撒上少許白胡椒粉，淋上熱油，即可享用。', '2024-05-19 06:33:28', '2024-05-19 06:33:28'),
(49, '檸檬奶油干貝', '47_FmpcTYkgei.jpg', '檸檬奶油干貝是一道美味的海鮮料理，融合了檸檬的清新酸味和奶油的濃郁香氣，為干貝帶來豐富的風味。', '2022-08-05 00:00:00', 1, 1, 1, 6, 40, '干貝&200g,檸檬&1個,奶油&50g,大蒜&2粒,鮮奶&100ml,鹽&適量', 'test', '首先，用清水徹底洗淨干貝，以去除可能的沙粒和雜質。同時，將新鮮的檸檬清洗乾淨，切成薄片；然後，將大蒜剝皮並切碎成小塊，備用。T在平底鍋中以中小火加熱奶油，待奶油融化後，加入切碎的大蒜，輕輕翻炒至散發出誘人的蒜香味道，讓奶油充分吸收大蒜的香氣。T將干貝放入鍋中，煎至兩面微黃，約 2 分鐘左右，確保干貝外表呈現金黃色，內部保持鮮嫩。這樣可以確保干貝的口感鮮嫩，味道豐富。T在煎烤好的干貝上放上新鮮的檸檬片，然後倒入鮮奶，將火調至中小火，蓋上鍋蓋，燜煮干貝約 3 分鐘，直到干貝完全熟透並吸收了檸檬和奶油的香氣。T最後，根據個人口味添加適量的鹽，以提升整體風味。您也可以根據個人喜好添加些許胡椒粉或其他調味料。完成後，將檸檬奶油干貝盛入盤中，可以用剩餘的檸檬片作為裝飾，美味的檸檬奶油干貝即可享用。', '2024-05-19 06:33:28', '2024-05-19 06:33:28'),
(50, '熱炒小卷', '42_vpXOAEMBZR.png', '小卷又稱小管、透抽、鎖管，主要產在夏、秋兩個季節，是台灣人喜歡的海鮮。 小卷含豐富蛋白質、維生素E、鋅，低脂肪、低熱量，是有益身體健康的好食材。', '2022-08-06 00:00:00', 1, 1, 2, 4, 45, '小卷&150g,韭菜&100g,辣椒&1條,薑&10g', 'test', '將小卷洗淨切片，韭菜和辣椒洗淨切段，薑切成絲備用。T在鍋中燒熱少許油，加入薑絲爆香。T加入小卷煸炒至兩面變色，散發出香氣。T放入切段的韭菜和辣椒，快速翻炒均勻。T最後調味，根據個人口味加入適量的鹽和胡椒粉，炒勻即可上桌享用。', '2024-05-19 06:33:28', '2024-05-19 06:33:28'),
(51, '印度咖哩醬', '397fc837-bdb3-4cf7-a188-31f9b58fde57.jpg', '印度咖哩醬是一種濃郁的醬料，由豐富的香料、椰奶和番茄製成。它帶有深邃的咖哩風味，適合用於烹製各種咖哩菜餚，如咖哩雞、咖哩蔬菜或拌飯料理。这个醬料充滿著印度獨特的風味，能夠為菜餚帶來豐富的層次感和風味。', '2024-03-12 00:00:00', 2, 1, 2, 4, 40, 'test', 'test', 'test', '2024-05-19 06:33:28', '2024-05-19 06:33:28'),
(52, '蘑菇醬', 'b0197211-0c22-44ac-b883-6b04f276b8c9.jpg', '蘑菇醬是以新鮮蘑菇、洋蔥、奶油和香料精心烹製而成的濃郁醬汁，散發著深厚的蘑菇香氣，適合搭配肉類、意大利麵或燉菜，為料理增添豐富的風味和質感。', '2024-01-10 00:00:00', 2, 1, 2, 4, 40, 'test', 'test', 'test', '2024-05-19 06:33:28', '2024-05-19 06:33:28'),
(53, '香草檸檬醬', 'a08d9d17-c9ef-4344-bcbb-40a949f43481.jpg', '將切碎的新鮮香草（如羅勒、迷迭香、牛至）、檸檬汁、橄欖油、蒜末和鹽混合攪拌即可。適合搭配烤雞、魚類或蔬菜。', '2024-04-05 00:00:00', 2, 1, 2, 4, 40, 'test', 'test', 'test', '2024-05-19 06:33:28', '2024-05-19 06:33:28'),
(54, '橙味芥末醬', 'e6f04a03-cc64-49a3-b784-35b64179d291.jpg', '橙味芥末醬結合了橙汁的清新和芥末醬的辛辣，口感豐富。適合搭配烤豬肉、火雞或燒烤蔬菜。這款醬料帶有微妙的甜酸味道，能為菜餚增添獨特風味。', '2024-02-09 00:00:00', 2, 1, 2, 4, 40, 'test', 'test', 'test', '2024-05-19 06:33:28', '2024-05-19 06:33:28'),
(55, '紅酒蔓越莓醬', 'cb8721df-490a-47b7-9641-266bb9027502.jpg', '紅酒蔓越莓醬融合了紅酒的深邃風味和蔓越莓的微酸口感，加入適量的香料和甜味料，製作而成的濃郁醬汁。適合作為烤肉或火雞的伴餐，為菜餚帶來獨特的風味體驗。', '2024-01-22 00:00:00', 2, 1, 2, 4, 40, 'test', 'test', 'test', '2024-05-19 06:33:28', '2024-05-19 06:33:28'),
(56, '意式凱撒沙拉', '4d297e06-ebe3-4287-b0ae-46bcbbd2217d.jpg', '意式凱撒沙拉是一道經典的沙拉，以新鮮的羅馬生菜為基礎，加入帕馬森芝士和麵包塊，最後淋上濃郁的凱撒醬。這道沙拉簡單清爽，帶有微咸的風味，是意大利料理中不可或缺的一道前菜或配菜。', '2023-12-15 00:00:00', 6, 1, 2, 4, 40, 'test', 'test', 'test', '2024-05-19 06:33:28', '2024-05-19 06:33:28'),
(57, '墨西哥玉米沙拉', '4bbeffa7-b6a3-49a2-84c8-d689f45f5a20.jpg', '墨西哥玉米沙拉是一道清爽開胃的墨西哥風味沙拉，主要以玉米粒、黑豆、新鮮番茄、洋蔥、酪梨和辣椒為主要配料，配以青柠汁、橄欖油和香菜調味。這道沙拉口感豐富，風味鮮明，適合作為主菜或健康的副菜。', '2024-02-20 00:00:00', 6, 1, 2, 4, 40, 'test', 'test', 'test', '2024-05-19 06:33:28', '2024-05-19 06:33:28'),
(58, '泰式海鮮沙拉', 'd61f4d2d-9d03-4b74-895c-77450a5182ec.jpg', '泰式海鮮沙拉是一道清爽涼拌菜，結合新鮮海鮮如蝦、蟹肉或魚肉，加入青檸汁、辣椒、蔥、薄荷和花生，口味酸辣鮮美。這道沙拉常用泰式魚露和糖調味，帶來豐富的東南亞風味，是夏日的絕佳選擇。', '2024-03-09 00:00:00', 6, 1, 2, 4, 40, 'test', 'test', 'test', '2024-05-19 06:33:28', '2024-05-19 06:33:28'),
(59, '酪梨鮮蝦沙拉', '1e589d1d-e958-4e04-a3e8-3e13ea0aa232.jpg', '酪梨鮮蝦沙拉是一道清爽美味的沙拉，以新鮮的酪梨、煮熟的鮮蝦、番茄、生菜和香草混合製成。用檸檬汁、橄欖油、鹽和胡椒調味。這道沙拉結合了豐富的蛋白質、維生素和健康脂肪，是一道營養均衡的美食選擇。', '2024-04-11 00:00:00', 6, 1, 2, 4, 40, 'test', 'test', 'test', '2024-05-19 06:33:28', '2024-05-19 06:33:28'),
(60, '馬鈴薯沙拉', 'beb6abbf-f243-4ab0-9c9f-b6a687ef8346.jpg', '馬鈴薯沙拉是一道經典的美食，將煮熟的馬鈴薯切塊後，加入洋蔥、蛋黃醬、葡萄幹、芥末和香料，輕輕拌勻即可。這款沙拉口感豐富，風味醇厚，適合作為獨立菜或配菜享用。', '2024-05-06 00:00:00', 6, 1, 2, 4, 40, 'test', 'test', 'test', '2024-05-19 06:33:28', '2024-05-19 06:33:28');

-- --------------------------------------------------------

--
-- 資料表結構 `recipe_categories`
--

CREATE TABLE `recipe_categories` (
  `recipe_cate__i_d` int(11) NOT NULL,
  `recipe_cate_name` varchar(255) NOT NULL,
  `r__description` text NOT NULL,
  `valid` tinyint(1) NOT NULL,
  `recipe_cate_img` varchar(255) NOT NULL,
  `created_at` datetime NOT NULL,
  `updated_at` datetime NOT NULL
) ENGINE=InnoDB DEFAULT CHARSET=utf8 COLLATE=utf8_general_ci;

--
-- 傾印資料表的資料 `recipe_categories`
--

INSERT INTO `recipe_categories` (`recipe_cate__i_d`, `recipe_cate_name`, `r__description`, `valid`, `recipe_cate_img`, `created_at`, `updated_at`) VALUES
(1, '主食', '主食食譜包括各種主食的製作方法，如米飯、麵食、麵包、粥等。這些食譜提供了不同地區、文化和口味的選擇，從營養均衡到風味豐富，滿足了人們對主食多樣性的追求。', 1, 'meat.svg', '2024-05-19 06:33:28', '2024-05-19 06:33:28'),
(2, '醬料', '醬料食譜包括調味品和醬汁的製作方法，如番茄醬、香料醬、沙茶醬等。這些食譜不僅提供了為菜餚增添風味的方式，還能滿足不同料理風格和口味的需求。', 1, 'sauce.svg', '2024-05-19 06:33:28', '2024-05-19 06:33:28'),
(3, '湯品', '湯品食譜包括各種湯的製作，如雞湯、蔬菜湯、海鮮湯等。湯品通常被視為溫暖、營養豐富的飲食選擇，這些食譜提供了多樣的湯底、材料和調味方式。', 1, 'soup.svg', '2024-05-19 06:33:28', '2024-05-19 06:33:28'),
(4, '飲品', '飲品食譜涵蓋了各種飲料，包括果汁、奶昔、咖啡、茶飲等。這些飲品食譜展示了創意和新穎的混合方式，讓人們在自家製作的飲品中享受各種風味。', 1, 'drink.svg', '2024-05-19 06:33:28', '2024-05-19 06:33:28'),
(5, '點心', '點心食譜提供了製作小吃和點心的方法，如餅乾、蛋糕、小甜點等。這些食譜適合作為下午茶點或在聚會中分享。', 1, 'cake.svg', '2024-05-19 06:33:28', '2024-05-19 06:33:28'),
(6, '沙拉', '沙拉食譜包括各種色彩鮮艷、口感豐富的沙拉製作方法，如水果沙拉、蔬菜沙拉、穀物沙拉等。這些食譜強調了健康飲食的概念，同時提供了豐富的營養元素。', 1, 'salad.svg', '2024-05-19 06:33:28', '2024-05-19 06:33:28');

-- --------------------------------------------------------

--
-- 資料表結構 `recipe_related_products`
--

CREATE TABLE `recipe_related_products` (
  `related__products__i_d` int(11) NOT NULL,
  `recipe__i_d` int(11) NOT NULL,
  `product__i_d` int(11) NOT NULL,
  `created_at` datetime NOT NULL,
  `updated_at` datetime NOT NULL
) ENGINE=InnoDB DEFAULT CHARSET=utf8 COLLATE=utf8_general_ci;

--
-- 傾印資料表的資料 `recipe_related_products`
--

INSERT INTO `recipe_related_products` (`related__products__i_d`, `recipe__i_d`, `product__i_d`, `created_at`, `updated_at`) VALUES
(1, 49, 90, '2024-05-19 06:33:28', '2024-05-19 06:33:28'),
(2, 49, 118, '2024-05-19 06:33:28', '2024-05-19 06:33:28'),
(3, 49, 175, '2024-05-19 06:33:28', '2024-05-19 06:33:28'),
(4, 49, 170, '2024-05-19 06:33:28', '2024-05-19 06:33:28'),
(5, 4, 281, '2024-05-19 06:33:28', '2024-05-19 06:33:28'),
(6, 4, 17, '2024-05-19 06:33:28', '2024-05-19 06:33:28'),
(7, 4, 10, '2024-05-19 06:33:28', '2024-05-19 06:33:28'),
(9, 48, 88, '2024-05-19 06:33:28', '2024-05-19 06:33:28'),
(10, 48, 8, '2024-05-19 06:33:28', '2024-05-19 06:33:28'),
(11, 48, 17, '2024-05-19 06:33:28', '2024-05-19 06:33:28'),
(12, 5, 19, '2024-05-19 06:33:28', '2024-05-19 06:33:28'),
(13, 5, 213, '2024-05-19 06:33:28', '2024-05-19 06:33:28'),
(14, 5, 238, '2024-05-19 06:33:28', '2024-05-19 06:33:28'),
(15, 5, 17, '2024-05-19 06:33:28', '2024-05-19 06:33:28'),
(16, 1, 235, '2024-05-19 06:33:28', '2024-05-19 06:33:28'),
(17, 1, 4, '2024-05-19 06:33:28', '2024-05-19 06:33:28'),
(18, 2, 277, '2024-05-19 06:33:28', '2024-05-19 06:33:28'),
(20, 2, 14, '2024-05-19 06:33:28', '2024-05-19 06:33:28'),
(21, 6, 279, '2024-05-19 06:33:28', '2024-05-19 06:33:28'),
(22, 6, 213, '2024-05-19 06:33:28', '2024-05-19 06:33:28'),
(23, 6, 206, '2024-05-19 06:33:28', '2024-05-19 06:33:28'),
(24, 7, 205, '2024-05-19 06:33:28', '2024-05-19 06:33:28'),
(25, 8, 89, '2024-05-19 06:33:28', '2024-05-19 06:33:28'),
(26, 8, 213, '2024-05-19 06:33:28', '2024-05-19 06:33:28'),
(27, 8, 217, '2024-05-19 06:33:28', '2024-05-19 06:33:28'),
(28, 9, 278, '2024-05-19 06:33:28', '2024-05-19 06:33:28'),
(29, 9, 15, '2024-05-19 06:33:28', '2024-05-19 06:33:28'),
(30, 10, 17, '2024-05-19 06:33:28', '2024-05-19 06:33:28'),
(31, 11, 343, '2024-05-19 06:33:28', '2024-05-19 06:33:28'),
(32, 11, 17, '2024-05-19 06:33:28', '2024-05-19 06:33:28'),
(33, 12, 336, '2024-05-19 06:33:28', '2024-05-19 06:33:28'),
(34, 12, 17, '2024-05-19 06:33:28', '2024-05-19 06:33:28');

-- --------------------------------------------------------

--
-- 資料表結構 `speaker`
--

CREATE TABLE `speaker` (
  `speaker_id` int(10) NOT NULL,
  `speaker_name` varchar(55) NOT NULL,
  `speaker_title` varchar(255) DEFAULT NULL,
  `speaker_description` mediumtext NOT NULL,
  `speaker_experience` varchar(255) DEFAULT NULL,
  `speaker_license` varchar(255) DEFAULT NULL,
  `speaker_image` varchar(255) NOT NULL,
  `f_speaker_cate_id` int(11) NOT NULL,
  `valid` tinyint(2) NOT NULL DEFAULT 1
) ENGINE=InnoDB DEFAULT CHARSET=utf8 COLLATE=utf8_general_ci;

--
-- 傾印資料表的資料 `speaker`
--

INSERT INTO `speaker` (`speaker_id`, `speaker_name`, `speaker_title`, `speaker_description`, `speaker_experience`, `speaker_license`, `speaker_image`, `f_speaker_cate_id`, `valid`) VALUES
(1, '施建偉', '國際美食總冠軍', '2014 年獲選為 FDA 年度優良廚師，更在 2015 年台灣國際美食展職業組比賽中榮獲總冠軍，他不僅在國際賽事中表現出色，也致力於烹飪教育和料理創新。他的教學兼具理論與實踐，強調食材的選擇與處理技術，以及如何將傳統與創新完美融合。他的課程深受學生歡迎，培養出許多業界專業人才。', '明上園楓味館廚藝總監、德霖技術學院廚藝系助理教授、2014 FDA年度優良廚師', '西餐乙級證照、中餐乙級證照', 'lecturer1.jpg', 1, 1),
(2, 'Jack', '異國美食創意家', '來自法國，在西班牙成長，在加拿大的廚藝學校求學，曾旅居印度，豐富的遊歷經驗擴展了 Jack 老師料理的多樣性，也深知如何挑動當地人的味蕾，因此他用他的雙手打造了一套又一套的異國經典美食！', '印度阿杜納飯店行政主廚', '西餐乙級證照', 'lecturer2.jpg', 2, 1),
(3, '陳定宣', '創意素食推手', '從葷菜大廚搖身一變為素點達人的陳定宣師傅，擁有二十多年主廚資歷，他耗費四年多研發改良，以新鮮蔬果取代葷腥食材，為素食灌注了全新的生命，並且創立了大受歡迎的台灣功德林上海素點餐廳，為素食界創造了更精緻多元的美味選擇。為求完美他還不斷到中國、香港、東南亞等國家，學習更新的烹飪技巧和各國最新的風味料理，再將各異國料理研發成更精緻的生態素食。', '功德林上海素點餐廳創辦人', '中餐乙級證照、點心乙級證照', 'lecturer3.jpg', 5, 1),
(4, '何建彬', '國際藍帶麵點大師', '50歲卸下福華飯店主廚職務，步入高雄餐旅大學的教學殿堂20多年，其間還遠赴法國、擔任藍帶客座大師講堂教師，桃李滿天下，把中式麵點的文化傳播海內外。不久前從高雄餐旅退休，以分享喜樂的心，要把在業界和學校所累積的豐富經驗，以系列課程在廚藝教室傳承，教好做、好包、好吃的中式麵食。', '福華大飯店主廚、高雄餐旅大學講師', '中餐乙級證照、中餐丙級證照', 'lecturer4.jpg', 1, 1),
(5, '李佳其', '亞洲廚神', '近年來，因頻頻在國際廚藝大賽得獎，如2009香港國際美食大賽金牌、2010新加坡FHA 國際烹飪挑戰賽最佳亞洲廚師獎、2012 IFK 韓國大田國際廚藝競賽餐廳達人團隊賽銀牌等，所以有「亞洲廚神」的封號！', '香港國際美食大賽金牌、2新加坡FHA 國際烹飪挑戰賽最佳亞洲廚師獎', '中餐乙級證照、中餐丙級證照', 'lecturer5.jpg', 1, 1),
(6, '林國汶', '新世代粵菜主廚', '18歲進港籍師傅的粵菜館，從洗碗小學徒做起，認真努力，未滿三十歲就成為獨當一面的主廚，是七年級生中少見穩紮穩打、底子厚又有創意的料理人。現任新葡苑復興館主廚，最近和廚藝名師李德全合著「我家也是茶餐廳」食譜書。因和李德全老師有些神似，聲音和笑聲都像，手藝又了得，故有「小李德全」之稱。', '著有「我家也是茶餐廳」食譜書', '中餐乙級證照、中餐丙級證照', 'lecturer6.jpg', 3, 1),
(7, '戴于益', '藍帶主廚 CEO', '戴于益老師參加過多次兩岸廚藝競賽，法國米其林藍帶騎士勳章得主，現在是宸上名品飯店的行政主廚、CEO。從學徒開始做起，一路走來靠著扎實的基礎功夫，他將多年來習得的傳統菜製作精髓，創造出集健康、時尚、美味於一身的料理。「對食材尊重，才能產出美味的料理」這句話是戴師傅的座右銘，他說尊重不僅能套用在料理上，而是對任何事物都一樣，只要先尊重，就能用正確的態度去面對，當然也就較容易有好的結果了。', '宸上名品飯店的行政主廚、CEO', '中餐乙級證照、西餐丙級證照', 'lecturer7.jpg', 2, 1),
(8, '李德全', '粵菜點心技藝師傅', '中菜共有八大菜系，各個菜系都有各自的點心，其中以粵菜最為發達，也就是我們常見的港式茶樓裡的點心，而這些點心的製作技術涵蓋蒸、煎、焗、炸...等等，要做出美味道地的廣式點心，其實技術上需要有一定的要求。', '超過二十年港式餐廳資歷', '中餐乙級證照、中餐丙級證照、點心乙級證照', 'lecturer8.jpg', 4, 1),
(9, '林繼正', '跨界粵菜創新料理大師', '現任老爺酒店咖啡廳主廚、飯店國宴大廚，除了拿手的粵菜料理，還進入粵菜和川菜、粵菜和上海菜結合的新粵菜領域。而除了中式料理，學貫中西又不斷精益求精的林師傅，擄獲許多饕客的心。曾在救國團教學八年，具豐富教學經驗，是學員心目中的好老師。', '老爺酒店咖啡廳主廚、救國團講師', '西餐乙級證照', 'lecturer9.jpeg', 1, 1),
(10, '蕭冠之', '國際金牌獎廚藝總監', '擁有豐富的中餐烹調及創業輔導經驗，尤其精通湘菜、川菜、廣東菜、泰國菜和客家菜。他不僅在台灣小吃和中餐領域內具有深厚的教學背景，還擁有中餐乙、丙級授課資格。此外，他在大型外燴辦桌方面亦有卓越表現，經常負責策劃和執行各類大型餐飲活動。', '創業輔導顧問、台灣小吃及中餐乙、丙級授課講師', '中餐甲級證照、中餐乙級證照、中餐丙級證照', 'lecturer10.jpg', 1, 1),
(11, '林鎔標', '創意點心師傅', '意誠餐飲集團的技術顧問，同時也擔任添好運站前總店及廣晟食品的副主廚，具備豐富的經驗與深厚的專業知識。在逗點心創意點心擔任主廚期間，創造了多款深受歡迎的創意點心，深得顧客好評。他的料理風格融合創新與傳統，精通各式烹飪技巧，尤其擅長將現代元素融入傳統食品中，創造出獨特的口感與呈現。', '意誠餐飲集團的技術顧問、廣晟食品的副主廚', '點心乙級證照、西餐乙級證照', 'lecturer11.jpg', 4, 1),
(12, '歐士銘', '創新行政主廚', '歐士銘師傅一脈師承御廚的手藝，動作行雲如水調味點石成金，把餐廳招牌菜用家庭版做法，一入口就讓人感動的傳統味，卻不是濃油赤醬。歐士銘師傅曾任學學文創一口一口學食驗室行政主廚，知名大飯店資歷豐富，經常應邀於平面媒體及機構做食譜研發及展示，教學經驗豐富，廣獲學員好評。', '學學文創一口一口學食驗室行政主廚', '中餐乙級證照、中餐丙級證照', 'lecturer12.jpg', 1, 1),
(13, '蘇祐荃', '跨領域鬼才廚師', '具有料理天賦的他，17歲就當飯店主廚，旗下曾帶領三、四十位廚師、創下龍蝦13吃的紀錄，也通過考試得到大陸五星七段行政主廚認證，是少數悠遊於中、西創意料理、烘焙也在行的鬼才型廚師。', '五星七段行政主廚', '中餐乙級證照、西餐乙級證照', 'lecturer13.jpg', 3, 1),
(14, '陳偉勝', '跨文化印度主廚', '陳偉勝老師是印度籍華人，父親在印度經營一家頗富盛名的中餐廳，自小就在廚房穿梭，尤其喜愛到各印度鄰家廚房流連，看印度媽媽做菜，這一道道色香味美的印度料理，和如何運用香料的迷人手法，激發其學習並立志成為一位廚師。2008到巴黎藍帶廚藝學員進修，來台後，延續對料理的熱愛，擔任餐廳主廚和鑽研多國及健康取向的料理，希望以烹飪教學推廣簡單又美味的印度料理。', '餐廳主廚', '中餐乙級證照、西餐乙級證照', 'lecturer14.jpg', 3, 1),
(15, '黃景龍', '國際美食創新教育家', '現任臺北城市科技大學餐飲管理系助理教授，亦是海外巡演與美食研習班的特聘講師。他專長於烹飪技術與餐飲管理，結合理論與實務經驗，推動創新教學方法。此外，他還參與多國美食文化的交流與研究，致力於融合東西方烹飪精髓，創造出具有國際視野的菜餚。他的課程不僅涵蓋技術訓練，更重視培養學生的創新思維與領導能力，使學生能在全球化的餐飲產業中脫穎而出。', '臺北城市科技大學餐飲管理系助理教授、海外巡演及美食研習班特聘講師', '中餐乙級證照、西餐乙級證照', 'lecturer15.jpg', 3, 1),
(16, '雷廣隆', '泰式料理推廣家', '在泰國清邁土生土長、娶了泰國妻子的華僑雷廣隆，非常熱愛廚藝，在清邁和母親學會了許多家常菜。六年前來臺，在泰國辦事處工作，日常愛逛市場、深入了解台灣食材，辦事處同仁都說，想吃家鄉味就找雷廣隆，其以台灣食材做出最道地泰式口味的手藝，備受親朋好友及泰籍友人好評。經常教做菜的雷老師，希望藉由教學，來分享推廣泰式料理，教大家如何在日常生活，更會運用泰國香料和醬料。', '泰美味料理工作室創辦人', '中餐乙級證照、西餐乙級證照', 'lecturer16.jpg', 3, 1),
(17, '徐孟楷', '藍帶漢堡創辦人', '16年前，徐孟楷老師遠赴澳洲藍帶學院取經，進修9個月，光學費就要新台幣80萬元左右，透過極度嚴格的訓練琢磨廚藝，因為他不只要當廚師，更要成為頂尖的餐飲經營者。回國後自創品牌，將國外相當風行的中東漢堡「沙威瑪」，結合藍帶廚藝，成為獨樹一幟的「都拿其堡」（Doner Kebab）。', '澳洲藍帶學院畢業、都拿其堡餐廳創辦人', '西餐乙級證照、西餐丙級證照', 'lecturer17.jpg', 2, 1),
(18, '張振名', '資深酒家菜師傅', '13歲入行，在台北黑美人等知名酒店學酒家菜，後被有國寶級總舖師之譽的林添盛師傅延攬，進入其團隊，是少數同時擁有酒家菜和辦桌菜手藝的老師傅。', '黑美人飯店總鋪師', '中餐乙級證照、中餐丙級證照', 'lecturer18.jpg', 1, 1),
(19, '黃迺恆', '五星級藍帶主廚', '從小愛吃、愛下廚的黃迺恆老師，大學就讀景文科大餐飲專科，2013年赴澳洲雪梨就讀藍帶餐飲管理學院一年半、上到第四級〈共五級〉，結業後服務於雪梨最大的餐飲集團the merivale旗下的一頂帽子餐廳felix、及五星級觀光酒店the langham Sydney。', '藍帶餐飲管理學院畢業、一頂帽子餐廳主廚', '西餐乙級證照、西餐丙級證照', 'lecturer19.jpg', 2, 1),
(20, '盧華黔', '多元料理專業講師', '實務與學術經驗豐富的黃迺恆老師，同時是講師、廚師、調酒師，曾在進口食品公司任職、任景文科技大學專業講師、高雄餐旅學院飲料調酒客座講師等經歷。在國外期間，自己經常下廚請外國朋友，練就一身中式家常菜的手藝；回台後，發覺不管是精打細算的小資族、新嫁娘、新手媽媽等朋友，都想學做菜了，因此，他開始在家裡教，但沒想到參加的人越來越多，自己家裡擠不下了。', '景文科技大學專業講師、高雄餐旅學院飲料調酒客座講師', '中餐乙級證照、中餐丙級證照', 'lecturer20.jpg', 3, 1),
(21, '吳武憲', '太陽之手', '在烘焙界有「太陽之手」〈出自漫畫「烘焙王」，意喻手溫高於常人，做出更好吃的麵包〉美譽的吳武憲師傅，2022年3月擔任總教練，讓台灣首次拿下有「烘焙界奧運」之稱的法國路易樂斯福世界盃麵包大賽團體賽冠軍，振奮台灣烘焙業。', '超過二十年烘培經驗、法國路易樂斯福世界盃麵包大賽指導教練', '西餐乙級證照、點心乙級證照', 'lecturer21.jpeg', 2, 1),
(22, '林聖智', '新創蔬食推廣家', '今年27歲、畢業於佛光大學健康與創意蔬食產業學系的林聖智老師，年紀輕輕就取得中餐素食乙級，和Haccp食品安全、西餐、麵食、西點、烘焙等12張證照，且參加國、內外廚藝競賽得獎無數，是蔬食素食界實力堅強的後起之秀。專研素食、創作素食的他，兩年多來在廚藝教學，獲得許多學員的肯定和讚賞，走出一條新創蔬食之路。', '蔬活料理教室講師', '中餐素食乙級、西餐、麵食、西點、烘焙等12張證照', 'lecturer22.jpg', 5, 1),
(23, '顏文生', '青年廚藝刀工冠軍', '今年27歲的顏文生老師，16歲開始對廚藝有興趣，尤其對砍、剁、劃、拍等刀功著迷，18歲以高中生身分和大學、青年廚師競爭，在六協杯亞洲青年廚師刀工及廚藝賽，取得銅牌，闖出名號。報考國立高雄餐旅大學研究所，以榜首之資入學。持續對刀工認真鍛鍊、講究刀韻，在數多廚藝競賽奪冠，是師長眼中「第一把」。目前任職普門中學高職部餐飲管理科，葷、素的家常和宴客料理皆擅長，除了刀工，對於菜品創新和烹飪技巧都有獨到見解。', '高雄餐旅大學研究所、普門中學高職部餐飲管理科老師', '西餐乙級證照、中餐乙級證照', 'lecturer23.jpg', 1, 1),
(24, '何金源', '知名中式點心作家', '中式點心主廚、台灣觀光學院餐飲系副教授級專業技術講師，曾出版「皮薄肉餡小籠包」「健康養生中式點心」「愛上米食-從認識稻米到做出美味米食料理等」多本中式點心食譜書。', '中式點心主廚、台灣觀光學院餐飲系副教授級專業技術講師', '點心乙級證照、中餐乙級證照', 'lecturer24.jpg', 4, 1),
(25, '張華九', '川湘飯店名廚', '民國七十年代，擔任來來飯店〈喜來登飯店前身〉行政主廚的張華九師傅，可說是第一代的飯店名廚，以川湘料理見長、餐飲界人人尊稱九哥的華九師，當年所帶動的料理嘗試及飲食風潮，至今仍讓老饕傳頌。飯店退休後在職訓局教學及擔任國家評審，不但其家族出了多位主廚，還擁有無數徒子徒孫。如今華九師想來廚藝教室傳承快要失傳的老菜，並分享大廚們私下聚會比菜的創意吃法。', '來來飯店行政主廚、職訓局講師', '西餐乙級證照、中餐乙級證照', 'lecturer25.jpg', 1, 1),
(26, '葉宸', '正宗義式料理達人', '葉宸老師在台念餐飲專科7年，曾到西班牙遊學、在Barcelona cooking school等餐廳體驗，曾任歐傑洛義式餐廳廚師、歐奇窯烤比薩廚師，料理經驗 15年、廚藝教學 5年，熱愛學習不同的烹調技巧與添增風味的秘方，是熱情認真的年輕一代廚師。', '歐傑洛義式餐廳廚師、歐奇窯烤比薩廚師', '西餐乙級證照、西餐丙級證照', 'lecturer26.jpg', 2, 1),
(27, '吳國棟', '江浙廚神傳人', '吳國棟師傅年少入行，師承第一代亞洲廚神、江浙菜名廚許堂仁、和榮榮園大廚黃呈郎阿洛師。在60年代知名的江浙餐廳，都有他學藝的經歷，後被延攬到福華飯店。擔任台北、高雄江南春主廚20多年，因手藝精湛，許多達官貴人、名人名流回味江浙菜老味道，就一定指名國棟師掌廚。', '福華飯店、江南春飯店主廚', '中餐乙級證照、中餐丙級證照', 'lecturer27.jpg', 1, 1);

-- --------------------------------------------------------

--
-- 資料表結構 `speaker_categories`
--

CREATE TABLE `speaker_categories` (
  `speaker_cate_id` int(10) NOT NULL,
  `speaker_cate_name` varchar(55) NOT NULL
) ENGINE=InnoDB DEFAULT CHARSET=utf8 COLLATE=utf8_general_ci;

--
-- 傾印資料表的資料 `speaker_categories`
--

INSERT INTO `speaker_categories` (`speaker_cate_id`, `speaker_cate_name`) VALUES
(1, '中式料理'),
(2, '西式料理'),
(3, '異國風味'),
(4, '療癒點心'),
(5, '健康蔬食');

--
-- 已傾印資料表的索引
--

--
-- 資料表索引 `class`
--
ALTER TABLE `class`
  ADD PRIMARY KEY (`class__i_d`);

--
-- 資料表索引 `class_categories`
--
ALTER TABLE `class_categories`
  ADD PRIMARY KEY (`class_cate__i_d`);

--
-- 資料表索引 `class_image`
--
ALTER TABLE `class_image`
  ADD PRIMARY KEY (`image__i_d`);

--
-- 資料表索引 `coupons`
--
ALTER TABLE `coupons`
  ADD PRIMARY KEY (`coupon__i_d`);

--
-- 資料表索引 `example`
--
ALTER TABLE `example`
  ADD PRIMARY KEY (`id`);

--
-- 資料表索引 `favor_class`
--
ALTER TABLE `favor_class`
  ADD PRIMARY KEY (`id`);

--
-- 資料表索引 `favor_product`
--
ALTER TABLE `favor_product`
  ADD PRIMARY KEY (`id`);

--
-- 資料表索引 `favor_recipe`
--
ALTER TABLE `favor_recipe`
  ADD PRIMARY KEY (`id`);

--
-- 資料表索引 `google_member`
--
ALTER TABLE `google_member`
  ADD PRIMARY KEY (`id`),
  ADD UNIQUE KEY `email` (`email`);

--
-- 資料表索引 `line_member`
--
ALTER TABLE `line_member`
  ADD PRIMARY KEY (`id`);

--
-- 資料表索引 `member`
--
ALTER TABLE `member`
  ADD PRIMARY KEY (`id`),
  ADD UNIQUE KEY `account` (`account`);

--
-- 資料表索引 `member_update`
--
ALTER TABLE `member_update`
  ADD PRIMARY KEY (`id`);

--
-- 資料表索引 `orders`
--
ALTER TABLE `orders`
  ADD PRIMARY KEY (`order_id`);

--
-- 資料表索引 `orders2`
--
ALTER TABLE `orders2`
  ADD PRIMARY KEY (`id`);

--
-- 資料表索引 `orders_detail`
--
ALTER TABLE `orders_detail`
  ADD PRIMARY KEY (`order__item_id`);

--
-- 資料表索引 `product`
--
ALTER TABLE `product`
  ADD PRIMARY KEY (`id`);

--
-- 資料表索引 `product_categories`
--
ALTER TABLE `product_categories`
  ADD PRIMARY KEY (`id`);

--
-- 資料表索引 `product_image`
--
ALTER TABLE `product_image`
  ADD PRIMARY KEY (`id`);

--
-- 資料表索引 `product_review`
--
ALTER TABLE `product_review`
  ADD PRIMARY KEY (`id`);

--
-- 資料表索引 `recipe`
--
ALTER TABLE `recipe`
  ADD PRIMARY KEY (`recipe__i_d`);

--
-- 資料表索引 `recipe_categories`
--
ALTER TABLE `recipe_categories`
  ADD PRIMARY KEY (`recipe_cate__i_d`);

--
-- 資料表索引 `recipe_related_products`
--
ALTER TABLE `recipe_related_products`
  ADD PRIMARY KEY (`related__products__i_d`);

--
-- 資料表索引 `speaker`
--
ALTER TABLE `speaker`
  ADD PRIMARY KEY (`speaker_id`);

--
-- 資料表索引 `speaker_categories`
--
ALTER TABLE `speaker_categories`
  ADD PRIMARY KEY (`speaker_cate_id`);

--
-- 在傾印的資料表使用自動遞增(AUTO_INCREMENT)
--

--
-- 使用資料表自動遞增(AUTO_INCREMENT) `class`
--
ALTER TABLE `class`
  MODIFY `class__i_d` int(5) NOT NULL AUTO_INCREMENT, AUTO_INCREMENT=24;

--
-- 使用資料表自動遞增(AUTO_INCREMENT) `class_categories`
--
ALTER TABLE `class_categories`
  MODIFY `class_cate__i_d` int(5) NOT NULL AUTO_INCREMENT, AUTO_INCREMENT=7;

--
-- 使用資料表自動遞增(AUTO_INCREMENT) `class_image`
--
ALTER TABLE `class_image`
  MODIFY `image__i_d` int(5) NOT NULL AUTO_INCREMENT, AUTO_INCREMENT=65;

--
-- 使用資料表自動遞增(AUTO_INCREMENT) `coupons`
--
ALTER TABLE `coupons`
  MODIFY `coupon__i_d` int(11) NOT NULL AUTO_INCREMENT, AUTO_INCREMENT=111;

--
-- 使用資料表自動遞增(AUTO_INCREMENT) `example`
--
ALTER TABLE `example`
  MODIFY `id` int(11) NOT NULL AUTO_INCREMENT, AUTO_INCREMENT=5;

--
-- 使用資料表自動遞增(AUTO_INCREMENT) `favor_class`
--
ALTER TABLE `favor_class`
  MODIFY `id` int(11) NOT NULL AUTO_INCREMENT, AUTO_INCREMENT=9;

--
-- 使用資料表自動遞增(AUTO_INCREMENT) `favor_product`
--
ALTER TABLE `favor_product`
  MODIFY `id` int(11) NOT NULL AUTO_INCREMENT, AUTO_INCREMENT=6;

--
-- 使用資料表自動遞增(AUTO_INCREMENT) `favor_recipe`
--
ALTER TABLE `favor_recipe`
  MODIFY `id` int(11) NOT NULL AUTO_INCREMENT, AUTO_INCREMENT=6;

--
-- 使用資料表自動遞增(AUTO_INCREMENT) `google_member`
--
ALTER TABLE `google_member`
  MODIFY `id` int(10) NOT NULL AUTO_INCREMENT;

--
-- 使用資料表自動遞增(AUTO_INCREMENT) `line_member`
--
ALTER TABLE `line_member`
  MODIFY `id` int(10) NOT NULL AUTO_INCREMENT;

--
-- 使用資料表自動遞增(AUTO_INCREMENT) `member`
--
ALTER TABLE `member`
  MODIFY `id` int(10) NOT NULL AUTO_INCREMENT, AUTO_INCREMENT=121;

--
-- 使用資料表自動遞增(AUTO_INCREMENT) `member_update`
--
ALTER TABLE `member_update`
  MODIFY `id` int(10) NOT NULL AUTO_INCREMENT;

--
-- 使用資料表自動遞增(AUTO_INCREMENT) `orders_detail`
--
ALTER TABLE `orders_detail`
  MODIFY `order__item_id` int(10) NOT NULL AUTO_INCREMENT, AUTO_INCREMENT=4;

--
-- 使用資料表自動遞增(AUTO_INCREMENT) `product`
--
ALTER TABLE `product`
  MODIFY `id` int(11) NOT NULL AUTO_INCREMENT, AUTO_INCREMENT=356;

--
-- 使用資料表自動遞增(AUTO_INCREMENT) `product_categories`
--
ALTER TABLE `product_categories`
  MODIFY `id` int(11) NOT NULL AUTO_INCREMENT, AUTO_INCREMENT=24;

--
-- 使用資料表自動遞增(AUTO_INCREMENT) `product_image`
--
ALTER TABLE `product_image`
  MODIFY `id` int(11) NOT NULL AUTO_INCREMENT, AUTO_INCREMENT=466;

--
-- 使用資料表自動遞增(AUTO_INCREMENT) `product_review`
--
ALTER TABLE `product_review`
  MODIFY `id` int(11) NOT NULL AUTO_INCREMENT, AUTO_INCREMENT=482;

--
-- 使用資料表自動遞增(AUTO_INCREMENT) `recipe`
--
ALTER TABLE `recipe`
  MODIFY `recipe__i_d` int(11) NOT NULL AUTO_INCREMENT, AUTO_INCREMENT=61;

--
-- 使用資料表自動遞增(AUTO_INCREMENT) `recipe_categories`
--
ALTER TABLE `recipe_categories`
  MODIFY `recipe_cate__i_d` int(11) NOT NULL AUTO_INCREMENT, AUTO_INCREMENT=7;

--
-- 使用資料表自動遞增(AUTO_INCREMENT) `recipe_related_products`
--
ALTER TABLE `recipe_related_products`
  MODIFY `related__products__i_d` int(11) NOT NULL AUTO_INCREMENT, AUTO_INCREMENT=35;

--
-- 使用資料表自動遞增(AUTO_INCREMENT) `speaker`
--
ALTER TABLE `speaker`
  MODIFY `speaker_id` int(10) NOT NULL AUTO_INCREMENT, AUTO_INCREMENT=28;

--
-- 使用資料表自動遞增(AUTO_INCREMENT) `speaker_categories`
--
ALTER TABLE `speaker_categories`
  MODIFY `speaker_cate_id` int(10) NOT NULL AUTO_INCREMENT, AUTO_INCREMENT=6;
COMMIT;

/*!40101 SET CHARACTER_SET_CLIENT=@OLD_CHARACTER_SET_CLIENT */;
/*!40101 SET CHARACTER_SET_RESULTS=@OLD_CHARACTER_SET_RESULTS */;
/*!40101 SET COLLATION_CONNECTION=@OLD_COLLATION_CONNECTION */;
